year,spatial_unit,age,nat,sex,n_jan,births,hist_imm_nat_n,hist_imm_int_n,hist_imm_sub_n,hist_emi_sub_n
2022,1,0,ch,m,0,480,8,1,8,24
2022,1,1,ch,m,552,0,17,2,37,62
2022,1,2,ch,m,526,0,23,3,29,38
2022,1,3,ch,m,501,0,7,3,20,35
2022,1,4,ch,m,478,0,7,5,18,30
2022,1,5,ch,m,464,0,8,0,11,21
2022,1,6,ch,m,464,0,4,2,8,9
2022,1,7,ch,m,465,0,5,3,11,14
2022,1,8,ch,m,469,0,5,3,7,8
2022,1,9,ch,m,453,0,7,5,8,9
2022,1,10,ch,m,449,0,2,0,3,7
2022,1,11,ch,m,482,0,1,1,5,4
2022,1,12,ch,m,476,0,4,1,5,7
2022,1,13,ch,m,478,0,3,2,6,7
2022,1,14,ch,m,451,0,2,0,9,6
2022,1,15,ch,m,450,0,4,3,4,5
2022,1,16,ch,m,470,0,0,1,7,8
2022,1,17,ch,m,451,0,0,0,8,9
2022,1,18,ch,m,466,0,5,1,5,13
2022,1,19,ch,m,471,0,4,3,12,10
2022,1,20,ch,m,451,0,6,1,15,24
2022,1,21,ch,m,481,0,11,0,36,22
2022,1,22,ch,m,524,0,16,3,34,37
2022,1,23,ch,m,520,0,26,4,63,43
2022,1,24,ch,m,630,0,19,1,77,61
2022,1,25,ch,m,589,0,31,2,83,64
2022,1,26,ch,m,719,0,34,2,106,76
2022,1,27,ch,m,683,0,43,5,99,77
2022,1,28,ch,m,679,0,47,2,88,69
2022,1,29,ch,m,810,0,46,1,84,60
2022,1,30,ch,m,857,0,47,2,75,87
2022,1,31,ch,m,803,0,49,1,58,76
2022,1,32,ch,m,823,0,39,1,51,85
2022,1,33,ch,m,779,0,34,4,58,89
2022,1,34,ch,m,779,0,42,1,34,68
2022,1,35,ch,m,719,0,20,2,36,59
2022,1,36,ch,m,784,0,28,0,39,63
2022,1,37,ch,m,682,0,18,1,29,45
2022,1,38,ch,m,750,0,17,3,33,48
2022,1,39,ch,m,694,0,19,3,21,43
2022,1,40,ch,m,659,0,22,1,20,40
2022,1,41,ch,m,652,0,15,2,20,32
2022,1,42,ch,m,607,0,7,3,12,27
2022,1,43,ch,m,633,0,13,1,19,17
2022,1,44,ch,m,551,0,11,1,11,17
2022,1,45,ch,m,560,0,7,1,17,21
2022,1,46,ch,m,518,0,11,1,15,27
2022,1,47,ch,m,570,0,4,3,12,12
2022,1,48,ch,m,579,0,13,0,14,16
2022,1,49,ch,m,596,0,9,4,8,17
2022,1,50,ch,m,599,0,11,3,10,11
2022,1,51,ch,m,649,0,8,3,10,17
2022,1,52,ch,m,646,0,5,0,15,13
2022,1,53,ch,m,612,0,5,2,21,13
2022,1,54,ch,m,700,0,8,0,7,17
2022,1,55,ch,m,708,0,2,2,7,15
2022,1,56,ch,m,740,0,9,5,7,11
2022,1,57,ch,m,683,0,5,1,14,10
2022,1,58,ch,m,719,0,13,4,10,12
2022,1,59,ch,m,709,0,9,2,10,16
2022,1,60,ch,m,692,0,1,1,7,8
2022,1,61,ch,m,719,0,4,0,8,12
2022,1,62,ch,m,667,0,7,1,6,7
2022,1,63,ch,m,645,0,5,3,6,11
2022,1,64,ch,m,610,0,4,2,6,10
2022,1,65,ch,m,598,0,8,1,6,8
2022,1,66,ch,m,586,0,8,1,10,4
2022,1,67,ch,m,608,0,8,2,6,7
2022,1,68,ch,m,555,0,4,0,8,8
2022,1,69,ch,m,518,0,2,0,0,5
2022,1,70,ch,m,517,0,3,2,6,4
2022,1,71,ch,m,476,0,5,1,3,5
2022,1,72,ch,m,458,0,2,2,2,2
2022,1,73,ch,m,456,0,1,1,6,2
2022,1,74,ch,m,458,0,1,0,1,4
2022,1,75,ch,m,491,0,4,0,9,1
2022,1,76,ch,m,469,0,0,1,7,4
2022,1,77,ch,m,465,0,2,0,3,2
2022,1,78,ch,m,415,0,1,1,3,3
2022,1,79,ch,m,416,0,1,0,7,2
2022,1,80,ch,m,402,0,3,0,1,4
2022,1,81,ch,m,366,0,2,0,3,1
2022,1,82,ch,m,268,0,2,0,4,4
2022,1,83,ch,m,281,0,0,2,5,0
2022,1,84,ch,m,267,0,1,0,3,2
2022,1,85,ch,m,226,0,0,0,3,1
2022,1,86,ch,m,198,0,1,0,4,1
2022,1,87,ch,m,184,0,6,0,3,1
2022,1,88,ch,m,185,0,1,0,1,1
2022,1,89,ch,m,148,0,1,0,0,1
2022,1,90,ch,m,140,0,1,0,1,2
2022,1,91,ch,m,112,0,0,0,5,3
2022,1,92,ch,m,94,0,0,0,0,0
2022,1,93,ch,m,68,0,0,0,2,0
2022,1,94,ch,m,57,0,0,0,1,3
2022,1,95,ch,m,40,0,0,0,0,0
2022,1,96,ch,m,21,0,0,0,0,0
2022,1,97,ch,m,12,0,0,0,0,1
2022,1,98,ch,m,7,0,1,0,0,0
2022,1,99,ch,m,9,0,0,0,0,0
2022,1,100,ch,m,10,0,0,0,0,0
2022,1,0,ch,f,0,454,10,3,9,16
2022,1,1,ch,f,544,0,10,3,26,61
2022,1,2,ch,f,477,0,14,5,22,45
2022,1,3,ch,f,434,0,11,5,18,34
2022,1,4,ch,f,462,0,7,3,19,28
2022,1,5,ch,f,455,0,6,1,15,14
2022,1,6,ch,f,425,0,4,2,6,8
2022,1,7,ch,f,498,0,3,0,6,6
2022,1,8,ch,f,432,0,4,2,6,9
2022,1,9,ch,f,404,0,3,1,6,3
2022,1,10,ch,f,450,0,0,1,6,7
2022,1,11,ch,f,452,0,1,1,3,3
2022,1,12,ch,f,464,0,4,2,5,6
2022,1,13,ch,f,421,0,4,0,5,3
2022,1,14,ch,f,450,0,3,2,5,4
2022,1,15,ch,f,417,0,1,0,8,11
2022,1,16,ch,f,424,0,4,1,7,13
2022,1,17,ch,f,465,0,4,0,7,7
2022,1,18,ch,f,437,0,6,3,10,13
2022,1,19,ch,f,459,0,4,1,21,16
2022,1,20,ch,f,457,0,10,1,39,16
2022,1,21,ch,f,459,0,22,0,42,38
2022,1,22,ch,f,536,0,20,2,54,44
2022,1,23,ch,f,560,0,27,1,78,65
2022,1,24,ch,f,567,0,36,3,93,61
2022,1,25,ch,f,626,0,50,1,106,79
2022,1,26,ch,f,722,0,57,0,100,72
2022,1,27,ch,f,764,0,36,3,104,92
2022,1,28,ch,f,764,0,54,0,79,97
2022,1,29,ch,f,749,0,64,1,57,61
2022,1,30,ch,f,817,0,53,0,65,79
2022,1,31,ch,f,796,0,43,3,61,90
2022,1,32,ch,f,794,0,36,5,57,81
2022,1,33,ch,f,720,0,20,4,37,62
2022,1,34,ch,f,711,0,27,0,45,59
2022,1,35,ch,f,708,0,31,3,31,58
2022,1,36,ch,f,658,0,17,4,37,46
2022,1,37,ch,f,656,0,18,2,31,42
2022,1,38,ch,f,613,0,19,2,17,30
2022,1,39,ch,f,635,0,7,1,10,32
2022,1,40,ch,f,646,0,18,3,20,21
2022,1,41,ch,f,601,0,14,2,11,23
2022,1,42,ch,f,571,0,14,0,12,16
2022,1,43,ch,f,564,0,9,5,10,15
2022,1,44,ch,f,565,0,9,1,13,10
2022,1,45,ch,f,582,0,11,0,8,16
2022,1,46,ch,f,649,0,5,2,9,10
2022,1,47,ch,f,592,0,9,0,13,12
2022,1,48,ch,f,551,0,6,2,9,8
2022,1,49,ch,f,572,0,6,1,8,14
2022,1,50,ch,f,585,0,2,1,14,15
2022,1,51,ch,f,650,0,6,2,19,21
2022,1,52,ch,f,664,0,3,1,16,18
2022,1,53,ch,f,671,0,6,0,13,10
2022,1,54,ch,f,763,0,4,1,18,15
2022,1,55,ch,f,726,0,5,1,13,16
2022,1,56,ch,f,773,0,8,2,17,21
2022,1,57,ch,f,738,0,8,1,10,19
2022,1,58,ch,f,782,0,4,3,15,14
2022,1,59,ch,f,786,0,4,0,17,15
2022,1,60,ch,f,712,0,3,1,15,13
2022,1,61,ch,f,712,0,7,0,13,17
2022,1,62,ch,f,689,0,9,1,5,12
2022,1,63,ch,f,690,0,6,0,11,7
2022,1,64,ch,f,696,0,7,0,13,9
2022,1,65,ch,f,725,0,6,1,9,9
2022,1,66,ch,f,662,0,4,1,8,6
2022,1,67,ch,f,601,0,6,1,9,8
2022,1,68,ch,f,624,0,1,0,5,6
2022,1,69,ch,f,592,0,3,0,8,7
2022,1,70,ch,f,601,0,5,0,9,8
2022,1,71,ch,f,565,0,3,0,3,3
2022,1,72,ch,f,596,0,4,0,7,0
2022,1,73,ch,f,577,0,4,0,5,7
2022,1,74,ch,f,566,0,2,1,9,7
2022,1,75,ch,f,562,0,5,0,7,9
2022,1,76,ch,f,601,0,2,0,8,3
2022,1,77,ch,f,556,0,5,0,6,6
2022,1,78,ch,f,571,0,3,1,5,1
2022,1,79,ch,f,555,0,2,2,7,2
2022,1,80,ch,f,508,0,1,2,5,3
2022,1,81,ch,f,438,0,4,0,5,1
2022,1,82,ch,f,401,0,4,1,2,5
2022,1,83,ch,f,397,0,2,0,4,1
2022,1,84,ch,f,370,0,3,1,6,2
2022,1,85,ch,f,340,0,3,0,5,3
2022,1,86,ch,f,355,0,1,0,7,3
2022,1,87,ch,f,321,0,1,1,5,7
2022,1,88,ch,f,294,0,2,0,2,1
2022,1,89,ch,f,262,0,2,0,6,4
2022,1,90,ch,f,251,0,1,0,1,5
2022,1,91,ch,f,189,0,1,0,3,4
2022,1,92,ch,f,207,0,0,0,4,3
2022,1,93,ch,f,173,0,0,0,2,1
2022,1,94,ch,f,137,0,0,0,3,3
2022,1,95,ch,f,96,0,0,0,1,1
2022,1,96,ch,f,74,0,0,0,0,1
2022,1,97,ch,f,56,0,0,0,0,0
2022,1,98,ch,f,44,0,1,0,1,1
2022,1,99,ch,f,31,0,0,0,0,0
2022,1,100,ch,f,47,0,0,0,1,0
2022,1,0,int,m,0,214,4,6,4,4
2022,1,1,int,m,240,0,1,12,10,10
2022,1,2,int,m,204,0,1,14,7,12
2022,1,3,int,m,221,0,3,16,9,10
2022,1,4,int,m,223,0,4,19,8,8
2022,1,5,int,m,225,0,4,13,5,13
2022,1,6,int,m,264,0,3,9,5,6
2022,1,7,int,m,227,0,4,10,5,9
2022,1,8,int,m,232,0,3,11,6,8
2022,1,9,int,m,238,0,1,12,5,5
2022,1,10,int,m,250,0,3,6,6,7
2022,1,11,int,m,230,0,2,12,4,5
2022,1,12,int,m,197,0,1,7,2,3
2022,1,13,int,m,191,0,1,8,6,5
2022,1,14,int,m,229,0,1,9,4,2
2022,1,15,int,m,194,0,2,7,4,9
2022,1,16,int,m,200,0,2,8,7,8
2022,1,17,int,m,202,0,0,7,13,13
2022,1,18,int,m,161,0,5,5,27,17
2022,1,19,int,m,152,0,3,7,13,7
2022,1,20,int,m,176,0,1,7,15,15
2022,1,21,int,m,161,0,5,13,20,10
2022,1,22,int,m,166,0,13,21,35,28
2022,1,23,int,m,173,0,16,33,26,26
2022,1,24,int,m,197,0,11,37,32,20
2022,1,25,int,m,253,0,19,50,42,36
2022,1,26,int,m,275,0,24,44,44,30
2022,1,27,int,m,296,0,23,32,55,32
2022,1,28,int,m,316,0,26,46,53,33
2022,1,29,int,m,379,0,33,44,38,51
2022,1,30,int,m,367,0,29,45,47,37
2022,1,31,int,m,427,0,31,39,48,42
2022,1,32,int,m,460,0,29,59,47,42
2022,1,33,int,m,469,0,31,44,38,37
2022,1,34,int,m,465,0,34,42,34,40
2022,1,35,int,m,462,0,30,48,39,43
2022,1,36,int,m,450,0,28,34,31,37
2022,1,37,int,m,433,0,18,38,30,39
2022,1,38,int,m,476,0,18,35,30,22
2022,1,39,int,m,454,0,21,34,21,29
2022,1,40,int,m,473,0,20,33,27,29
2022,1,41,int,m,463,0,10,23,24,34
2022,1,42,int,m,462,0,17,29,21,26
2022,1,43,int,m,409,0,20,21,27,19
2022,1,44,int,m,416,0,16,12,15,24
2022,1,45,int,m,413,0,17,17,23,22
2022,1,46,int,m,418,0,11,16,17,15
2022,1,47,int,m,396,0,8,25,8,18
2022,1,48,int,m,352,0,9,14,14,14
2022,1,49,int,m,386,0,7,12,13,19
2022,1,50,int,m,331,0,10,10,21,8
2022,1,51,int,m,341,0,6,6,8,11
2022,1,52,int,m,296,0,10,10,15,9
2022,1,53,int,m,311,0,1,21,13,11
2022,1,54,int,m,315,0,6,16,9,12
2022,1,55,int,m,304,0,3,9,7,10
2022,1,56,int,m,296,0,4,11,14,13
2022,1,57,int,m,341,0,4,5,9,11
2022,1,58,int,m,302,0,5,6,8,11
2022,1,59,int,m,291,0,3,10,9,6
2022,1,60,int,m,278,0,1,3,7,11
2022,1,61,int,m,220,0,3,2,6,6
2022,1,62,int,m,234,0,5,1,2,7
2022,1,63,int,m,197,0,3,2,5,2
2022,1,64,int,m,183,0,3,3,1,1
2022,1,65,int,m,151,0,3,0,4,4
2022,1,66,int,m,138,0,2,2,4,2
2022,1,67,int,m,140,0,1,0,2,2
2022,1,68,int,m,120,0,0,0,1,2
2022,1,69,int,m,116,0,0,1,1,1
2022,1,70,int,m,99,0,1,1,1,2
2022,1,71,int,m,97,0,1,1,3,1
2022,1,72,int,m,115,0,1,0,1,1
2022,1,73,int,m,89,0,1,0,2,0
2022,1,74,int,m,95,0,0,0,1,1
2022,1,75,int,m,77,0,2,0,0,0
2022,1,76,int,m,89,0,0,0,1,2
2022,1,77,int,m,70,0,0,0,1,1
2022,1,78,int,m,77,0,0,0,0,1
2022,1,79,int,m,70,0,0,0,0,0
2022,1,80,int,m,68,0,0,0,0,1
2022,1,81,int,m,59,0,0,0,1,1
2022,1,82,int,m,71,0,0,0,1,0
2022,1,83,int,m,53,0,0,0,0,0
2022,1,84,int,m,48,0,0,0,0,0
2022,1,85,int,m,37,0,0,1,0,0
2022,1,86,int,m,37,0,1,0,0,0
2022,1,87,int,m,26,0,1,0,2,0
2022,1,88,int,m,20,0,0,0,0,0
2022,1,89,int,m,16,0,0,0,0,0
2022,1,90,int,m,7,0,0,0,0,0
2022,1,91,int,m,9,0,0,0,0,0
2022,1,92,int,m,4,0,0,0,0,0
2022,1,93,int,m,7,0,0,0,0,0
2022,1,94,int,m,4,0,0,0,1,0
2022,1,95,int,m,3,0,0,0,0,0
2022,1,96,int,m,0,0,0,0,0,0
2022,1,97,int,m,3,0,0,0,0,0
2022,1,98,int,m,0,0,0,0,0,0
2022,1,99,int,m,1,0,0,0,0,0
2022,1,100,int,m,0,0,0,0,0,0
2022,1,0,int,f,0,142,3,1,4,2
2022,1,1,int,f,187,0,9,9,11,7
2022,1,2,int,f,219,0,6,14,8,14
2022,1,3,int,f,218,0,5,12,9,13
2022,1,4,int,f,217,0,5,16,8,9
2022,1,5,int,f,208,0,1,10,7,9
2022,1,6,int,f,212,0,4,12,8,9
2022,1,7,int,f,217,0,0,11,3,6
2022,1,8,int,f,233,0,0,8,1,8
2022,1,9,int,f,215,0,2,9,5,1
2022,1,10,int,f,201,0,4,4,5,7
2022,1,11,int,f,176,0,2,9,4,3
2022,1,12,int,f,218,0,2,10,5,10
2022,1,13,int,f,198,0,2,7,5,5
2022,1,14,int,f,179,0,1,10,4,7
2022,1,15,int,f,171,0,1,7,2,1
2022,1,16,int,f,173,0,3,9,7,5
2022,1,17,int,f,151,0,1,7,3,3
2022,1,18,int,f,149,0,6,6,7,8
2022,1,19,int,f,150,0,2,17,12,13
2022,1,20,int,f,142,0,3,11,15,13
2022,1,21,int,f,138,0,10,19,7,13
2022,1,22,int,f,152,0,7,18,20,22
2022,1,23,int,f,153,0,13,27,27,13
2022,1,24,int,f,180,0,19,42,25,14
2022,1,25,int,f,217,0,17,39,20,17
2022,1,26,int,f,220,0,20,27,33,41
2022,1,27,int,f,265,0,28,44,30,31
2022,1,28,int,f,300,0,26,33,37,29
2022,1,29,int,f,336,0,24,52,24,31
2022,1,30,int,f,371,0,28,39,36,36
2022,1,31,int,f,388,0,33,30,27,30
2022,1,32,int,f,394,0,23,31,22,22
2022,1,33,int,f,368,0,19,36,32,15
2022,1,34,int,f,431,0,10,26,23,32
2022,1,35,int,f,392,0,17,28,14,19
2022,1,36,int,f,412,0,15,24,16,19
2022,1,37,int,f,437,0,10,21,18,22
2022,1,38,int,f,445,0,14,20,23,29
2022,1,39,int,f,408,0,12,13,11,18
2022,1,40,int,f,408,0,12,17,10,13
2022,1,41,int,f,407,0,11,19,12,25
2022,1,42,int,f,388,0,6,22,18,17
2022,1,43,int,f,370,0,6,20,9,13
2022,1,44,int,f,388,0,3,13,10,16
2022,1,45,int,f,352,0,4,12,12,12
2022,1,46,int,f,354,0,7,10,7,3
2022,1,47,int,f,332,0,5,6,11,12
2022,1,48,int,f,326,0,2,7,5,13
2022,1,49,int,f,301,0,5,12,7,5
2022,1,50,int,f,308,0,7,13,7,8
2022,1,51,int,f,245,0,5,13,13,11
2022,1,52,int,f,282,0,5,9,10,5
2022,1,53,int,f,285,0,7,9,9,8
2022,1,54,int,f,251,0,3,9,14,10
2022,1,55,int,f,252,0,4,9,6,4
2022,1,56,int,f,258,0,7,8,7,5
2022,1,57,int,f,234,0,6,9,4,10
2022,1,58,int,f,226,0,3,6,5,2
2022,1,59,int,f,212,0,2,2,5,8
2022,1,60,int,f,197,0,2,6,2,5
2022,1,61,int,f,183,0,1,3,6,4
2022,1,62,int,f,196,0,1,3,4,2
2022,1,63,int,f,171,0,1,0,7,7
2022,1,64,int,f,147,0,5,3,2,0
2022,1,65,int,f,138,0,0,1,3,2
2022,1,66,int,f,124,0,3,0,1,3
2022,1,67,int,f,112,0,2,1,1,2
2022,1,68,int,f,114,0,0,1,2,0
2022,1,69,int,f,114,0,0,0,0,2
2022,1,70,int,f,101,0,0,0,3,1
2022,1,71,int,f,90,0,1,3,1,0
2022,1,72,int,f,95,0,2,2,0,2
2022,1,73,int,f,78,0,1,1,0,1
2022,1,74,int,f,90,0,0,0,3,0
2022,1,75,int,f,83,0,0,3,0,1
2022,1,76,int,f,66,0,0,0,1,1
2022,1,77,int,f,53,0,1,0,1,0
2022,1,78,int,f,58,0,0,1,0,0
2022,1,79,int,f,57,0,1,0,0,1
2022,1,80,int,f,55,0,0,0,0,0
2022,1,81,int,f,57,0,0,0,0,0
2022,1,82,int,f,71,0,1,0,0,1
2022,1,83,int,f,55,0,0,0,3,2
2022,1,84,int,f,61,0,0,1,1,0
2022,1,85,int,f,53,0,1,0,1,1
2022,1,86,int,f,31,0,1,0,0,0
2022,1,87,int,f,38,0,0,0,2,1
2022,1,88,int,f,22,0,1,0,0,0
2022,1,89,int,f,22,0,0,0,0,0
2022,1,90,int,f,16,0,0,1,0,0
2022,1,91,int,f,12,0,0,0,0,0
2022,1,92,int,f,9,0,0,0,0,0
2022,1,93,int,f,11,0,0,0,1,0
2022,1,94,int,f,9,0,0,0,1,0
2022,1,95,int,f,7,0,0,0,0,0
2022,1,96,int,f,4,0,0,0,0,0
2022,1,97,int,f,2,0,0,0,0,0
2022,1,98,int,f,2,0,0,0,0,0
2022,1,99,int,f,0,0,0,0,0,0
2022,1,100,int,f,1,0,0,0,0,0
2023,1,0,ch,m,0,473,7,0,8,28
2023,1,1,ch,m,461,0,14,2,30,44
2023,1,2,ch,m,540,0,20,0,33,35
2023,1,3,ch,m,518,0,9,0,26,31
2023,1,4,ch,m,488,0,8,1,17,25
2023,1,5,ch,m,477,0,5,3,14,22
2023,1,6,ch,m,466,0,7,0,10,14
2023,1,7,ch,m,463,0,4,1,7,10
2023,1,8,ch,m,471,0,9,2,8,10
2023,1,9,ch,m,477,0,4,3,7,9
2023,1,10,ch,m,465,0,1,0,3,5
2023,1,11,ch,m,451,0,1,1,7,4
2023,1,12,ch,m,489,0,5,1,9,7
2023,1,13,ch,m,479,0,4,0,6,8
2023,1,14,ch,m,490,0,2,0,7,6
2023,1,15,ch,m,467,0,3,0,5,9
2023,1,16,ch,m,463,0,3,0,3,6
2023,1,17,ch,m,472,0,2,1,5,8
2023,1,18,ch,m,463,0,2,1,11,11
2023,1,19,ch,m,466,0,7,4,6,7
2023,1,20,ch,m,475,0,9,0,25,18
2023,1,21,ch,m,437,0,9,1,36,24
2023,1,22,ch,m,498,0,13,4,44,29
2023,1,23,ch,m,519,0,22,4,67,34
2023,1,24,ch,m,552,0,32,1,77,44
2023,1,25,ch,m,642,0,33,3,87,61
2023,1,26,ch,m,604,0,51,6,91,56
2023,1,27,ch,m,746,0,46,4,104,66
2023,1,28,ch,m,706,0,44,2,80,65
2023,1,29,ch,m,698,0,37,2,73,61
2023,1,30,ch,m,837,0,53,6,74,83
2023,1,31,ch,m,837,0,39,7,74,80
2023,1,32,ch,m,789,0,44,5,66,75
2023,1,33,ch,m,797,0,31,1,53,67
2023,1,34,ch,m,758,0,37,2,56,74
2023,1,35,ch,m,756,0,27,1,43,59
2023,1,36,ch,m,685,0,25,4,39,49
2023,1,37,ch,m,758,0,23,2,18,32
2023,1,38,ch,m,669,0,18,3,22,40
2023,1,39,ch,m,739,0,16,1,30,54
2023,1,40,ch,m,682,0,19,3,16,33
2023,1,41,ch,m,659,0,14,2,13,30
2023,1,42,ch,m,643,0,15,0,20,28
2023,1,43,ch,m,592,0,15,1,10,18
2023,1,44,ch,m,639,0,7,1,20,23
2023,1,45,ch,m,558,0,9,6,16,11
2023,1,46,ch,m,562,0,10,1,15,19
2023,1,47,ch,m,515,0,4,0,14,14
2023,1,48,ch,m,574,0,3,3,12,7
2023,1,49,ch,m,586,0,8,1,7,16
2023,1,50,ch,m,607,0,8,2,8,18
2023,1,51,ch,m,601,0,6,1,10,13
2023,1,52,ch,m,651,0,7,2,13,18
2023,1,53,ch,m,645,0,8,2,11,14
2023,1,54,ch,m,625,0,9,0,14,18
2023,1,55,ch,m,682,0,3,3,23,12
2023,1,56,ch,m,699,0,8,2,7,18
2023,1,57,ch,m,746,0,10,2,15,17
2023,1,58,ch,m,684,0,15,3,13,9
2023,1,59,ch,m,721,0,9,1,11,11
2023,1,60,ch,m,700,0,11,3,14,11
2023,1,61,ch,m,681,0,6,1,11,14
2023,1,62,ch,m,706,0,7,1,4,8
2023,1,63,ch,m,660,0,7,0,7,11
2023,1,64,ch,m,639,0,2,1,11,13
2023,1,65,ch,m,599,0,3,0,12,15
2023,1,66,ch,m,586,0,2,1,6,8
2023,1,67,ch,m,587,0,1,1,7,8
2023,1,68,ch,m,595,0,3,1,4,7
2023,1,69,ch,m,547,0,8,0,6,3
2023,1,70,ch,m,499,0,2,0,5,8
2023,1,71,ch,m,511,0,0,1,6,6
2023,1,72,ch,m,463,0,1,1,5,7
2023,1,73,ch,m,452,0,3,0,4,4
2023,1,74,ch,m,450,0,1,1,3,3
2023,1,75,ch,m,449,0,1,2,5,5
2023,1,76,ch,m,490,0,1,0,5,7
2023,1,77,ch,m,461,0,2,0,6,0
2023,1,78,ch,m,451,0,4,1,7,4
2023,1,79,ch,m,399,0,6,0,2,3
2023,1,80,ch,m,403,0,1,0,4,6
2023,1,81,ch,m,385,0,3,0,3,3
2023,1,82,ch,m,351,0,0,0,4,3
2023,1,83,ch,m,251,0,1,0,6,4
2023,1,84,ch,m,273,0,1,0,1,1
2023,1,85,ch,m,241,0,0,1,1,1
2023,1,86,ch,m,217,0,0,0,4,1
2023,1,87,ch,m,181,0,1,0,2,0
2023,1,88,ch,m,173,0,0,0,2,2
2023,1,89,ch,m,161,0,1,0,2,1
2023,1,90,ch,m,127,0,0,0,2,0
2023,1,91,ch,m,121,0,1,0,1,2
2023,1,92,ch,m,102,0,2,0,2,2
2023,1,93,ch,m,74,0,0,0,2,1
2023,1,94,ch,m,52,0,0,1,0,0
2023,1,95,ch,m,42,0,0,0,3,1
2023,1,96,ch,m,30,0,0,0,0,0
2023,1,97,ch,m,13,0,0,0,0,0
2023,1,98,ch,m,9,0,0,0,0,0
2023,1,99,ch,m,7,0,0,0,0,0
2023,1,100,ch,m,15,0,0,0,0,0
2023,1,0,ch,f,0,471,9,0,6,14
2023,1,1,ch,f,451,0,17,1,24,38
2023,1,2,ch,f,510,0,13,4,20,26
2023,1,3,ch,f,457,0,9,3,21,24
2023,1,4,ch,f,423,0,11,1,20,23
2023,1,5,ch,f,457,0,8,2,8,13
2023,1,6,ch,f,461,0,7,0,10,13
2023,1,7,ch,f,429,0,0,2,5,6
2023,1,8,ch,f,501,0,9,2,4,6
2023,1,9,ch,f,434,0,1,3,2,9
2023,1,10,ch,f,419,0,4,3,4,4
2023,1,11,ch,f,449,0,2,0,5,7
2023,1,12,ch,f,457,0,3,4,12,13
2023,1,13,ch,f,480,0,2,1,9,9
2023,1,14,ch,f,427,0,1,1,7,2
2023,1,15,ch,f,458,0,1,1,10,6
2023,1,16,ch,f,422,0,4,2,8,14
2023,1,17,ch,f,430,0,4,1,13,11
2023,1,18,ch,f,472,0,5,1,15,17
2023,1,19,ch,f,449,0,5,3,19,9
2023,1,20,ch,f,468,0,14,1,35,27
2023,1,21,ch,f,477,0,20,0,41,30
2023,1,22,ch,f,472,0,16,2,55,43
2023,1,23,ch,f,548,0,36,2,70,41
2023,1,24,ch,f,579,0,42,5,99,58
2023,1,25,ch,f,624,0,48,0,93,63
2023,1,26,ch,f,670,0,45,3,96,91
2023,1,27,ch,f,756,0,68,3,86,85
2023,1,28,ch,f,761,0,42,6,90,86
2023,1,29,ch,f,745,0,49,1,90,77
2023,1,30,ch,f,747,0,47,3,58,73
2023,1,31,ch,f,799,0,52,3,63,79
2023,1,32,ch,f,774,0,36,2,53,65
2023,1,33,ch,f,771,0,40,2,34,66
2023,1,34,ch,f,697,0,30,1,41,69
2023,1,35,ch,f,702,0,28,3,35,54
2023,1,36,ch,f,689,0,21,5,21,38
2023,1,37,ch,f,651,0,20,4,22,25
2023,1,38,ch,f,651,0,17,0,17,31
2023,1,39,ch,f,610,0,9,3,27,31
2023,1,40,ch,f,620,0,10,2,27,30
2023,1,41,ch,f,647,0,9,0,13,20
2023,1,42,ch,f,600,0,11,4,15,20
2023,1,43,ch,f,589,0,11,2,9,9
2023,1,44,ch,f,563,0,6,4,5,19
2023,1,45,ch,f,567,0,5,0,16,14
2023,1,46,ch,f,586,0,2,1,11,14
2023,1,47,ch,f,653,0,5,4,6,12
2023,1,48,ch,f,600,0,5,1,18,7
2023,1,49,ch,f,557,0,3,0,14,12
2023,1,50,ch,f,572,0,5,2,9,12
2023,1,51,ch,f,580,0,8,2,16,13
2023,1,52,ch,f,654,0,10,1,13,15
2023,1,53,ch,f,664,0,8,4,14,9
2023,1,54,ch,f,675,0,13,0,16,11
2023,1,55,ch,f,766,0,3,3,20,19
2023,1,56,ch,f,721,0,5,2,15,23
2023,1,57,ch,f,765,0,9,1,10,19
2023,1,58,ch,f,738,0,4,3,8,17
2023,1,59,ch,f,776,0,7,1,14,12
2023,1,60,ch,f,778,0,11,3,16,18
2023,1,61,ch,f,709,0,8,1,11,9
2023,1,62,ch,f,702,0,5,0,10,10
2023,1,63,ch,f,681,0,14,2,9,9
2023,1,64,ch,f,689,0,8,0,12,19
2023,1,65,ch,f,693,0,9,0,10,9
2023,1,66,ch,f,718,0,5,0,11,13
2023,1,67,ch,f,662,0,9,0,7,15
2023,1,68,ch,f,598,0,3,1,3,10
2023,1,69,ch,f,610,0,3,2,10,5
2023,1,70,ch,f,589,0,8,0,11,6
2023,1,71,ch,f,595,0,1,0,7,5
2023,1,72,ch,f,560,0,1,1,10,4
2023,1,73,ch,f,595,0,1,0,7,5
2023,1,74,ch,f,573,0,1,0,6,3
2023,1,75,ch,f,561,0,3,1,9,7
2023,1,76,ch,f,555,0,2,0,6,5
2023,1,77,ch,f,601,0,3,1,7,3
2023,1,78,ch,f,551,0,4,0,3,3
2023,1,79,ch,f,563,0,2,0,4,1
2023,1,80,ch,f,547,0,0,2,10,6
2023,1,81,ch,f,494,0,2,0,5,3
2023,1,82,ch,f,433,0,2,0,9,6
2023,1,83,ch,f,384,0,0,0,6,4
2023,1,84,ch,f,385,0,1,0,4,3
2023,1,85,ch,f,353,0,1,0,6,7
2023,1,86,ch,f,327,0,1,1,1,3
2023,1,87,ch,f,332,0,0,0,13,9
2023,1,88,ch,f,301,0,1,0,6,3
2023,1,89,ch,f,268,0,3,1,3,4
2023,1,90,ch,f,229,0,0,0,3,4
2023,1,91,ch,f,207,0,2,0,2,4
2023,1,92,ch,f,162,0,2,0,3,3
2023,1,93,ch,f,176,0,1,0,4,4
2023,1,94,ch,f,135,0,1,0,3,4
2023,1,95,ch,f,106,0,0,0,3,2
2023,1,96,ch,f,72,0,1,0,1,0
2023,1,97,ch,f,51,0,0,0,1,1
2023,1,98,ch,f,43,0,0,0,0,0
2023,1,99,ch,f,37,0,0,0,0,0
2023,1,100,ch,f,54,0,0,0,0,1
2023,1,0,int,m,0,227,7,0,5,5
2023,1,1,int,m,220,0,14,14,10,10
2023,1,2,int,m,251,0,6,14,10,12
2023,1,3,int,m,199,0,11,16,10,12
2023,1,4,int,m,229,0,4,9,10,9
2023,1,5,int,m,227,0,5,14,12,5
2023,1,6,int,m,220,0,1,21,7,5
2023,1,7,int,m,264,0,5,11,5,7
2023,1,8,int,m,220,0,1,8,4,2
2023,1,9,int,m,242,0,3,13,12,11
2023,1,10,int,m,246,0,2,7,1,7
2023,1,11,int,m,247,0,2,4,8,5
2023,1,12,int,m,237,0,0,10,5,5
2023,1,13,int,m,193,0,6,8,4,5
2023,1,14,int,m,187,0,0,6,3,5
2023,1,15,int,m,230,0,3,9,7,3
2023,1,16,int,m,195,0,1,9,16,8
2023,1,17,int,m,205,0,1,14,37,27
2023,1,18,int,m,194,0,2,12,25,30
2023,1,19,int,m,176,0,2,14,17,23
2023,1,20,int,m,160,0,9,16,11,11
2023,1,21,int,m,179,0,6,21,11,17
2023,1,22,int,m,178,0,13,15,18,10
2023,1,23,int,m,194,0,15,26,25,15
2023,1,24,int,m,203,0,12,41,41,33
2023,1,25,int,m,234,0,27,54,58,40
2023,1,26,int,m,291,0,35,46,63,39
2023,1,27,int,m,325,0,30,55,52,39
2023,1,28,int,m,334,0,37,55,56,52
2023,1,29,int,m,371,0,35,61,49,37
2023,1,30,int,m,409,0,39,42,63,53
2023,1,31,int,m,402,0,29,53,44,42
2023,1,32,int,m,454,0,36,46,40,47
2023,1,33,int,m,505,0,35,55,52,52
2023,1,34,int,m,501,0,26,40,53,38
2023,1,35,int,m,495,0,28,37,35,41
2023,1,36,int,m,500,0,38,29,34,32
2023,1,37,int,m,469,0,33,36,27,30
2023,1,38,int,m,443,0,17,32,41,29
2023,1,39,int,m,495,0,23,23,37,34
2023,1,40,int,m,462,0,24,29,23,29
2023,1,41,int,m,481,0,14,23,29,35
2023,1,42,int,m,446,0,19,28,26,27
2023,1,43,int,m,470,0,19,28,23,32
2023,1,44,int,m,427,0,16,23,19,23
2023,1,45,int,m,403,0,21,23,24,15
2023,1,46,int,m,418,0,11,27,22,22
2023,1,47,int,m,418,0,15,15,27,17
2023,1,48,int,m,401,0,12,28,14,24
2023,1,49,int,m,354,0,8,16,20,13
2023,1,50,int,m,373,0,10,16,17,16
2023,1,51,int,m,343,0,7,11,15,12
2023,1,52,int,m,333,0,12,9,9,11
2023,1,53,int,m,305,0,7,13,16,14
2023,1,54,int,m,316,0,6,15,11,11
2023,1,55,int,m,318,0,7,15,5,13
2023,1,56,int,m,299,0,7,6,9,8
2023,1,57,int,m,290,0,3,8,5,12
2023,1,58,int,m,320,0,13,4,10,6
2023,1,59,int,m,304,0,4,2,5,6
2023,1,60,int,m,290,0,1,5,3,10
2023,1,61,int,m,259,0,1,5,6,7
2023,1,62,int,m,217,0,2,7,9,11
2023,1,63,int,m,224,0,2,1,5,7
2023,1,64,int,m,189,0,0,4,4,8
2023,1,65,int,m,177,0,0,1,3,2
2023,1,66,int,m,139,0,0,1,2,0
2023,1,67,int,m,125,0,1,1,2,2
2023,1,68,int,m,136,0,1,0,2,3
2023,1,69,int,m,112,0,1,0,2,3
2023,1,70,int,m,111,0,1,0,1,3
2023,1,71,int,m,94,0,0,0,0,1
2023,1,72,int,m,99,0,3,0,0,0
2023,1,73,int,m,112,0,1,1,2,0
2023,1,74,int,m,90,0,0,1,2,2
2023,1,75,int,m,90,0,0,0,2,2
2023,1,76,int,m,77,0,0,0,1,3
2023,1,77,int,m,82,0,0,0,3,0
2023,1,78,int,m,67,0,0,0,0,1
2023,1,79,int,m,72,0,0,0,0,0
2023,1,80,int,m,68,0,2,0,2,0
2023,1,81,int,m,65,0,0,1,1,0
2023,1,82,int,m,57,0,0,0,2,0
2023,1,83,int,m,64,0,0,0,0,0
2023,1,84,int,m,49,0,0,0,1,0
2023,1,85,int,m,44,0,0,0,0,0
2023,1,86,int,m,35,0,0,0,1,0
2023,1,87,int,m,30,0,0,0,0,0
2023,1,88,int,m,28,0,0,0,1,0
2023,1,89,int,m,17,0,0,1,0,0
2023,1,90,int,m,15,0,0,0,0,0
2023,1,91,int,m,4,0,0,0,0,0
2023,1,92,int,m,7,0,0,0,0,1
2023,1,93,int,m,1,0,0,0,0,0
2023,1,94,int,m,4,0,0,0,0,0
2023,1,95,int,m,3,0,0,0,0,0
2023,1,96,int,m,1,0,0,0,0,0
2023,1,97,int,m,0,0,0,0,0,0
2023,1,98,int,m,1,0,0,0,0,0
2023,1,99,int,m,0,0,0,0,0,0
2023,1,100,int,m,1,0,0,0,0,0
2023,1,0,int,f,0,202,3,5,7,8
2023,1,1,int,f,146,0,5,9,7,9
2023,1,2,int,f,210,0,7,16,14,13
2023,1,3,int,f,219,0,5,12,9,10
2023,1,4,int,f,217,0,9,6,12,9
2023,1,5,int,f,224,0,5,12,6,8
2023,1,6,int,f,207,0,2,7,4,7
2023,1,7,int,f,211,0,2,7,5,5
2023,1,8,int,f,214,0,4,4,3,1
2023,1,9,int,f,223,0,2,15,8,7
2023,1,10,int,f,217,0,5,15,5,9
2023,1,11,int,f,194,0,3,12,2,5
2023,1,12,int,f,178,0,3,8,2,7
2023,1,13,int,f,205,0,1,4,4,6
2023,1,14,int,f,201,0,0,4,3,7
2023,1,15,int,f,181,0,1,11,3,13
2023,1,16,int,f,167,0,1,11,4,7
2023,1,17,int,f,170,0,0,4,4,5
2023,1,18,int,f,150,0,1,4,9,8
2023,1,19,int,f,148,0,6,9,9,6
2023,1,20,int,f,152,0,8,14,12,15
2023,1,21,int,f,145,0,7,11,20,10
2023,1,22,int,f,146,0,12,18,18,14
2023,1,23,int,f,157,0,16,24,21,26
2023,1,24,int,f,188,0,16,35,26,22
2023,1,25,int,f,229,0,21,44,32,25
2023,1,26,int,f,245,0,22,40,37,27
2023,1,27,int,f,237,0,32,47,44,32
2023,1,28,int,f,312,0,22,56,21,27
2023,1,29,int,f,344,0,28,44,28,23
2023,1,30,int,f,376,0,18,47,34,44
2023,1,31,int,f,398,0,29,47,36,36
2023,1,32,int,f,402,0,19,39,24,33
2023,1,33,int,f,397,0,29,29,26,25
2023,1,34,int,f,403,0,23,43,19,24
2023,1,35,int,f,433,0,16,37,14,22
2023,1,36,int,f,400,0,19,21,15,15
2023,1,37,int,f,424,0,13,16,23,22
2023,1,38,int,f,426,0,15,27,16,16
2023,1,39,int,f,450,0,14,22,15,14
2023,1,40,int,f,393,0,16,19,19,26
2023,1,41,int,f,418,0,10,17,18,21
2023,1,42,int,f,409,0,7,20,13,21
2023,1,43,int,f,384,0,9,14,13,14
2023,1,44,int,f,373,0,5,11,10,15
2023,1,45,int,f,386,0,8,11,9,16
2023,1,46,int,f,349,0,4,12,15,16
2023,1,47,int,f,356,0,4,10,14,15
2023,1,48,int,f,332,0,4,18,15,6
2023,1,49,int,f,313,0,4,7,11,8
2023,1,50,int,f,306,0,9,11,7,5
2023,1,51,int,f,318,0,8,9,7,14
2023,1,52,int,f,255,0,5,4,15,15
2023,1,53,int,f,283,0,4,12,16,11
2023,1,54,int,f,284,0,3,4,9,10
2023,1,55,int,f,254,0,5,4,8,8
2023,1,56,int,f,258,0,1,6,11,5
2023,1,57,int,f,261,0,6,6,12,6
2023,1,58,int,f,231,0,2,7,4,9
2023,1,59,int,f,225,0,9,4,5,8
2023,1,60,int,f,203,0,1,2,7,5
2023,1,61,int,f,194,0,2,2,6,6
2023,1,62,int,f,180,0,3,3,4,4
2023,1,63,int,f,193,0,1,1,7,5
2023,1,64,int,f,161,0,0,3,2,6
2023,1,65,int,f,152,0,0,2,3,4
2023,1,66,int,f,133,0,0,1,3,2
2023,1,67,int,f,122,0,2,3,2,1
2023,1,68,int,f,111,0,0,3,1,1
2023,1,69,int,f,115,0,1,0,0,1
2023,1,70,int,f,110,0,2,2,4,4
2023,1,71,int,f,98,0,0,2,1,1
2023,1,72,int,f,93,0,0,1,0,1
2023,1,73,int,f,94,0,2,1,1,3
2023,1,74,int,f,77,0,0,0,2,0
2023,1,75,int,f,92,0,0,0,3,2
2023,1,76,int,f,83,0,0,1,4,0
2023,1,77,int,f,65,0,0,0,1,2
2023,1,78,int,f,54,0,0,0,1,0
2023,1,79,int,f,57,0,0,0,1,0
2023,1,80,int,f,55,0,0,0,0,0
2023,1,81,int,f,53,0,0,0,1,0
2023,1,82,int,f,56,0,0,1,3,3
2023,1,83,int,f,70,0,1,0,0,1
2023,1,84,int,f,54,0,0,0,0,0
2023,1,85,int,f,59,0,0,0,1,0
2023,1,86,int,f,51,0,0,0,0,0
2023,1,87,int,f,29,0,0,0,0,1
2023,1,88,int,f,35,0,0,0,0,0
2023,1,89,int,f,21,0,0,0,0,0
2023,1,90,int,f,19,0,0,0,0,0
2023,1,91,int,f,14,0,0,0,0,0
2023,1,92,int,f,9,0,0,0,0,0
2023,1,93,int,f,7,0,0,0,0,0
2023,1,94,int,f,11,0,0,0,0,0
2023,1,95,int,f,8,0,0,0,0,0
2023,1,96,int,f,6,0,0,0,0,0
2023,1,97,int,f,3,0,0,0,0,0
2023,1,98,int,f,2,0,0,0,0,0
2023,1,99,int,f,2,0,0,0,0,0
2023,1,100,int,f,1,0,0,0,0,0
2024,1,0,ch,m,0,454,7,0,9,15
2024,1,1,ch,m,445,0,11,3,27,43
2024,1,2,ch,m,451,0,17,2,16,25
2024,1,3,ch,m,548,0,14,1,17,40
2024,1,4,ch,m,519,0,15,0,13,20
2024,1,5,ch,m,481,0,7,0,11,20
2024,1,6,ch,m,479,0,5,0,10,6
2024,1,7,ch,m,465,0,10,1,5,3
2024,1,8,ch,m,465,0,2,3,4,8
2024,1,9,ch,m,483,0,3,2,6,8
2024,1,10,ch,m,486,0,3,1,6,5
2024,1,11,ch,m,465,0,4,2,6,9
2024,1,12,ch,m,464,0,2,0,8,4
2024,1,13,ch,m,503,0,0,1,4,6
2024,1,14,ch,m,483,0,3,2,4,8
2024,1,15,ch,m,496,0,6,3,7,11
2024,1,16,ch,m,475,0,3,1,7,5
2024,1,17,ch,m,469,0,0,1,9,5
2024,1,18,ch,m,481,0,4,4,7,11
2024,1,19,ch,m,470,0,5,1,18,10
2024,1,20,ch,m,474,0,4,2,20,14
2024,1,21,ch,m,489,0,13,2,31,20
2024,1,22,ch,m,450,0,11,3,37,22
2024,1,23,ch,m,518,0,22,2,42,36
2024,1,24,ch,m,560,0,33,2,64,41
2024,1,25,ch,m,589,0,45,3,81,52
2024,1,26,ch,m,668,0,44,6,93,59
2024,1,27,ch,m,668,0,35,4,90,68
2024,1,28,ch,m,803,0,45,0,89,95
2024,1,29,ch,m,718,0,49,3,77,74
2024,1,30,ch,m,704,0,47,2,71,83
2024,1,31,ch,m,841,0,41,2,69,73
2024,1,32,ch,m,837,0,47,6,55,81
2024,1,33,ch,m,780,0,35,3,39,64
2024,1,34,ch,m,785,0,30,1,44,72
2024,1,35,ch,m,757,0,25,4,43,60
2024,1,36,ch,m,741,0,21,4,32,68
2024,1,37,ch,m,691,0,26,6,40,48
2024,1,38,ch,m,744,0,22,1,32,45
2024,1,39,ch,m,652,0,15,5,34,41
2024,1,40,ch,m,717,0,18,1,31,34
2024,1,41,ch,m,676,0,15,1,21,25
2024,1,42,ch,m,654,0,17,2,17,29
2024,1,43,ch,m,642,0,11,1,15,19
2024,1,44,ch,m,594,0,11,3,16,12
2024,1,45,ch,m,638,0,12,2,14,17
2024,1,46,ch,m,575,0,9,3,14,13
2024,1,47,ch,m,579,0,6,2,10,14
2024,1,48,ch,m,520,0,12,2,8,11
2024,1,49,ch,m,582,0,10,2,16,10
2024,1,50,ch,m,580,0,10,1,15,24
2024,1,51,ch,m,605,0,5,1,15,17
2024,1,52,ch,m,599,0,7,2,14,13
2024,1,53,ch,m,653,0,16,2,18,12
2024,1,54,ch,m,650,0,4,1,16,18
2024,1,55,ch,m,623,0,4,1,14,7
2024,1,56,ch,m,687,0,9,1,6,11
2024,1,57,ch,m,692,0,2,1,18,11
2024,1,58,ch,m,741,0,8,4,15,13
2024,1,59,ch,m,701,0,3,2,15,14
2024,1,60,ch,m,721,0,7,1,14,15
2024,1,61,ch,m,699,0,3,6,14,14
2024,1,62,ch,m,671,0,4,0,7,7
2024,1,63,ch,m,700,0,6,2,8,12
2024,1,64,ch,m,650,0,3,1,6,9
2024,1,65,ch,m,631,0,7,1,10,13
2024,1,66,ch,m,583,0,4,3,12,12
2024,1,67,ch,m,579,0,4,0,8,8
2024,1,68,ch,m,580,0,2,1,12,7
2024,1,69,ch,m,582,0,1,2,6,5
2024,1,70,ch,m,549,0,5,0,5,2
2024,1,71,ch,m,491,0,4,0,5,5
2024,1,72,ch,m,498,0,3,0,4,1
2024,1,73,ch,m,449,0,2,1,4,2
2024,1,74,ch,m,440,0,0,0,7,5
2024,1,75,ch,m,439,0,1,1,5,3
2024,1,76,ch,m,440,0,0,0,9,4
2024,1,77,ch,m,470,0,1,1,7,5
2024,1,78,ch,m,455,0,5,0,10,2
2024,1,79,ch,m,447,0,3,0,4,4
2024,1,80,ch,m,389,0,2,1,8,5
2024,1,81,ch,m,389,0,2,0,4,1
2024,1,82,ch,m,359,0,4,0,7,2
2024,1,83,ch,m,335,0,1,0,7,2
2024,1,84,ch,m,237,0,1,0,3,1
2024,1,85,ch,m,254,0,1,0,7,1
2024,1,86,ch,m,222,0,1,0,4,2
2024,1,87,ch,m,204,0,1,0,2,3
2024,1,88,ch,m,158,0,0,0,2,0
2024,1,89,ch,m,158,0,0,0,0,0
2024,1,90,ch,m,145,0,1,0,2,2
2024,1,91,ch,m,105,0,1,0,3,1
2024,1,92,ch,m,97,0,0,0,1,4
2024,1,93,ch,m,80,0,0,0,2,1
2024,1,94,ch,m,59,0,1,0,1,0
2024,1,95,ch,m,41,0,0,0,1,0
2024,1,96,ch,m,31,0,0,0,0,2
2024,1,97,ch,m,23,0,0,0,0,1
2024,1,98,ch,m,7,0,0,0,1,0
2024,1,99,ch,m,5,0,0,0,0,0
2024,1,100,ch,m,14,0,0,0,0,0
2024,1,0,ch,f,0,422,5,1,7,20
2024,1,1,ch,f,463,0,14,4,29,55
2024,1,2,ch,f,443,0,9,2,15,28
2024,1,3,ch,f,511,0,9,3,21,26
2024,1,4,ch,f,465,0,8,2,15,24
2024,1,5,ch,f,432,0,4,4,12,19
2024,1,6,ch,f,465,0,6,4,4,10
2024,1,7,ch,f,463,0,3,2,6,11
2024,1,8,ch,f,432,0,9,0,12,2
2024,1,9,ch,f,513,0,2,0,4,5
2024,1,10,ch,f,431,0,1,3,2,4
2024,1,11,ch,f,429,0,4,0,4,5
2024,1,12,ch,f,459,0,3,2,4,8
2024,1,13,ch,f,469,0,1,1,9,4
2024,1,14,ch,f,487,0,2,0,4,8
2024,1,15,ch,f,435,0,1,2,6,3
2024,1,16,ch,f,465,0,1,1,14,8
2024,1,17,ch,f,425,0,1,1,12,11
2024,1,18,ch,f,442,0,4,1,13,9
2024,1,19,ch,f,476,0,8,2,20,16
2024,1,20,ch,f,458,0,22,2,33,19
2024,1,21,ch,f,484,0,17,1,43,34
2024,1,22,ch,f,494,0,28,1,55,38
2024,1,23,ch,f,482,0,28,2,60,41
2024,1,24,ch,f,584,0,30,4,77,70
2024,1,25,ch,f,642,0,38,3,97,77
2024,1,26,ch,f,656,0,62,1,90,67
2024,1,27,ch,f,670,0,47,0,87,68
2024,1,28,ch,f,760,0,43,4,77,85
2024,1,29,ch,f,759,0,35,1,75,81
2024,1,30,ch,f,766,0,47,1,67,94
2024,1,31,ch,f,747,0,34,2,46,75
2024,1,32,ch,f,776,0,33,4,51,83
2024,1,33,ch,f,774,0,26,3,43,70
2024,1,34,ch,f,742,0,25,2,34,65
2024,1,35,ch,f,679,0,29,2,26,59
2024,1,36,ch,f,694,0,25,2,37,33
2024,1,37,ch,f,688,0,19,3,21,37
2024,1,38,ch,f,658,0,15,2,25,39
2024,1,39,ch,f,647,0,15,0,21,22
2024,1,40,ch,f,620,0,19,1,24,19
2024,1,41,ch,f,621,0,18,2,14,23
2024,1,42,ch,f,642,0,11,2,19,22
2024,1,43,ch,f,609,0,10,2,14,13
2024,1,44,ch,f,604,0,9,0,9,16
2024,1,45,ch,f,557,0,9,0,11,16
2024,1,46,ch,f,575,0,4,1,10,12
2024,1,47,ch,f,585,0,6,1,9,6
2024,1,48,ch,f,654,0,11,2,17,16
2024,1,49,ch,f,616,0,6,0,13,23
2024,1,50,ch,f,556,0,6,1,11,11
2024,1,51,ch,f,573,0,9,2,13,14
2024,1,52,ch,f,587,0,3,2,11,8
2024,1,53,ch,f,660,0,8,2,10,10
2024,1,54,ch,f,673,0,12,1,20,12
2024,1,55,ch,f,691,0,7,1,13,13
2024,1,56,ch,f,769,0,8,0,22,14
2024,1,57,ch,f,709,0,5,5,23,17
2024,1,58,ch,f,759,0,4,3,19,19
2024,1,59,ch,f,733,0,4,0,18,11
2024,1,60,ch,f,781,0,8,1,16,18
2024,1,61,ch,f,777,0,5,0,9,7
2024,1,62,ch,f,703,0,5,1,12,16
2024,1,63,ch,f,691,0,3,0,18,15
2024,1,64,ch,f,689,0,1,1,16,14
2024,1,65,ch,f,673,0,8,1,7,7
2024,1,66,ch,f,687,0,2,2,12,10
2024,1,67,ch,f,704,0,6,0,12,13
2024,1,68,ch,f,653,0,1,0,6,11
2024,1,69,ch,f,588,0,5,1,11,11
2024,1,70,ch,f,614,0,3,3,7,4
2024,1,71,ch,f,592,0,2,1,6,1
2024,1,72,ch,f,589,0,4,0,15,11
2024,1,73,ch,f,557,0,1,0,6,8
2024,1,74,ch,f,581,0,4,1,10,3
2024,1,75,ch,f,564,0,1,1,8,9
2024,1,76,ch,f,558,0,2,0,9,4
2024,1,77,ch,f,545,0,2,0,6,6
2024,1,78,ch,f,595,0,4,0,5,5
2024,1,79,ch,f,541,0,2,1,8,4
2024,1,80,ch,f,551,0,3,1,12,9
2024,1,81,ch,f,533,0,3,0,6,9
2024,1,82,ch,f,479,0,1,1,4,3
2024,1,83,ch,f,425,0,0,0,6,4
2024,1,84,ch,f,371,0,1,1,3,3
2024,1,85,ch,f,367,0,4,0,8,2
2024,1,86,ch,f,333,0,1,1,8,2
2024,1,87,ch,f,298,0,0,0,0,2
2024,1,88,ch,f,306,0,1,0,7,1
2024,1,89,ch,f,271,0,1,0,3,4
2024,1,90,ch,f,239,0,3,0,2,7
2024,1,91,ch,f,199,0,1,0,1,2
2024,1,92,ch,f,171,0,0,0,2,2
2024,1,93,ch,f,138,0,1,0,1,1
2024,1,94,ch,f,152,0,0,0,1,3
2024,1,95,ch,f,113,0,0,0,0,1
2024,1,96,ch,f,84,0,0,0,1,1
2024,1,97,ch,f,56,0,0,0,0,0
2024,1,98,ch,f,38,0,0,0,0,1
2024,1,99,ch,f,32,0,0,0,0,0
2024,1,100,ch,f,61,0,0,0,0,0
2024,1,0,int,m,0,213,2,3,5,9
2024,1,1,int,m,225,0,11,13,10,12
2024,1,2,int,m,247,0,9,13,10,9
2024,1,3,int,m,258,0,0,11,16,10
2024,1,4,int,m,214,0,3,7,15,4
2024,1,5,int,m,230,0,1,8,10,7
2024,1,6,int,m,244,0,8,17,5,5
2024,1,7,int,m,242,0,3,10,10,9
2024,1,8,int,m,273,0,1,14,6,7
2024,1,9,int,m,226,0,2,9,4,6
2024,1,10,int,m,255,0,2,11,4,3
2024,1,11,int,m,251,0,2,13,7,2
2024,1,12,int,m,247,0,4,15,5,3
2024,1,13,int,m,245,0,1,4,8,6
2024,1,14,int,m,202,0,4,12,4,5
2024,1,15,int,m,195,0,0,6,6,6
2024,1,16,int,m,244,0,3,13,9,10
2024,1,17,int,m,228,0,1,6,21,28
2024,1,18,int,m,255,0,0,11,64,71
2024,1,19,int,m,208,0,0,9,36,22
2024,1,20,int,m,182,0,5,19,24,23
2024,1,21,int,m,175,0,2,25,10,15
2024,1,22,int,m,189,0,8,19,29,17
2024,1,23,int,m,196,0,26,26,25,38
2024,1,24,int,m,228,0,29,50,43,36
2024,1,25,int,m,235,0,27,36,47,35
2024,1,26,int,m,306,0,35,51,44,40
2024,1,27,int,m,359,0,31,42,52,46
2024,1,28,int,m,385,0,34,45,58,50
2024,1,29,int,m,400,0,33,40,48,48
2024,1,30,int,m,439,0,35,54,50,60
2024,1,31,int,m,462,0,42,45,49,47
2024,1,32,int,m,441,0,31,31,55,50
2024,1,33,int,m,491,0,35,36,44,39
2024,1,34,int,m,538,0,29,44,65,59
2024,1,35,int,m,533,0,40,30,40,48
2024,1,36,int,m,493,0,24,32,27,35
2024,1,37,int,m,525,0,17,25,32,34
2024,1,38,int,m,504,0,25,22,35,24
2024,1,39,int,m,479,0,15,30,35,22
2024,1,40,int,m,513,0,14,22,25,26
2024,1,41,int,m,470,0,19,23,26,28
2024,1,42,int,m,480,0,12,21,23,25
2024,1,43,int,m,460,0,8,24,25,17
2024,1,44,int,m,477,0,22,21,22,34
2024,1,45,int,m,438,0,12,24,30,18
2024,1,46,int,m,444,0,17,14,12,19
2024,1,47,int,m,423,0,10,15,15,16
2024,1,48,int,m,431,0,7,16,18,14
2024,1,49,int,m,401,0,9,17,18,17
2024,1,50,int,m,363,0,8,17,16,21
2024,1,51,int,m,376,0,6,13,13,15
2024,1,52,int,m,349,0,12,16,14,11
2024,1,53,int,m,335,0,9,12,11,12
2024,1,54,int,m,311,0,4,12,7,14
2024,1,55,int,m,318,0,12,8,6,11
2024,1,56,int,m,312,0,8,6,9,12
2024,1,57,int,m,301,0,13,10,5,13
2024,1,58,int,m,280,0,9,11,14,10
2024,1,59,int,m,336,0,9,6,8,7
2024,1,60,int,m,300,0,5,5,3,7
2024,1,61,int,m,270,0,1,7,9,11
2024,1,62,int,m,249,0,7,1,12,8
2024,1,63,int,m,212,0,3,3,6,3
2024,1,64,int,m,213,0,5,2,4,4
2024,1,65,int,m,178,0,2,0,1,6
2024,1,66,int,m,167,0,2,0,2,4
2024,1,67,int,m,135,0,0,2,3,2
2024,1,68,int,m,120,0,1,0,3,2
2024,1,69,int,m,131,0,0,0,0,2
2024,1,70,int,m,106,0,0,1,2,3
2024,1,71,int,m,108,0,1,0,0,0
2024,1,72,int,m,89,0,0,0,1,0
2024,1,73,int,m,96,0,0,0,0,1
2024,1,74,int,m,113,0,1,0,0,2
2024,1,75,int,m,85,0,0,0,0,0
2024,1,76,int,m,81,0,0,0,1,0
2024,1,77,int,m,72,0,1,0,0,1
2024,1,78,int,m,82,0,0,0,0,0
2024,1,79,int,m,65,0,1,0,1,0
2024,1,80,int,m,71,0,0,0,0,1
2024,1,81,int,m,68,0,0,1,0,0
2024,1,82,int,m,63,0,1,0,1,1
2024,1,83,int,m,57,0,0,0,0,0
2024,1,84,int,m,59,0,0,0,1,0
2024,1,85,int,m,48,0,0,0,2,0
2024,1,86,int,m,36,0,0,1,1,0
2024,1,87,int,m,33,0,0,0,0,0
2024,1,88,int,m,27,0,1,0,0,0
2024,1,89,int,m,27,0,0,0,0,0
2024,1,90,int,m,14,0,0,0,0,0
2024,1,91,int,m,11,0,0,0,1,0
2024,1,92,int,m,3,0,0,0,0,0
2024,1,93,int,m,6,0,0,0,0,0
2024,1,94,int,m,1,0,0,0,0,0
2024,1,95,int,m,4,0,0,1,0,0
2024,1,96,int,m,3,0,0,0,0,0
2024,1,97,int,m,1,0,0,0,0,0
2024,1,98,int,m,0,0,0,0,0,0
2024,1,99,int,m,0,0,0,0,0,0
2024,1,100,int,m,1,0,0,0,0,0
2024,1,0,int,f,0,181,6,4,6,6
2024,1,1,int,f,202,0,6,11,14,11
2024,1,2,int,f,180,0,5,14,7,8
2024,1,3,int,f,226,0,2,9,9,9
2024,1,4,int,f,229,0,3,9,13,10
2024,1,5,int,f,230,0,5,11,8,3
2024,1,6,int,f,224,0,4,8,6,8
2024,1,7,int,f,205,0,0,9,4,3
2024,1,8,int,f,212,0,2,7,12,5
2024,1,9,int,f,222,0,2,10,6,3
2024,1,10,int,f,235,0,0,9,6,5
2024,1,11,int,f,228,0,0,4,12,4
2024,1,12,int,f,207,0,3,9,9,3
2024,1,13,int,f,179,0,2,9,5,1
2024,1,14,int,f,201,0,0,6,6,9
2024,1,15,int,f,198,0,1,7,5,5
2024,1,16,int,f,185,0,2,6,7,7
2024,1,17,int,f,170,0,1,5,6,6
2024,1,18,int,f,164,0,0,3,11,9
2024,1,19,int,f,152,0,5,6,8,5
2024,1,20,int,f,156,0,7,12,12,14
2024,1,21,int,f,161,0,5,19,14,11
2024,1,22,int,f,164,0,8,12,18,20
2024,1,23,int,f,161,0,16,28,23,25
2024,1,24,int,f,185,0,26,32,28,19
2024,1,25,int,f,224,0,18,43,25,27
2024,1,26,int,f,274,0,23,48,37,24
2024,1,27,int,f,302,0,27,39,27,32
2024,1,28,int,f,299,0,26,43,35,21
2024,1,29,int,f,353,0,21,36,41,37
2024,1,30,int,f,397,0,30,41,42,33
2024,1,31,int,f,407,0,22,48,27,26
2024,1,32,int,f,447,0,34,31,24,18
2024,1,33,int,f,430,0,23,34,25,27
2024,1,34,int,f,433,0,18,33,25,17
2024,1,35,int,f,441,0,15,29,19,23
2024,1,36,int,f,457,0,23,24,15,28
2024,1,37,int,f,413,0,12,20,21,20
2024,1,38,int,f,434,0,12,22,21,16
2024,1,39,int,f,459,0,15,19,17,20
2024,1,40,int,f,464,0,13,13,16,20
2024,1,41,int,f,404,0,10,20,14,13
2024,1,42,int,f,433,0,6,15,13,11
2024,1,43,int,f,415,0,11,8,18,18
2024,1,44,int,f,404,0,7,17,16,11
2024,1,45,int,f,372,0,7,14,13,7
2024,1,46,int,f,385,0,8,10,16,11
2024,1,47,int,f,349,0,5,10,10,11
2024,1,48,int,f,359,0,6,12,5,10
2024,1,49,int,f,353,0,2,11,8,10
2024,1,50,int,f,316,0,7,10,8,7
2024,1,51,int,f,307,0,2,12,4,16
2024,1,52,int,f,320,0,6,12,12,15
2024,1,53,int,f,258,0,2,8,12,10
2024,1,54,int,f,297,0,1,8,9,17
2024,1,55,int,f,279,0,3,4,3,12
2024,1,56,int,f,252,0,4,7,3,4
2024,1,57,int,f,263,0,2,6,7,7
2024,1,58,int,f,273,0,1,4,9,7
2024,1,59,int,f,230,0,7,11,2,2
2024,1,60,int,f,230,0,2,8,9,1
2024,1,61,int,f,201,0,4,3,3,4
2024,1,62,int,f,199,0,2,4,3,5
2024,1,63,int,f,185,0,3,0,3,6
2024,1,64,int,f,190,0,1,5,2,2
2024,1,65,int,f,159,0,1,0,4,3
2024,1,66,int,f,152,0,1,0,4,1
2024,1,67,int,f,134,0,1,1,2,1
2024,1,68,int,f,127,0,0,1,3,3
2024,1,69,int,f,112,0,2,2,2,2
2024,1,70,int,f,118,0,1,2,1,1
2024,1,71,int,f,109,0,1,0,1,1
2024,1,72,int,f,95,0,0,2,1,1
2024,1,73,int,f,92,0,0,1,0,0
2024,1,74,int,f,95,0,0,1,0,1
2024,1,75,int,f,79,0,0,0,1,0
2024,1,76,int,f,94,0,0,0,2,3
2024,1,77,int,f,82,0,1,1,0,2
2024,1,78,int,f,61,0,0,1,1,1
2024,1,79,int,f,57,0,0,0,0,0
2024,1,80,int,f,54,0,0,1,0,0
2024,1,81,int,f,53,0,1,0,0,1
2024,1,82,int,f,52,0,0,1,0,0
2024,1,83,int,f,56,0,0,0,1,0
2024,1,84,int,f,67,0,0,0,0,0
2024,1,85,int,f,51,0,0,0,0,0
2024,1,86,int,f,57,0,0,0,0,0
2024,1,87,int,f,50,0,0,0,0,0
2024,1,88,int,f,24,0,0,0,0,1
2024,1,89,int,f,31,0,0,0,0,0
2024,1,90,int,f,19,0,1,0,0,0
2024,1,91,int,f,18,0,0,0,0,0
2024,1,92,int,f,12,0,0,0,0,0
2024,1,93,int,f,7,0,0,0,0,0
2024,1,94,int,f,7,0,0,0,0,0
2024,1,95,int,f,10,0,0,0,1,0
2024,1,96,int,f,7,0,0,0,0,0
2024,1,97,int,f,4,0,0,0,0,0
2024,1,98,int,f,2,0,1,0,0,0
2024,1,99,int,f,2,0,0,0,0,0
2024,1,100,int,f,2,0,0,0,0,0
2025,1,0,ch,m,0,437,4,1,9,15
2025,1,1,ch,m,450,0,10,3,17,27
2025,1,2,ch,m,436,0,11,3,15,32
2025,1,3,ch,m,445,0,7,2,18,22
2025,1,4,ch,m,537,0,6,1,18,25
2025,1,5,ch,m,524,0,10,2,14,17
2025,1,6,ch,m,474,0,6,1,9,10
2025,1,7,ch,m,487,0,4,4,5,7
2025,1,8,ch,m,482,0,4,0,8,9
2025,1,9,ch,m,472,0,5,2,9,3
2025,1,10,ch,m,485,0,2,1,5,8
2025,1,11,ch,m,495,0,2,1,4,4
2025,1,12,ch,m,475,0,2,1,8,7
2025,1,13,ch,m,479,0,1,0,6,8
2025,1,14,ch,m,504,0,4,0,8,9
2025,1,15,ch,m,493,0,3,0,12,8
2025,1,16,ch,m,510,0,3,0,8,5
2025,1,17,ch,m,487,0,3,1,4,5
2025,1,18,ch,m,483,0,2,1,9,11
2025,1,19,ch,m,486,0,1,2,13,15
2025,1,20,ch,m,487,0,7,0,15,12
2025,1,21,ch,m,478,0,13,2,25,20
2025,1,22,ch,m,507,0,17,0,33,22
2025,1,23,ch,m,470,0,23,1,34,47
2025,1,24,ch,m,537,0,24,3,59,44
2025,1,25,ch,m,598,0,38,1,83,62
2025,1,26,ch,m,636,0,44,1,91,71
2025,1,27,ch,m,701,0,39,5,88,76
2025,1,28,ch,m,693,0,36,4,93,76
2025,1,29,ch,m,802,0,42,2,86,75
2025,1,30,ch,m,724,0,56,4,84,76
2025,1,31,ch,m,709,0,38,3,62,80
2025,1,32,ch,m,842,0,34,0,55,79
2025,1,33,ch,m,825,0,33,3,43,62
2025,1,34,ch,m,759,0,29,2,43,55
2025,1,35,ch,m,763,0,29,4,34,58
2025,1,36,ch,m,752,0,22,2,35,48
2025,1,37,ch,m,709,0,19,1,34,50
2025,1,38,ch,m,692,0,14,3,22,34
2025,1,39,ch,m,741,0,14,0,26,36
2025,1,40,ch,m,649,0,18,4,13,31
2025,1,41,ch,m,724,0,8,2,22,26
2025,1,42,ch,m,682,0,16,2,14,26
2025,1,43,ch,m,656,0,10,2,21,24
2025,1,44,ch,m,652,0,10,1,15,26
2025,1,45,ch,m,608,0,7,0,23,12
2025,1,46,ch,m,638,0,10,0,15,20
2025,1,47,ch,m,577,0,9,1,11,15
2025,1,48,ch,m,584,0,4,0,6,16
2025,1,49,ch,m,531,0,7,1,8,10
2025,1,50,ch,m,599,0,10,0,14,11
2025,1,51,ch,m,571,0,7,0,13,11
2025,1,52,ch,m,602,0,3,4,10,11
2025,1,53,ch,m,598,0,7,5,14,17
2025,1,54,ch,m,670,0,6,1,8,13
2025,1,55,ch,m,642,0,9,0,14,14
2025,1,56,ch,m,632,0,9,0,12,11
2025,1,57,ch,m,689,0,8,1,8,10
2025,1,58,ch,m,687,0,10,0,10,17
2025,1,59,ch,m,757,0,5,4,17,18
2025,1,60,ch,m,697,0,10,2,9,13
2025,1,61,ch,m,711,0,9,1,15,14
2025,1,62,ch,m,698,0,6,1,10,14
2025,1,63,ch,m,664,0,6,2,7,12
2025,1,64,ch,m,683,0,5,1,3,9
2025,1,65,ch,m,633,0,6,4,9,15
2025,1,66,ch,m,620,0,5,0,9,5
2025,1,67,ch,m,577,0,3,1,6,8
2025,1,68,ch,m,573,0,3,1,8,5
2025,1,69,ch,m,576,0,3,0,6,9
2025,1,70,ch,m,572,0,1,1,6,9
2025,1,71,ch,m,537,0,3,0,10,6
2025,1,72,ch,m,481,0,2,1,5,1
2025,1,73,ch,m,495,0,2,0,8,6
2025,1,74,ch,m,442,0,2,0,5,6
2025,1,75,ch,m,435,0,5,2,3,1
2025,1,76,ch,m,434,0,1,0,4,4
2025,1,77,ch,m,432,0,4,0,4,3
2025,1,78,ch,m,458,0,4,0,4,4
2025,1,79,ch,m,446,0,1,0,5,1
2025,1,80,ch,m,437,0,2,2,6,5
2025,1,81,ch,m,380,0,3,2,5,1
2025,1,82,ch,m,377,0,1,1,2,2
2025,1,83,ch,m,353,0,4,1,2,4
2025,1,84,ch,m,319,0,3,0,6,2
2025,1,85,ch,m,224,0,3,0,8,4
2025,1,86,ch,m,242,0,0,0,1,3
2025,1,87,ch,m,207,0,0,0,0,2
2025,1,88,ch,m,185,0,2,0,3,1
2025,1,89,ch,m,142,0,2,0,1,2
2025,1,90,ch,m,137,0,0,0,0,1
2025,1,91,ch,m,126,0,0,0,4,2
2025,1,92,ch,m,94,0,0,0,1,2
2025,1,93,ch,m,79,0,0,0,2,1
2025,1,94,ch,m,64,0,1,0,2,3
2025,1,95,ch,m,47,0,0,0,0,2
2025,1,96,ch,m,34,0,0,0,0,0
2025,1,97,ch,m,25,0,0,0,0,2
2025,1,98,ch,m,17,0,0,0,0,0
2025,1,99,ch,m,5,0,0,0,0,0
2025,1,100,ch,m,12,0,0,0,1,1
2025,1,0,ch,f,0,432,10,4,10,22
2025,1,1,ch,f,407,0,16,3,18,38
2025,1,2,ch,f,437,0,16,2,20,28
2025,1,3,ch,f,430,0,14,3,13,22
2025,1,4,ch,f,507,0,4,5,19,18
2025,1,5,ch,f,461,0,8,2,9,13
2025,1,6,ch,f,432,0,9,3,6,3
2025,1,7,ch,f,472,0,4,2,5,4
2025,1,8,ch,f,467,0,5,1,8,6
2025,1,9,ch,f,451,0,2,2,6,4
2025,1,10,ch,f,517,0,4,2,6,9
2025,1,11,ch,f,434,0,4,1,4,6
2025,1,12,ch,f,440,0,2,2,3,6
2025,1,13,ch,f,468,0,2,2,3,7
2025,1,14,ch,f,477,0,2,0,4,4
2025,1,15,ch,f,487,0,1,0,11,8
2025,1,16,ch,f,446,0,3,0,10,10
2025,1,17,ch,f,477,0,2,1,5,8
2025,1,18,ch,f,434,0,2,0,13,10
2025,1,19,ch,f,449,0,11,2,19,10
2025,1,20,ch,f,486,0,10,2,28,30
2025,1,21,ch,f,491,0,6,0,42,29
2025,1,22,ch,f,495,0,21,2,46,41
2025,1,23,ch,f,518,0,36,2,49,53
2025,1,24,ch,f,504,0,28,2,68,52
2025,1,25,ch,f,595,0,47,1,82,68
2025,1,26,ch,f,661,0,58,8,103,77
2025,1,27,ch,f,697,0,61,2,88,88
2025,1,28,ch,f,684,0,54,5,91,73
2025,1,29,ch,f,755,0,53,5,64,71
2025,1,30,ch,f,735,0,41,4,61,65
2025,1,31,ch,f,751,0,35,3,54,71
2025,1,32,ch,f,722,0,37,2,48,61
2025,1,33,ch,f,741,0,32,4,47,67
2025,1,34,ch,f,745,0,24,3,47,44
2025,1,35,ch,f,715,0,37,3,33,44
2025,1,36,ch,f,661,0,20,4,27,45
2025,1,37,ch,f,703,0,16,1,38,52
2025,1,38,ch,f,681,0,23,2,23,25
2025,1,39,ch,f,652,0,14,3,18,24
2025,1,40,ch,f,658,0,18,1,15,30
2025,1,41,ch,f,635,0,13,0,21,20
2025,1,42,ch,f,634,0,13,1,15,18
2025,1,43,ch,f,654,0,10,1,13,12
2025,1,44,ch,f,617,0,12,3,7,15
2025,1,45,ch,f,597,0,6,0,13,14
2025,1,46,ch,f,566,0,7,0,12,16
2025,1,47,ch,f,582,0,6,1,8,16
2025,1,48,ch,f,594,0,5,2,11,16
2025,1,49,ch,f,667,0,3,2,12,16
2025,1,50,ch,f,607,0,2,2,15,18
2025,1,51,ch,f,560,0,9,0,19,13
2025,1,52,ch,f,581,0,6,1,14,10
2025,1,53,ch,f,594,0,4,1,13,17
2025,1,54,ch,f,658,0,7,1,21,20
2025,1,55,ch,f,689,0,5,0,12,13
2025,1,56,ch,f,696,0,13,1,16,16
2025,1,57,ch,f,779,0,4,2,11,11
2025,1,58,ch,f,716,0,8,3,11,19
2025,1,59,ch,f,754,0,8,1,18,14
2025,1,60,ch,f,732,0,5,0,13,14
2025,1,61,ch,f,780,0,5,2,23,15
2025,1,62,ch,f,771,0,11,1,13,8
2025,1,63,ch,f,706,0,12,3,7,10
2025,1,64,ch,f,683,0,8,0,15,13
2025,1,65,ch,f,680,0,9,0,12,12
2025,1,66,ch,f,670,0,5,0,10,12
2025,1,67,ch,f,687,0,2,0,10,7
2025,1,68,ch,f,698,0,6,0,11,12
2025,1,69,ch,f,641,0,3,3,7,9
2025,1,70,ch,f,586,0,1,0,7,10
2025,1,71,ch,f,611,0,2,0,9,7
2025,1,72,ch,f,591,0,4,0,7,3
2025,1,73,ch,f,589,0,1,0,4,3
2025,1,74,ch,f,547,0,3,0,10,2
2025,1,75,ch,f,578,0,1,0,3,4
2025,1,76,ch,f,552,0,2,0,6,4
2025,1,77,ch,f,544,0,0,1,12,3
2025,1,78,ch,f,533,0,4,0,6,5
2025,1,79,ch,f,580,0,2,2,6,5
2025,1,80,ch,f,531,0,2,0,6,5
2025,1,81,ch,f,540,0,2,1,10,4
2025,1,82,ch,f,512,0,2,0,8,11
2025,1,83,ch,f,473,0,5,1,7,6
2025,1,84,ch,f,414,0,4,1,3,3
2025,1,85,ch,f,354,0,3,0,9,3
2025,1,86,ch,f,352,0,0,0,5,4
2025,1,87,ch,f,317,0,3,0,7,5
2025,1,88,ch,f,274,0,1,1,5,5
2025,1,89,ch,f,284,0,2,1,7,9
2025,1,90,ch,f,248,0,1,0,1,4
2025,1,91,ch,f,211,0,3,0,4,2
2025,1,92,ch,f,173,0,0,0,4,4
2025,1,93,ch,f,151,0,0,0,3,2
2025,1,94,ch,f,118,0,1,0,0,1
2025,1,95,ch,f,123,0,0,0,0,3
2025,1,96,ch,f,85,0,0,0,1,1
2025,1,97,ch,f,65,0,0,0,0,0
2025,1,98,ch,f,37,0,0,0,1,0
2025,1,99,ch,f,24,0,0,0,0,0
2025,1,100,ch,f,53,0,0,0,0,0
2025,1,0,int,m,0,226,5,4,2,4
2025,1,1,int,m,212,0,5,10,8,7
2025,1,2,int,m,244,0,11,12,14,8
2025,1,3,int,m,261,0,2,10,9,12
2025,1,4,int,m,253,0,4,10,11,8
2025,1,5,int,m,217,0,3,11,7,8
2025,1,6,int,m,238,0,4,14,8,5
2025,1,7,int,m,256,0,3,11,8,4
2025,1,8,int,m,247,0,1,8,4,5
2025,1,9,int,m,274,0,3,13,7,6
2025,1,10,int,m,227,0,2,8,8,4
2025,1,11,int,m,258,0,0,10,5,4
2025,1,12,int,m,255,0,1,10,8,4
2025,1,13,int,m,245,0,1,7,8,6
2025,1,14,int,m,241,0,0,5,10,5
2025,1,15,int,m,207,0,2,6,5,4
2025,1,16,int,m,190,0,3,7,7,3
2025,1,17,int,m,267,0,3,12,10,11
2025,1,18,int,m,250,0,1,4,18,52
2025,1,19,int,m,264,0,1,17,21,30
2025,1,20,int,m,223,0,7,17,21,27
2025,1,21,int,m,199,0,6,16,27,25
2025,1,22,int,m,184,0,14,33,13,20
2025,1,23,int,m,216,0,18,30,23,27
2025,1,24,int,m,224,0,16,40,37,45
2025,1,25,int,m,296,0,32,43,42,51
2025,1,26,int,m,285,0,32,39,50,48
2025,1,27,int,m,355,0,43,47,54,38
2025,1,28,int,m,408,0,33,45,51,42
2025,1,29,int,m,438,0,34,52,43,53
2025,1,30,int,m,435,0,24,50,49,41
2025,1,31,int,m,470,0,34,45,40,42
2025,1,32,int,m,502,0,33,35,53,53
2025,1,33,int,m,462,0,18,48,27,42
2025,1,34,int,m,530,0,38,38,45,50
2025,1,35,int,m,564,0,25,41,43,41
2025,1,36,int,m,557,0,33,30,33,37
2025,1,37,int,m,499,0,23,24,31,35
2025,1,38,int,m,521,0,25,29,41,38
2025,1,39,int,m,527,0,18,35,26,33
2025,1,40,int,m,497,0,14,24,35,21
2025,1,41,int,m,520,0,23,21,32,29
2025,1,42,int,m,472,0,14,17,25,23
2025,1,43,int,m,473,0,19,23,28,16
2025,1,44,int,m,462,0,13,17,30,20
2025,1,45,int,m,465,0,17,19,25,22
2025,1,46,int,m,455,0,11,13,20,24
2025,1,47,int,m,432,0,9,17,26,23
2025,1,48,int,m,415,0,5,23,20,17
2025,1,49,int,m,428,0,6,16,16,19
2025,1,50,int,m,403,0,11,17,16,25
2025,1,51,int,m,360,0,10,12,10,11
2025,1,52,int,m,376,0,10,11,13,18
2025,1,53,int,m,356,0,8,14,11,16
2025,1,54,int,m,344,0,3,11,12,14
2025,1,55,int,m,303,0,10,12,9,10
2025,1,56,int,m,315,0,6,10,8,10
2025,1,57,int,m,309,0,5,4,7,14
2025,1,58,int,m,295,0,5,12,10,13
2025,1,59,int,m,291,0,10,6,3,8
2025,1,60,int,m,332,0,3,11,4,9
2025,1,61,int,m,286,0,3,2,7,6
2025,1,62,int,m,258,0,1,0,2,8
2025,1,63,int,m,250,0,2,4,4,5
2025,1,64,int,m,209,0,3,2,3,3
2025,1,65,int,m,208,0,1,0,5,7
2025,1,66,int,m,158,0,0,5,2,1
2025,1,67,int,m,156,0,1,0,1,2
2025,1,68,int,m,130,0,0,0,1,1
2025,1,69,int,m,116,0,2,0,1,2
2025,1,70,int,m,127,0,1,2,0,2
2025,1,71,int,m,101,0,0,0,0,0
2025,1,72,int,m,105,0,1,0,1,3
2025,1,73,int,m,89,0,0,0,2,0
2025,1,74,int,m,89,0,1,0,1,2
2025,1,75,int,m,108,0,0,0,2,1
2025,1,76,int,m,83,0,0,1,0,0
2025,1,77,int,m,76,0,0,1,0,0
2025,1,78,int,m,68,0,1,0,0,0
2025,1,79,int,m,80,0,0,0,1,4
2025,1,80,int,m,65,0,0,0,1,1
2025,1,81,int,m,63,0,0,0,2,0
2025,1,82,int,m,65,0,0,0,0,0
2025,1,83,int,m,60,0,2,0,0,1
2025,1,84,int,m,50,0,0,0,1,0
2025,1,85,int,m,55,0,0,0,0,1
2025,1,86,int,m,46,0,0,0,0,0
2025,1,87,int,m,35,0,0,1,0,0
2025,1,88,int,m,29,0,1,0,1,0
2025,1,89,int,m,27,0,0,0,0,0
2025,1,90,int,m,25,0,0,0,0,2
2025,1,91,int,m,12,0,0,0,0,0
2025,1,92,int,m,9,0,0,0,0,0
2025,1,93,int,m,1,0,0,0,0,0
2025,1,94,int,m,6,0,0,0,0,0
2025,1,95,int,m,1,0,0,0,0,0
2025,1,96,int,m,3,0,0,0,0,0
2025,1,97,int,m,3,0,0,0,0,0
2025,1,98,int,m,0,0,0,0,0,0
2025,1,99,int,m,0,0,0,0,0,0
2025,1,100,int,m,0,0,0,0,0,0
2025,1,0,int,f,0,185,3,2,4,6
2025,1,1,int,f,186,0,6,9,9,14
2025,1,2,int,f,227,0,6,11,11,8
2025,1,3,int,f,187,0,6,17,14,10
2025,1,4,int,f,227,0,1,11,8,7
2025,1,5,int,f,238,0,1,6,9,9
2025,1,6,int,f,230,0,3,12,5,4
2025,1,7,int,f,227,0,1,7,2,5
2025,1,8,int,f,205,0,0,8,5,6
2025,1,9,int,f,222,0,2,8,4,5
2025,1,10,int,f,230,0,2,3,4,7
2025,1,11,int,f,239,0,0,8,4,4
2025,1,12,int,f,226,0,2,3,7,6
2025,1,13,int,f,212,0,4,9,7,5
2025,1,14,int,f,189,0,0,6,6,2
2025,1,15,int,f,198,0,1,6,5,4
2025,1,16,int,f,196,0,0,5,6,6
2025,1,17,int,f,181,0,0,5,6,5
2025,1,18,int,f,169,0,3,5,8,14
2025,1,19,int,f,160,0,3,5,10,7
2025,1,20,int,f,157,0,6,14,8,8
2025,1,21,int,f,159,0,12,16,13,14
2025,1,22,int,f,168,0,10,22,14,16
2025,1,23,int,f,168,0,14,23,18,18
2025,1,24,int,f,192,0,23,25,27,25
2025,1,25,int,f,229,0,16,44,31,34
2025,1,26,int,f,251,0,32,48,32,26
2025,1,27,int,f,324,0,25,47,43,27
2025,1,28,int,f,325,0,22,38,34,32
2025,1,29,int,f,348,0,27,43,35,32
2025,1,30,int,f,385,0,24,36,27,31
2025,1,31,int,f,446,0,28,35,29,34
2025,1,32,int,f,436,0,28,27,44,26
2025,1,33,int,f,496,0,14,35,32,26
2025,1,34,int,f,440,0,26,46,23,24
2025,1,35,int,f,469,0,19,26,22,21
2025,1,36,int,f,457,0,17,22,15,16
2025,1,37,int,f,459,0,16,22,12,15
2025,1,38,int,f,418,0,7,20,15,24
2025,1,39,int,f,443,0,9,19,19,17
2025,1,40,int,f,462,0,7,16,13,20
2025,1,41,int,f,464,0,19,14,10,18
2025,1,42,int,f,415,0,7,15,16,11
2025,1,43,int,f,431,0,5,12,20,10
2025,1,44,int,f,417,0,4,15,9,13
2025,1,45,int,f,412,0,6,12,14,13
2025,1,46,int,f,372,0,12,12,14,12
2025,1,47,int,f,390,0,6,12,10,10
2025,1,48,int,f,348,0,5,7,14,8
2025,1,49,int,f,355,0,6,14,7,11
2025,1,50,int,f,344,0,4,8,4,8
2025,1,51,int,f,318,0,5,10,5,9
2025,1,52,int,f,296,0,3,8,12,10
2025,1,53,int,f,321,0,6,4,6,10
2025,1,54,int,f,256,0,7,8,5,11
2025,1,55,int,f,278,0,3,3,6,8
2025,1,56,int,f,262,0,3,4,12,13
2025,1,57,int,f,248,0,1,2,4,7
2025,1,58,int,f,257,0,3,6,5,7
2025,1,59,int,f,268,0,2,5,4,5
2025,1,60,int,f,241,0,4,3,5,5
2025,1,61,int,f,237,0,2,6,2,4
2025,1,62,int,f,197,0,2,2,4,3
2025,1,63,int,f,192,0,1,2,1,6
2025,1,64,int,f,179,0,2,2,0,3
2025,1,65,int,f,185,0,3,2,1,1
2025,1,66,int,f,151,0,0,2,2,3
2025,1,67,int,f,150,0,1,1,3,1
2025,1,68,int,f,132,0,0,0,1,2
2025,1,69,int,f,127,0,1,1,2,4
2025,1,70,int,f,114,0,0,1,1,3
2025,1,71,int,f,119,0,0,0,2,1
2025,1,72,int,f,109,0,0,1,3,2
2025,1,73,int,f,94,0,1,3,0,0
2025,1,74,int,f,88,0,0,0,0,0
2025,1,75,int,f,93,0,1,0,2,2
2025,1,76,int,f,80,0,0,1,0,0
2025,1,77,int,f,89,0,1,0,1,0
2025,1,78,int,f,80,0,0,0,0,1
2025,1,79,int,f,59,0,1,0,2,1
2025,1,80,int,f,57,0,0,0,0,0
2025,1,81,int,f,53,0,1,1,0,0
2025,1,82,int,f,52,0,0,0,1,1
2025,1,83,int,f,49,0,1,0,0,0
2025,1,84,int,f,54,0,1,0,1,0
2025,1,85,int,f,65,0,0,0,0,0
2025,1,86,int,f,49,0,0,1,1,2
2025,1,87,int,f,57,0,0,0,0,1
2025,1,88,int,f,47,0,0,0,0,0
2025,1,89,int,f,17,0,0,0,0,1
2025,1,90,int,f,29,0,1,0,0,2
2025,1,91,int,f,18,0,0,0,1,0
2025,1,92,int,f,14,0,0,0,0,0
2025,1,93,int,f,11,0,0,0,0,0
2025,1,94,int,f,6,0,0,0,0,2
2025,1,95,int,f,6,0,0,0,0,0
2025,1,96,int,f,9,0,0,0,0,0
2025,1,97,int,f,7,0,0,0,0,0
2025,1,98,int,f,3,0,0,0,0,0
2025,1,99,int,f,2,0,0,0,0,0
2025,1,100,int,f,1,0,0,0,0,0
2022,2,0,ch,m,0,673,8,1,24,24
2022,2,1,ch,m,793,0,46,4,58,58
2022,2,2,ch,m,731,0,22,1,48,52
2022,2,3,ch,m,735,0,20,4,37,32
2022,2,4,ch,m,778,0,16,4,20,30
2022,2,5,ch,m,763,0,9,1,18,22
2022,2,6,ch,m,723,0,7,4,18,18
2022,2,7,ch,m,758,0,5,0,7,13
2022,2,8,ch,m,774,0,9,2,16,15
2022,2,9,ch,m,760,0,8,2,10,9
2022,2,10,ch,m,750,0,4,0,13,6
2022,2,11,ch,m,725,0,5,1,7,8
2022,2,12,ch,m,718,0,5,0,7,5
2022,2,13,ch,m,718,0,6,3,8,13
2022,2,14,ch,m,758,0,4,1,12,10
2022,2,15,ch,m,705,0,5,1,10,11
2022,2,16,ch,m,742,0,6,1,18,10
2022,2,17,ch,m,712,0,6,0,11,16
2022,2,18,ch,m,743,0,9,3,19,13
2022,2,19,ch,m,736,0,10,1,23,13
2022,2,20,ch,m,681,0,7,0,31,24
2022,2,21,ch,m,682,0,10,3,25,37
2022,2,22,ch,m,761,0,21,1,55,54
2022,2,23,ch,m,746,0,15,3,54,55
2022,2,24,ch,m,713,0,25,2,76,76
2022,2,25,ch,m,755,0,32,2,61,82
2022,2,26,ch,m,800,0,41,3,91,100
2022,2,27,ch,m,704,0,45,4,90,84
2022,2,28,ch,m,759,0,42,4,70,98
2022,2,29,ch,m,768,0,40,5,70,91
2022,2,30,ch,m,806,0,43,4,79,87
2022,2,31,ch,m,781,0,33,2,79,77
2022,2,32,ch,m,783,0,40,3,79,79
2022,2,33,ch,m,818,0,36,7,86,77
2022,2,34,ch,m,819,0,33,3,64,62
2022,2,35,ch,m,776,0,38,3,76,72
2022,2,36,ch,m,839,0,36,2,49,60
2022,2,37,ch,m,774,0,35,4,43,55
2022,2,38,ch,m,853,0,26,0,44,42
2022,2,39,ch,m,808,0,19,2,37,40
2022,2,40,ch,m,904,0,26,4,36,38
2022,2,41,ch,m,898,0,23,0,32,33
2022,2,42,ch,m,870,0,18,1,37,28
2022,2,43,ch,m,832,0,21,2,14,18
2022,2,44,ch,m,806,0,11,2,20,16
2022,2,45,ch,m,808,0,21,2,18,26
2022,2,46,ch,m,781,0,13,0,22,18
2022,2,47,ch,m,784,0,7,0,25,23
2022,2,48,ch,m,859,0,11,2,15,19
2022,2,49,ch,m,846,0,14,0,17,19
2022,2,50,ch,m,840,0,8,3,18,22
2022,2,51,ch,m,873,0,12,2,12,17
2022,2,52,ch,m,930,0,17,0,17,20
2022,2,53,ch,m,989,0,12,1,13,18
2022,2,54,ch,m,1027,0,12,2,18,12
2022,2,55,ch,m,1040,0,10,3,26,20
2022,2,56,ch,m,1073,0,15,2,15,13
2022,2,57,ch,m,1105,0,9,3,19,14
2022,2,58,ch,m,1060,0,9,1,21,28
2022,2,59,ch,m,1029,0,8,1,15,14
2022,2,60,ch,m,1024,0,4,1,14,15
2022,2,61,ch,m,975,0,7,2,18,26
2022,2,62,ch,m,942,0,7,2,12,10
2022,2,63,ch,m,908,0,7,1,18,17
2022,2,64,ch,m,897,0,7,1,11,12
2022,2,65,ch,m,899,0,3,1,14,15
2022,2,66,ch,m,872,0,6,0,9,14
2022,2,67,ch,m,837,0,3,1,9,7
2022,2,68,ch,m,787,0,6,2,9,5
2022,2,69,ch,m,780,0,3,0,5,4
2022,2,70,ch,m,691,0,4,1,5,6
2022,2,71,ch,m,717,0,1,0,14,7
2022,2,72,ch,m,725,0,4,2,2,4
2022,2,73,ch,m,738,0,1,1,7,10
2022,2,74,ch,m,686,0,2,0,8,5
2022,2,75,ch,m,690,0,0,1,6,6
2022,2,76,ch,m,696,0,0,2,4,11
2022,2,77,ch,m,644,0,1,0,2,2
2022,2,78,ch,m,641,0,2,1,9,7
2022,2,79,ch,m,572,0,3,0,7,9
2022,2,80,ch,m,548,0,2,0,7,5
2022,2,81,ch,m,442,0,2,0,1,2
2022,2,82,ch,m,362,0,1,0,2,3
2022,2,83,ch,m,328,0,1,0,2,4
2022,2,84,ch,m,347,0,0,0,2,3
2022,2,85,ch,m,299,0,0,2,3,3
2022,2,86,ch,m,282,0,1,0,3,4
2022,2,87,ch,m,230,0,0,0,2,4
2022,2,88,ch,m,211,0,0,0,3,3
2022,2,89,ch,m,160,0,1,0,4,3
2022,2,90,ch,m,149,0,0,0,0,1
2022,2,91,ch,m,142,0,2,0,3,6
2022,2,92,ch,m,90,0,0,0,3,2
2022,2,93,ch,m,69,0,0,0,1,3
2022,2,94,ch,m,60,0,0,0,4,1
2022,2,95,ch,m,33,0,0,0,0,0
2022,2,96,ch,m,24,0,0,0,0,0
2022,2,97,ch,m,16,0,0,0,0,0
2022,2,98,ch,m,10,0,0,0,0,0
2022,2,99,ch,m,4,0,0,0,0,0
2022,2,100,ch,m,7,0,0,0,0,0
2022,2,0,ch,f,0,639,18,0,19,20
2022,2,1,ch,f,680,0,22,3,53,57
2022,2,2,ch,f,629,0,30,1,51,38
2022,2,3,ch,f,675,0,25,2,34,32
2022,2,4,ch,f,660,0,19,4,23,22
2022,2,5,ch,f,723,0,8,4,23,26
2022,2,6,ch,f,737,0,5,3,15,16
2022,2,7,ch,f,678,0,8,1,2,10
2022,2,8,ch,f,684,0,6,3,10,12
2022,2,9,ch,f,691,0,8,1,7,10
2022,2,10,ch,f,690,0,8,1,6,8
2022,2,11,ch,f,662,0,3,1,5,7
2022,2,12,ch,f,772,0,7,1,11,8
2022,2,13,ch,f,716,0,7,0,9,8
2022,2,14,ch,f,737,0,5,3,8,8
2022,2,15,ch,f,678,0,5,0,10,10
2022,2,16,ch,f,671,0,3,2,22,17
2022,2,17,ch,f,667,0,4,0,17,15
2022,2,18,ch,f,713,0,8,2,22,14
2022,2,19,ch,f,677,0,6,0,28,24
2022,2,20,ch,f,647,0,18,3,37,42
2022,2,21,ch,f,680,0,35,2,47,48
2022,2,22,ch,f,724,0,38,3,66,71
2022,2,23,ch,f,734,0,56,1,80,86
2022,2,24,ch,f,732,0,50,3,100,99
2022,2,25,ch,f,740,0,52,3,99,110
2022,2,26,ch,f,757,0,55,0,92,110
2022,2,27,ch,f,769,0,40,1,99,102
2022,2,28,ch,f,728,0,60,1,99,82
2022,2,29,ch,f,752,0,60,5,70,71
2022,2,30,ch,f,840,0,52,4,79,90
2022,2,31,ch,f,758,0,54,2,88,77
2022,2,32,ch,f,842,0,51,2,60,58
2022,2,33,ch,f,810,0,38,2,75,74
2022,2,34,ch,f,870,0,31,6,69,66
2022,2,35,ch,f,826,0,43,1,72,64
2022,2,36,ch,f,841,0,32,2,39,43
2022,2,37,ch,f,832,0,19,3,36,36
2022,2,38,ch,f,836,0,26,3,35,36
2022,2,39,ch,f,816,0,16,2,25,32
2022,2,40,ch,f,934,0,21,2,26,31
2022,2,41,ch,f,891,0,9,3,21,27
2022,2,42,ch,f,850,0,21,1,30,20
2022,2,43,ch,f,878,0,14,1,14,15
2022,2,44,ch,f,788,0,7,1,18,14
2022,2,45,ch,f,858,0,8,1,22,23
2022,2,46,ch,f,900,0,7,2,15,18
2022,2,47,ch,f,835,0,10,1,19,22
2022,2,48,ch,f,838,0,9,3,14,16
2022,2,49,ch,f,842,0,11,1,19,22
2022,2,50,ch,f,898,0,12,2,23,21
2022,2,51,ch,f,974,0,11,3,24,20
2022,2,52,ch,f,1031,0,14,1,27,27
2022,2,53,ch,f,964,0,10,1,26,23
2022,2,54,ch,f,1088,0,13,0,28,31
2022,2,55,ch,f,1061,0,10,1,20,25
2022,2,56,ch,f,1089,0,12,1,25,25
2022,2,57,ch,f,1073,0,7,0,21,21
2022,2,58,ch,f,1133,0,6,2,20,16
2022,2,59,ch,f,1109,0,6,2,20,26
2022,2,60,ch,f,1079,0,8,0,26,19
2022,2,61,ch,f,1043,0,6,0,15,12
2022,2,62,ch,f,985,0,4,1,19,16
2022,2,63,ch,f,1018,0,7,0,15,18
2022,2,64,ch,f,976,0,9,0,12,17
2022,2,65,ch,f,887,0,11,0,13,12
2022,2,66,ch,f,925,0,2,1,12,13
2022,2,67,ch,f,916,0,5,1,15,11
2022,2,68,ch,f,846,0,2,1,13,7
2022,2,69,ch,f,870,0,5,0,11,10
2022,2,70,ch,f,814,0,3,2,10,6
2022,2,71,ch,f,796,0,5,1,8,8
2022,2,72,ch,f,817,0,2,1,6,10
2022,2,73,ch,f,811,0,5,0,5,3
2022,2,74,ch,f,786,0,3,1,6,6
2022,2,75,ch,f,807,0,2,0,12,9
2022,2,76,ch,f,722,0,5,0,3,6
2022,2,77,ch,f,740,0,1,0,6,8
2022,2,78,ch,f,699,0,0,0,4,5
2022,2,79,ch,f,738,0,2,0,7,10
2022,2,80,ch,f,633,0,2,1,6,7
2022,2,81,ch,f,574,0,2,1,6,6
2022,2,82,ch,f,464,0,1,1,5,3
2022,2,83,ch,f,455,0,2,0,5,5
2022,2,84,ch,f,439,0,0,0,3,8
2022,2,85,ch,f,410,0,0,0,3,7
2022,2,86,ch,f,409,0,0,0,6,12
2022,2,87,ch,f,305,0,3,0,6,5
2022,2,88,ch,f,345,0,0,0,6,6
2022,2,89,ch,f,288,0,0,0,4,6
2022,2,90,ch,f,276,0,1,0,6,1
2022,2,91,ch,f,215,0,0,0,4,3
2022,2,92,ch,f,175,0,0,0,3,3
2022,2,93,ch,f,163,0,0,0,2,2
2022,2,94,ch,f,128,0,0,0,1,1
2022,2,95,ch,f,104,0,0,0,2,2
2022,2,96,ch,f,79,0,0,0,1,0
2022,2,97,ch,f,46,0,0,0,1,2
2022,2,98,ch,f,32,0,0,0,0,0
2022,2,99,ch,f,24,0,0,0,1,0
2022,2,100,ch,f,36,0,0,0,0,1
2022,2,0,int,m,0,332,6,3,14,18
2022,2,1,int,m,339,0,16,21,30,27
2022,2,2,int,m,379,0,10,9,22,19
2022,2,3,int,m,391,0,9,12,13,17
2022,2,4,int,m,370,0,8,17,13,14
2022,2,5,int,m,376,0,2,14,20,16
2022,2,6,int,m,411,0,4,18,12,17
2022,2,7,int,m,386,0,4,15,15,21
2022,2,8,int,m,378,0,7,18,12,15
2022,2,9,int,m,334,0,8,13,18,20
2022,2,10,int,m,368,0,6,10,10,7
2022,2,11,int,m,361,0,3,10,9,15
2022,2,12,int,m,342,0,6,12,8,7
2022,2,13,int,m,317,0,1,12,11,15
2022,2,14,int,m,334,0,4,18,5,2
2022,2,15,int,m,290,0,3,18,11,6
2022,2,16,int,m,300,0,4,69,14,17
2022,2,17,int,m,327,0,4,55,50,59
2022,2,18,int,m,307,0,7,22,40,59
2022,2,19,int,m,296,0,6,9,10,21
2022,2,20,int,m,296,0,5,24,18,28
2022,2,21,int,m,272,0,10,32,33,37
2022,2,22,int,m,321,0,16,41,27,43
2022,2,23,int,m,307,0,11,41,39,44
2022,2,24,int,m,354,0,24,50,47,55
2022,2,25,int,m,383,0,30,43,59,63
2022,2,26,int,m,454,0,31,56,48,55
2022,2,27,int,m,449,0,33,52,49,67
2022,2,28,int,m,465,0,27,71,58,65
2022,2,29,int,m,497,0,30,43,79,68
2022,2,30,int,m,520,0,27,51,65,59
2022,2,31,int,m,575,0,46,37,51,50
2022,2,32,int,m,659,0,51,43,67,70
2022,2,33,int,m,639,0,37,34,61,59
2022,2,34,int,m,609,0,46,55,65,67
2022,2,35,int,m,651,0,36,40,65,53
2022,2,36,int,m,656,0,40,35,41,50
2022,2,37,int,m,648,0,34,38,57,53
2022,2,38,int,m,678,0,30,50,49,48
2022,2,39,int,m,666,0,30,40,37,35
2022,2,40,int,m,695,0,20,24,45,36
2022,2,41,int,m,650,0,27,36,44,31
2022,2,42,int,m,638,0,23,37,38,34
2022,2,43,int,m,621,0,16,33,34,41
2022,2,44,int,m,632,0,27,24,25,21
2022,2,45,int,m,609,0,19,20,28,23
2022,2,46,int,m,571,0,18,36,23,23
2022,2,47,int,m,536,0,15,30,19,23
2022,2,48,int,m,550,0,12,19,21,25
2022,2,49,int,m,495,0,11,17,30,26
2022,2,50,int,m,529,0,16,13,20,25
2022,2,51,int,m,502,0,12,16,22,21
2022,2,52,int,m,467,0,21,23,14,27
2022,2,53,int,m,457,0,8,16,21,12
2022,2,54,int,m,470,0,9,14,20,14
2022,2,55,int,m,481,0,12,13,11,15
2022,2,56,int,m,430,0,12,10,14,18
2022,2,57,int,m,454,0,10,9,14,10
2022,2,58,int,m,445,0,6,7,12,12
2022,2,59,int,m,409,0,6,2,14,8
2022,2,60,int,m,381,0,3,3,13,11
2022,2,61,int,m,343,0,4,4,5,6
2022,2,62,int,m,312,0,4,6,11,7
2022,2,63,int,m,284,0,3,2,1,7
2022,2,64,int,m,266,0,3,1,6,9
2022,2,65,int,m,214,0,1,0,6,5
2022,2,66,int,m,226,0,2,3,9,5
2022,2,67,int,m,194,0,0,0,1,4
2022,2,68,int,m,203,0,0,1,3,5
2022,2,69,int,m,141,0,1,3,4,3
2022,2,70,int,m,156,0,0,0,3,3
2022,2,71,int,m,151,0,0,2,1,1
2022,2,72,int,m,165,0,0,1,4,4
2022,2,73,int,m,134,0,1,0,1,2
2022,2,74,int,m,136,0,2,1,0,0
2022,2,75,int,m,120,0,2,0,0,1
2022,2,76,int,m,107,0,2,1,2,3
2022,2,77,int,m,90,0,2,0,0,0
2022,2,78,int,m,99,0,1,0,1,1
2022,2,79,int,m,104,0,0,1,0,0
2022,2,80,int,m,93,0,0,0,1,0
2022,2,81,int,m,70,0,0,1,1,1
2022,2,82,int,m,94,0,0,1,2,1
2022,2,83,int,m,77,0,0,1,1,1
2022,2,84,int,m,65,0,0,1,0,0
2022,2,85,int,m,61,0,0,0,0,0
2022,2,86,int,m,48,0,0,0,0,0
2022,2,87,int,m,34,0,0,1,1,1
2022,2,88,int,m,29,0,0,0,0,0
2022,2,89,int,m,19,0,0,0,0,0
2022,2,90,int,m,10,0,0,0,0,0
2022,2,91,int,m,6,0,0,0,0,0
2022,2,92,int,m,7,0,0,0,0,0
2022,2,93,int,m,9,0,0,0,0,0
2022,2,94,int,m,5,0,0,0,0,1
2022,2,95,int,m,1,0,0,0,0,0
2022,2,96,int,m,2,0,0,0,0,0
2022,2,97,int,m,0,0,0,0,0,0
2022,2,98,int,m,0,0,0,0,0,0
2022,2,99,int,m,0,0,0,0,0,0
2022,2,100,int,m,0,0,0,0,0,0
2022,2,0,int,f,0,321,8,3,6,7
2022,2,1,int,f,325,0,17,14,20,23
2022,2,2,int,f,374,0,9,15,21,24
2022,2,3,int,f,365,0,6,22,26,33
2022,2,4,int,f,349,0,8,16,15,16
2022,2,5,int,f,344,0,8,22,16,21
2022,2,6,int,f,382,0,6,16,15,21
2022,2,7,int,f,317,0,6,18,15,11
2022,2,8,int,f,330,0,2,10,11,13
2022,2,9,int,f,350,0,4,11,11,14
2022,2,10,int,f,356,0,3,9,9,11
2022,2,11,int,f,322,0,4,15,13,6
2022,2,12,int,f,307,0,3,16,19,14
2022,2,13,int,f,301,0,2,11,16,13
2022,2,14,int,f,291,0,3,12,10,3
2022,2,15,int,f,274,0,1,15,11,8
2022,2,16,int,f,269,0,4,6,14,12
2022,2,17,int,f,299,0,3,7,7,5
2022,2,18,int,f,256,0,5,7,17,9
2022,2,19,int,f,244,0,6,15,11,14
2022,2,20,int,f,230,0,11,23,23,27
2022,2,21,int,f,226,0,11,32,23,22
2022,2,22,int,f,261,0,16,38,27,30
2022,2,23,int,f,289,0,17,40,27,39
2022,2,24,int,f,288,0,30,44,42,32
2022,2,25,int,f,321,0,31,44,32,35
2022,2,26,int,f,381,0,20,49,52,42
2022,2,27,int,f,407,0,25,50,48,40
2022,2,28,int,f,440,0,21,42,35,51
2022,2,29,int,f,424,0,29,42,43,31
2022,2,30,int,f,518,0,26,41,39,42
2022,2,31,int,f,544,0,30,28,37,38
2022,2,32,int,f,552,0,34,35,39,29
2022,2,33,int,f,550,0,23,29,35,50
2022,2,34,int,f,584,0,27,28,39,36
2022,2,35,int,f,592,0,19,34,29,30
2022,2,36,int,f,589,0,23,22,31,30
2022,2,37,int,f,580,0,19,18,26,25
2022,2,38,int,f,615,0,13,33,23,31
2022,2,39,int,f,595,0,9,22,20,17
2022,2,40,int,f,602,0,13,26,26,25
2022,2,41,int,f,548,0,13,17,32,18
2022,2,42,int,f,578,0,13,24,13,22
2022,2,43,int,f,506,0,9,14,13,14
2022,2,44,int,f,530,0,18,14,22,19
2022,2,45,int,f,507,0,9,17,15,14
2022,2,46,int,f,457,0,6,16,9,12
2022,2,47,int,f,491,0,8,12,19,18
2022,2,48,int,f,476,0,5,15,23,13
2022,2,49,int,f,431,0,7,12,11,11
2022,2,50,int,f,432,0,8,19,13,11
2022,2,51,int,f,427,0,6,7,10,20
2022,2,52,int,f,403,0,5,9,14,14
2022,2,53,int,f,385,0,3,16,17,13
2022,2,54,int,f,406,0,8,14,7,21
2022,2,55,int,f,398,0,7,9,12,16
2022,2,56,int,f,354,0,6,5,10,15
2022,2,57,int,f,346,0,2,9,14,11
2022,2,58,int,f,377,0,3,2,9,8
2022,2,59,int,f,316,0,1,9,9,5
2022,2,60,int,f,303,0,2,3,7,5
2022,2,61,int,f,264,0,4,2,5,6
2022,2,62,int,f,275,0,5,4,8,7
2022,2,63,int,f,244,0,2,0,6,10
2022,2,64,int,f,213,0,3,3,4,3
2022,2,65,int,f,185,0,1,4,5,4
2022,2,66,int,f,178,0,2,3,5,4
2022,2,67,int,f,182,0,2,6,2,2
2022,2,68,int,f,197,0,1,1,1,3
2022,2,69,int,f,156,0,4,3,1,1
2022,2,70,int,f,157,0,0,1,1,2
2022,2,71,int,f,163,0,0,2,1,2
2022,2,72,int,f,130,0,1,2,4,3
2022,2,73,int,f,137,0,0,4,2,0
2022,2,74,int,f,124,0,3,0,1,4
2022,2,75,int,f,90,0,0,0,2,0
2022,2,76,int,f,107,0,0,1,1,1
2022,2,77,int,f,81,0,0,0,1,1
2022,2,78,int,f,89,0,0,0,2,1
2022,2,79,int,f,73,0,0,0,3,2
2022,2,80,int,f,89,0,0,2,0,1
2022,2,81,int,f,70,0,1,0,0,0
2022,2,82,int,f,78,0,1,1,2,2
2022,2,83,int,f,81,0,0,1,0,0
2022,2,84,int,f,57,0,1,1,0,1
2022,2,85,int,f,60,0,0,0,0,0
2022,2,86,int,f,29,0,0,0,0,1
2022,2,87,int,f,35,0,0,1,2,1
2022,2,88,int,f,27,0,0,0,1,2
2022,2,89,int,f,25,0,0,0,0,0
2022,2,90,int,f,11,0,0,0,0,0
2022,2,91,int,f,17,0,0,0,0,0
2022,2,92,int,f,9,0,1,0,0,0
2022,2,93,int,f,7,0,0,0,1,0
2022,2,94,int,f,3,0,0,0,0,0
2022,2,95,int,f,6,0,0,0,0,0
2022,2,96,int,f,2,0,0,0,0,0
2022,2,97,int,f,0,0,0,1,0,0
2022,2,98,int,f,0,0,0,1,0,0
2022,2,99,int,f,4,0,0,0,0,0
2022,2,100,int,f,1,0,0,0,0,0
2023,2,0,ch,m,0,646,24,3,21,12
2023,2,1,ch,m,675,0,24,6,58,50
2023,2,2,ch,m,831,0,22,1,52,56
2023,2,3,ch,m,734,0,14,0,45,48
2023,2,4,ch,m,752,0,23,2,36,31
2023,2,5,ch,m,773,0,14,0,13,15
2023,2,6,ch,m,761,0,8,2,12,16
2023,2,7,ch,m,730,0,15,1,8,11
2023,2,8,ch,m,757,0,13,1,10,10
2023,2,9,ch,m,783,0,9,1,7,10
2023,2,10,ch,m,771,0,5,2,6,6
2023,2,11,ch,m,767,0,6,2,7,8
2023,2,12,ch,m,736,0,8,1,10,9
2023,2,13,ch,m,731,0,6,1,9,7
2023,2,14,ch,m,726,0,5,1,13,12
2023,2,15,ch,m,765,0,4,0,9,9
2023,2,16,ch,m,718,0,6,2,16,14
2023,2,17,ch,m,766,0,3,1,8,10
2023,2,18,ch,m,715,0,5,1,16,18
2023,2,19,ch,m,768,0,9,4,19,12
2023,2,20,ch,m,755,0,13,2,28,28
2023,2,21,ch,m,683,0,10,2,36,39
2023,2,22,ch,m,672,0,20,5,36,39
2023,2,23,ch,m,756,0,25,2,56,67
2023,2,24,ch,m,738,0,29,2,55,60
2023,2,25,ch,m,694,0,41,5,96,88
2023,2,26,ch,m,743,0,46,2,64,89
2023,2,27,ch,m,788,0,58,4,73,104
2023,2,28,ch,m,724,0,40,2,61,78
2023,2,29,ch,m,727,0,39,4,83,71
2023,2,30,ch,m,755,0,52,1,76,76
2023,2,31,ch,m,810,0,49,1,91,88
2023,2,32,ch,m,776,0,45,1,75,84
2023,2,33,ch,m,793,0,31,2,64,73
2023,2,34,ch,m,840,0,46,3,67,81
2023,2,35,ch,m,824,0,30,0,56,64
2023,2,36,ch,m,802,0,40,1,41,44
2023,2,37,ch,m,841,0,35,1,47,48
2023,2,38,ch,m,789,0,28,3,43,34
2023,2,39,ch,m,863,0,18,2,49,39
2023,2,40,ch,m,811,0,24,2,47,41
2023,2,41,ch,m,919,0,14,0,36,23
2023,2,42,ch,m,900,0,20,3,28,30
2023,2,43,ch,m,897,0,16,3,25,21
2023,2,44,ch,m,845,0,11,0,24,20
2023,2,45,ch,m,814,0,14,4,15,18
2023,2,46,ch,m,816,0,18,3,24,21
2023,2,47,ch,m,797,0,16,0,13,17
2023,2,48,ch,m,786,0,9,1,19,22
2023,2,49,ch,m,859,0,8,0,18,14
2023,2,50,ch,m,853,0,9,2,27,19
2023,2,51,ch,m,840,0,10,0,20,12
2023,2,52,ch,m,871,0,9,2,20,22
2023,2,53,ch,m,929,0,6,1,17,12
2023,2,54,ch,m,991,0,10,3,22,30
2023,2,55,ch,m,1035,0,14,0,19,22
2023,2,56,ch,m,1054,0,8,2,12,11
2023,2,57,ch,m,1083,0,17,0,21,25
2023,2,58,ch,m,1104,0,6,1,24,21
2023,2,59,ch,m,1040,0,12,0,19,19
2023,2,60,ch,m,1024,0,17,3,10,11
2023,2,61,ch,m,1011,0,6,0,10,13
2023,2,62,ch,m,960,0,8,2,16,9
2023,2,63,ch,m,937,0,5,1,16,12
2023,2,64,ch,m,892,0,6,1,5,16
2023,2,65,ch,m,881,0,11,4,11,18
2023,2,66,ch,m,867,0,8,3,14,9
2023,2,67,ch,m,855,0,6,1,10,12
2023,2,68,ch,m,824,0,4,1,11,10
2023,2,69,ch,m,780,0,2,0,7,9
2023,2,70,ch,m,771,0,5,0,8,8
2023,2,71,ch,m,679,0,3,0,6,8
2023,2,72,ch,m,703,0,2,1,5,10
2023,2,73,ch,m,713,0,3,0,7,5
2023,2,74,ch,m,725,0,2,1,10,6
2023,2,75,ch,m,672,0,2,0,6,3
2023,2,76,ch,m,671,0,4,2,11,6
2023,2,77,ch,m,668,0,4,0,0,5
2023,2,78,ch,m,618,0,4,2,11,12
2023,2,79,ch,m,626,0,1,1,2,9
2023,2,80,ch,m,555,0,0,1,5,5
2023,2,81,ch,m,531,0,1,0,2,2
2023,2,82,ch,m,426,0,1,0,5,6
2023,2,83,ch,m,344,0,0,0,3,6
2023,2,84,ch,m,301,0,0,0,2,1
2023,2,85,ch,m,325,0,1,0,6,5
2023,2,86,ch,m,281,0,1,1,2,4
2023,2,87,ch,m,248,0,1,0,3,2
2023,2,88,ch,m,207,0,0,0,1,0
2023,2,89,ch,m,179,0,0,0,2,2
2023,2,90,ch,m,144,0,0,0,1,4
2023,2,91,ch,m,134,0,1,0,1,0
2023,2,92,ch,m,119,0,0,0,2,3
2023,2,93,ch,m,74,0,0,0,2,1
2023,2,94,ch,m,52,0,0,0,2,0
2023,2,95,ch,m,46,0,0,0,0,0
2023,2,96,ch,m,30,0,0,0,1,1
2023,2,97,ch,m,19,0,0,0,0,0
2023,2,98,ch,m,9,0,0,0,0,0
2023,2,99,ch,m,5,0,0,0,0,0
2023,2,100,ch,m,5,0,0,0,0,0
2023,2,0,ch,f,0,663,18,1,20,33
2023,2,1,ch,f,653,0,18,3,51,45
2023,2,2,ch,f,698,0,28,3,41,44
2023,2,3,ch,f,659,0,25,0,27,27
2023,2,4,ch,f,698,0,26,4,25,26
2023,2,5,ch,f,674,0,8,1,20,15
2023,2,6,ch,f,729,0,8,2,10,12
2023,2,7,ch,f,742,0,10,1,9,10
2023,2,8,ch,f,668,0,3,0,7,11
2023,2,9,ch,f,695,0,5,1,8,6
2023,2,10,ch,f,695,0,4,2,5,10
2023,2,11,ch,f,695,0,6,2,9,6
2023,2,12,ch,f,674,0,3,1,9,10
2023,2,13,ch,f,787,0,3,0,10,9
2023,2,14,ch,f,729,0,2,2,5,7
2023,2,15,ch,f,747,0,1,0,7,8
2023,2,16,ch,f,693,0,4,3,6,5
2023,2,17,ch,f,691,0,5,1,8,15
2023,2,18,ch,f,684,0,4,0,14,19
2023,2,19,ch,f,729,0,12,0,21,27
2023,2,20,ch,f,681,0,27,5,42,46
2023,2,21,ch,f,642,0,25,2,43,55
2023,2,22,ch,f,692,0,29,1,63,55
2023,2,23,ch,f,725,0,50,1,70,64
2023,2,24,ch,f,731,0,46,6,87,81
2023,2,25,ch,f,733,0,63,3,90,90
2023,2,26,ch,f,735,0,56,0,98,107
2023,2,27,ch,f,736,0,60,2,83,92
2023,2,28,ch,f,746,0,51,4,91,84
2023,2,29,ch,f,766,0,61,1,80,91
2023,2,30,ch,f,771,0,55,4,79,81
2023,2,31,ch,f,831,0,50,2,95,97
2023,2,32,ch,f,801,0,38,2,61,62
2023,2,33,ch,f,878,0,27,3,71,60
2023,2,34,ch,f,825,0,37,1,63,62
2023,2,35,ch,f,889,0,32,3,61,53
2023,2,36,ch,f,860,0,30,0,43,39
2023,2,37,ch,f,847,0,22,3,39,45
2023,2,38,ch,f,832,0,26,0,37,41
2023,2,39,ch,f,857,0,20,4,40,41
2023,2,40,ch,f,820,0,17,0,46,28
2023,2,41,ch,f,934,0,13,0,26,25
2023,2,42,ch,f,892,0,14,2,28,28
2023,2,43,ch,f,883,0,11,6,17,23
2023,2,44,ch,f,894,0,22,1,27,14
2023,2,45,ch,f,788,0,10,1,23,22
2023,2,46,ch,f,861,0,7,3,17,15
2023,2,47,ch,f,895,0,10,1,26,17
2023,2,48,ch,f,835,0,19,0,13,25
2023,2,49,ch,f,840,0,6,1,15,17
2023,2,50,ch,f,840,0,9,1,18,19
2023,2,51,ch,f,905,0,8,1,16,26
2023,2,52,ch,f,983,0,12,1,26,24
2023,2,53,ch,f,1039,0,3,3,22,24
2023,2,54,ch,f,965,0,14,1,21,21
2023,2,55,ch,f,1083,0,6,3,28,26
2023,2,56,ch,f,1055,0,7,3,26,23
2023,2,57,ch,f,1095,0,16,1,22,22
2023,2,58,ch,f,1065,0,10,3,24,21
2023,2,59,ch,f,1127,0,17,2,21,21
2023,2,60,ch,f,1094,0,12,1,22,19
2023,2,61,ch,f,1079,0,11,1,17,15
2023,2,62,ch,f,1040,0,8,1,17,18
2023,2,63,ch,f,970,0,6,1,12,21
2023,2,64,ch,f,1007,0,11,1,26,26
2023,2,65,ch,f,958,0,3,1,11,11
2023,2,66,ch,f,878,0,7,0,18,11
2023,2,67,ch,f,910,0,4,0,11,11
2023,2,68,ch,f,910,0,3,2,7,9
2023,2,69,ch,f,844,0,5,0,15,11
2023,2,70,ch,f,858,0,5,0,8,12
2023,2,71,ch,f,805,0,2,0,12,9
2023,2,72,ch,f,788,0,4,1,9,14
2023,2,73,ch,f,794,0,4,1,7,11
2023,2,74,ch,f,807,0,2,0,4,10
2023,2,75,ch,f,772,0,3,0,7,9
2023,2,76,ch,f,800,0,1,1,11,15
2023,2,77,ch,f,706,0,2,1,7,6
2023,2,78,ch,f,726,0,5,1,7,5
2023,2,79,ch,f,690,0,2,1,5,13
2023,2,80,ch,f,717,0,3,0,4,11
2023,2,81,ch,f,615,0,1,2,3,4
2023,2,82,ch,f,554,0,3,0,7,7
2023,2,83,ch,f,451,0,1,0,4,4
2023,2,84,ch,f,436,0,0,0,4,3
2023,2,85,ch,f,410,0,0,0,9,8
2023,2,86,ch,f,389,0,0,0,7,4
2023,2,87,ch,f,371,0,5,0,5,8
2023,2,88,ch,f,285,0,0,0,5,6
2023,2,89,ch,f,310,0,0,0,3,2
2023,2,90,ch,f,255,0,0,0,4,5
2023,2,91,ch,f,254,0,1,0,7,4
2023,2,92,ch,f,195,0,1,0,5,8
2023,2,93,ch,f,136,0,0,0,2,3
2023,2,94,ch,f,132,0,0,0,4,5
2023,2,95,ch,f,96,0,0,0,4,3
2023,2,96,ch,f,81,0,0,0,0,2
2023,2,97,ch,f,60,0,0,0,1,2
2023,2,98,ch,f,34,0,0,0,0,0
2023,2,99,ch,f,18,0,0,0,0,0
2023,2,100,ch,f,39,0,0,0,0,0
2023,2,0,int,m,0,299,6,4,5,7
2023,2,1,int,m,332,0,13,16,23,23
2023,2,2,int,m,394,0,9,18,27,26
2023,2,3,int,m,391,0,9,25,20,15
2023,2,4,int,m,393,0,11,18,16,18
2023,2,5,int,m,378,0,4,22,20,20
2023,2,6,int,m,383,0,3,18,12,11
2023,2,7,int,m,421,0,5,12,10,11
2023,2,8,int,m,387,0,0,15,12,16
2023,2,9,int,m,386,0,1,18,17,16
2023,2,10,int,m,354,0,6,9,13,7
2023,2,11,int,m,378,0,3,16,8,10
2023,2,12,int,m,352,0,5,5,16,16
2023,2,13,int,m,346,0,3,11,13,10
2023,2,14,int,m,322,0,3,12,10,11
2023,2,15,int,m,349,0,3,15,11,14
2023,2,16,int,m,304,0,2,46,16,20
2023,2,17,int,m,365,0,2,75,25,59
2023,2,18,int,m,383,0,4,27,60,102
2023,2,19,int,m,315,0,4,21,28,27
2023,2,20,int,m,294,0,9,13,19,24
2023,2,21,int,m,302,0,12,30,33,24
2023,2,22,int,m,297,0,14,42,39,44
2023,2,23,int,m,346,0,23,45,43,44
2023,2,24,int,m,337,0,33,41,34,47
2023,2,25,int,m,399,0,23,58,71,67
2023,2,26,int,m,427,0,51,58,66,67
2023,2,27,int,m,498,0,36,51,79,76
2023,2,28,int,m,483,0,33,49,76,77
2023,2,29,int,m,516,0,36,57,68,74
2023,2,30,int,m,537,0,43,57,77,72
2023,2,31,int,m,551,0,58,44,69,55
2023,2,32,int,m,616,0,53,53,74,52
2023,2,33,int,m,682,0,28,33,69,53
2023,2,34,int,m,649,0,46,40,61,59
2023,2,35,int,m,665,0,47,39,62,60
2023,2,36,int,m,691,0,45,46,52,52
2023,2,37,int,m,677,0,22,42,44,49
2023,2,38,int,m,679,0,29,33,50,52
2023,2,39,int,m,710,0,44,26,58,46
2023,2,40,int,m,694,0,32,31,48,42
2023,2,41,int,m,704,0,27,30,46,36
2023,2,42,int,m,667,0,29,25,30,32
2023,2,43,int,m,660,0,32,22,41,43
2023,2,44,int,m,619,0,22,31,45,42
2023,2,45,int,m,644,0,24,23,30,38
2023,2,46,int,m,615,0,17,25,35,36
2023,2,47,int,m,590,0,15,26,25,29
2023,2,48,int,m,540,0,14,19,30,20
2023,2,49,int,m,537,0,23,22,23,27
2023,2,50,int,m,510,0,19,11,27,25
2023,2,51,int,m,529,0,15,18,21,26
2023,2,52,int,m,499,0,15,14,14,21
2023,2,53,int,m,469,0,15,15,23,16
2023,2,54,int,m,467,0,9,11,24,21
2023,2,55,int,m,477,0,21,17,18,15
2023,2,56,int,m,463,0,13,9,12,12
2023,2,57,int,m,419,0,10,10,16,13
2023,2,58,int,m,451,0,6,6,13,15
2023,2,59,int,m,435,0,10,5,12,18
2023,2,60,int,m,406,0,8,3,14,7
2023,2,61,int,m,368,0,2,1,8,4
2023,2,62,int,m,332,0,2,2,8,6
2023,2,63,int,m,319,0,2,1,11,11
2023,2,64,int,m,260,0,2,5,11,7
2023,2,65,int,m,249,0,5,4,4,5
2023,2,66,int,m,189,0,4,1,5,3
2023,2,67,int,m,217,0,1,2,2,2
2023,2,68,int,m,178,0,4,1,3,4
2023,2,69,int,m,194,0,2,0,4,3
2023,2,70,int,m,137,0,2,0,6,6
2023,2,71,int,m,152,0,0,1,3,2
2023,2,72,int,m,142,0,0,0,2,4
2023,2,73,int,m,161,0,2,0,1,5
2023,2,74,int,m,128,0,1,0,1,1
2023,2,75,int,m,135,0,3,0,0,0
2023,2,76,int,m,115,0,1,0,5,3
2023,2,77,int,m,100,0,1,1,1,5
2023,2,78,int,m,90,0,1,0,1,0
2023,2,79,int,m,99,0,0,0,0,0
2023,2,80,int,m,100,0,0,0,1,2
2023,2,81,int,m,89,0,1,1,1,1
2023,2,82,int,m,68,0,0,0,0,2
2023,2,83,int,m,90,0,0,0,0,0
2023,2,84,int,m,75,0,1,0,1,3
2023,2,85,int,m,60,0,1,0,0,0
2023,2,86,int,m,57,0,1,0,0,0
2023,2,87,int,m,43,0,0,0,0,0
2023,2,88,int,m,32,0,0,0,1,1
2023,2,89,int,m,24,0,0,0,0,1
2023,2,90,int,m,16,0,0,0,0,0
2023,2,91,int,m,10,0,0,0,0,0
2023,2,92,int,m,5,0,0,0,0,0
2023,2,93,int,m,3,0,0,0,0,0
2023,2,94,int,m,7,0,0,0,0,0
2023,2,95,int,m,2,0,0,0,0,0
2023,2,96,int,m,0,0,0,0,0,0
2023,2,97,int,m,2,0,0,0,0,0
2023,2,98,int,m,0,0,0,0,0,0
2023,2,99,int,m,0,0,0,0,0,0
2023,2,100,int,m,0,0,0,0,0,0
2023,2,0,int,f,0,279,4,6,14,11
2023,2,1,int,f,327,0,10,15,18,18
2023,2,2,int,f,363,0,14,20,18,21
2023,2,3,int,f,384,0,7,16,26,25
2023,2,4,int,f,377,0,7,17,14,20
2023,2,5,int,f,354,0,7,19,16,18
2023,2,6,int,f,359,0,6,18,15,15
2023,2,7,int,f,384,0,4,16,13,12
2023,2,8,int,f,343,0,3,17,15,23
2023,2,9,int,f,327,0,5,15,11,8
2023,2,10,int,f,358,0,0,9,17,11
2023,2,11,int,f,354,0,5,16,12,12
2023,2,12,int,f,332,0,2,14,8,6
2023,2,13,int,f,319,0,1,16,12,11
2023,2,14,int,f,302,0,1,12,13,6
2023,2,15,int,f,301,0,4,6,12,9
2023,2,16,int,f,277,0,3,14,10,6
2023,2,17,int,f,262,0,2,5,16,16
2023,2,18,int,f,291,0,3,7,14,12
2023,2,19,int,f,264,0,9,17,16,17
2023,2,20,int,f,242,0,10,17,14,15
2023,2,21,int,f,241,0,16,29,17,29
2023,2,22,int,f,255,0,21,34,30,21
2023,2,23,int,f,287,0,19,38,37,35
2023,2,24,int,f,312,0,24,43,51,43
2023,2,25,int,f,343,0,28,48,51,50
2023,2,26,int,f,356,0,28,45,38,47
2023,2,27,int,f,424,0,25,54,42,50
2023,2,28,int,f,449,0,30,38,40,30
2023,2,29,int,f,465,0,30,60,53,57
2023,2,30,int,f,473,0,34,28,53,41
2023,2,31,int,f,554,0,31,41,45,38
2023,2,32,int,f,563,0,32,32,45,46
2023,2,33,int,f,589,0,28,31,44,43
2023,2,34,int,f,558,0,27,34,44,36
2023,2,35,int,f,605,0,23,33,36,36
2023,2,36,int,f,615,0,23,26,23,27
2023,2,37,int,f,609,0,24,25,35,32
2023,2,38,int,f,588,0,20,23,35,32
2023,2,39,int,f,624,0,12,18,25,27
2023,2,40,int,f,606,0,17,27,25,25
2023,2,41,int,f,615,0,13,21,21,25
2023,2,42,int,f,577,0,17,24,31,30
2023,2,43,int,f,578,0,17,24,15,19
2023,2,44,int,f,503,0,9,14,15,10
2023,2,45,int,f,547,0,8,27,24,18
2023,2,46,int,f,515,0,13,16,19,20
2023,2,47,int,f,456,0,10,10,23,14
2023,2,48,int,f,487,0,8,9,9,18
2023,2,49,int,f,493,0,12,11,15,19
2023,2,50,int,f,432,0,11,10,9,7
2023,2,51,int,f,442,0,6,11,9,11
2023,2,52,int,f,418,0,10,12,12,12
2023,2,53,int,f,396,0,7,16,16,19
2023,2,54,int,f,397,0,12,3,11,12
2023,2,55,int,f,393,0,9,12,8,10
2023,2,56,int,f,387,0,6,7,14,11
2023,2,57,int,f,341,0,7,7,10,10
2023,2,58,int,f,351,0,9,3,5,6
2023,2,59,int,f,367,0,7,6,7,6
2023,2,60,int,f,317,0,3,8,3,4
2023,2,61,int,f,295,0,5,3,4,5
2023,2,62,int,f,259,0,5,3,7,7
2023,2,63,int,f,269,0,3,3,10,9
2023,2,64,int,f,231,0,3,0,2,5
2023,2,65,int,f,208,0,4,5,8,10
2023,2,66,int,f,179,0,1,1,3,3
2023,2,67,int,f,173,0,1,1,3,3
2023,2,68,int,f,186,0,0,0,5,3
2023,2,69,int,f,192,0,1,1,1,3
2023,2,70,int,f,159,0,2,2,4,3
2023,2,71,int,f,153,0,3,1,2,1
2023,2,72,int,f,161,0,0,1,2,2
2023,2,73,int,f,135,0,3,0,2,0
2023,2,74,int,f,142,0,0,1,1,4
2023,2,75,int,f,119,0,0,1,2,1
2023,2,76,int,f,87,0,1,0,1,3
2023,2,77,int,f,104,0,4,0,2,0
2023,2,78,int,f,75,0,0,0,0,0
2023,2,79,int,f,88,0,0,0,0,1
2023,2,80,int,f,71,0,0,0,3,2
2023,2,81,int,f,86,0,0,0,0,1
2023,2,82,int,f,69,0,0,1,1,1
2023,2,83,int,f,75,0,0,0,1,0
2023,2,84,int,f,79,0,0,1,0,0
2023,2,85,int,f,54,0,1,0,0,2
2023,2,86,int,f,56,0,1,0,0,0
2023,2,87,int,f,26,0,0,1,1,0
2023,2,88,int,f,32,0,0,1,0,0
2023,2,89,int,f,23,0,1,0,1,1
2023,2,90,int,f,23,0,0,0,1,1
2023,2,91,int,f,10,0,0,0,1,1
2023,2,92,int,f,15,0,0,0,0,0
2023,2,93,int,f,8,0,0,0,0,0
2023,2,94,int,f,7,0,0,0,1,1
2023,2,95,int,f,2,0,0,0,0,0
2023,2,96,int,f,6,0,0,0,0,0
2023,2,97,int,f,2,0,0,0,0,0
2023,2,98,int,f,1,0,0,0,0,0
2023,2,99,int,f,0,0,0,0,0,0
2023,2,100,int,f,0,0,0,0,0,0
2024,2,0,ch,m,0,644,8,2,24,16
2024,2,1,ch,m,672,0,23,1,46,58
2024,2,2,ch,m,718,0,22,4,41,39
2024,2,3,ch,m,825,0,23,1,42,29
2024,2,4,ch,m,735,0,17,2,27,31
2024,2,5,ch,m,779,0,12,2,12,16
2024,2,6,ch,m,781,0,7,0,12,12
2024,2,7,ch,m,761,0,7,2,11,6
2024,2,8,ch,m,740,0,4,0,14,11
2024,2,9,ch,m,765,0,7,0,10,12
2024,2,10,ch,m,788,0,5,1,6,10
2024,2,11,ch,m,781,0,4,3,12,13
2024,2,12,ch,m,779,0,4,1,11,9
2024,2,13,ch,m,760,0,3,1,6,6
2024,2,14,ch,m,751,0,3,1,13,8
2024,2,15,ch,m,736,0,2,1,10,10
2024,2,16,ch,m,779,0,5,0,14,15
2024,2,17,ch,m,737,0,3,1,10,13
2024,2,18,ch,m,786,0,5,0,16,11
2024,2,19,ch,m,719,0,5,1,19,18
2024,2,20,ch,m,774,0,16,1,19,31
2024,2,21,ch,m,761,0,22,0,32,37
2024,2,22,ch,m,686,0,28,1,45,42
2024,2,23,ch,m,676,0,19,3,61,53
2024,2,24,ch,m,739,0,27,2,65,70
2024,2,25,ch,m,732,0,32,5,79,70
2024,2,26,ch,m,718,0,47,1,78,77
2024,2,27,ch,m,723,0,36,4,74,92
2024,2,28,ch,m,777,0,39,0,100,86
2024,2,29,ch,m,709,0,49,4,73,81
2024,2,30,ch,m,735,0,38,3,79,85
2024,2,31,ch,m,760,0,50,3,65,69
2024,2,32,ch,m,808,0,37,1,84,77
2024,2,33,ch,m,778,0,38,3,66,74
2024,2,34,ch,m,772,0,37,6,74,51
2024,2,35,ch,m,845,0,31,7,56,56
2024,2,36,ch,m,818,0,28,3,77,57
2024,2,37,ch,m,830,0,38,2,52,57
2024,2,38,ch,m,866,0,24,1,48,49
2024,2,39,ch,m,817,0,17,3,37,55
2024,2,40,ch,m,883,0,20,2,31,41
2024,2,41,ch,m,836,0,19,1,30,34
2024,2,42,ch,m,933,0,20,1,25,20
2024,2,43,ch,m,913,0,13,1,32,32
2024,2,44,ch,m,911,0,13,1,25,23
2024,2,45,ch,m,849,0,19,1,16,18
2024,2,46,ch,m,825,0,12,1,20,23
2024,2,47,ch,m,829,0,10,1,28,16
2024,2,48,ch,m,806,0,12,0,14,18
2024,2,49,ch,m,789,0,6,1,11,23
2024,2,50,ch,m,872,0,8,1,14,17
2024,2,51,ch,m,868,0,7,0,20,23
2024,2,52,ch,m,851,0,8,1,19,23
2024,2,53,ch,m,870,0,10,3,21,23
2024,2,54,ch,m,932,0,7,0,26,25
2024,2,55,ch,m,977,0,6,0,21,20
2024,2,56,ch,m,1026,0,17,1,18,31
2024,2,57,ch,m,1050,0,12,0,15,17
2024,2,58,ch,m,1076,0,18,0,16,15
2024,2,59,ch,m,1092,0,5,3,22,16
2024,2,60,ch,m,1040,0,12,2,20,22
2024,2,61,ch,m,1025,0,11,0,19,17
2024,2,62,ch,m,1008,0,6,0,4,11
2024,2,63,ch,m,955,0,5,1,12,8
2024,2,64,ch,m,924,0,8,2,14,10
2024,2,65,ch,m,872,0,10,3,12,9
2024,2,66,ch,m,858,0,7,0,25,22
2024,2,67,ch,m,861,0,8,2,9,5
2024,2,68,ch,m,838,0,2,1,9,16
2024,2,69,ch,m,810,0,2,1,9,11
2024,2,70,ch,m,764,0,4,0,10,12
2024,2,71,ch,m,765,0,2,0,11,10
2024,2,72,ch,m,670,0,4,0,0,4
2024,2,73,ch,m,684,0,4,1,4,5
2024,2,74,ch,m,700,0,2,0,6,11
2024,2,75,ch,m,715,0,4,0,6,8
2024,2,76,ch,m,664,0,2,0,8,8
2024,2,77,ch,m,664,0,1,0,7,10
2024,2,78,ch,m,650,0,4,1,5,9
2024,2,79,ch,m,602,0,2,1,8,2
2024,2,80,ch,m,592,0,2,2,7,9
2024,2,81,ch,m,539,0,3,0,9,8
2024,2,82,ch,m,495,0,0,0,5,7
2024,2,83,ch,m,407,0,0,0,1,5
2024,2,84,ch,m,322,0,1,0,2,1
2024,2,85,ch,m,280,0,0,0,4,7
2024,2,86,ch,m,298,0,1,1,5,2
2024,2,87,ch,m,260,0,1,1,5,3
2024,2,88,ch,m,225,0,1,0,1,4
2024,2,89,ch,m,183,0,0,0,1,1
2024,2,90,ch,m,157,0,0,0,3,2
2024,2,91,ch,m,130,0,0,0,1,3
2024,2,92,ch,m,112,0,0,0,1,0
2024,2,93,ch,m,88,0,0,0,2,2
2024,2,94,ch,m,62,0,0,0,1,1
2024,2,95,ch,m,41,0,0,0,1,1
2024,2,96,ch,m,36,0,0,0,2,0
2024,2,97,ch,m,17,0,0,0,1,0
2024,2,98,ch,m,14,0,0,0,0,0
2024,2,99,ch,m,7,0,0,0,1,1
2024,2,100,ch,m,8,0,0,0,0,0
2024,2,0,ch,f,0,655,11,2,18,20
2024,2,1,ch,f,662,0,36,0,65,62
2024,2,2,ch,f,672,0,16,2,42,42
2024,2,3,ch,f,708,0,23,2,46,39
2024,2,4,ch,f,675,0,13,0,31,30
2024,2,5,ch,f,718,0,8,2,21,18
2024,2,6,ch,f,684,0,9,0,15,14
2024,2,7,ch,f,728,0,9,0,16,18
2024,2,8,ch,f,750,0,10,1,11,21
2024,2,9,ch,f,671,0,3,1,8,9
2024,2,10,ch,f,701,0,8,2,3,5
2024,2,11,ch,f,701,0,6,2,10,8
2024,2,12,ch,f,718,0,4,0,7,7
2024,2,13,ch,f,683,0,3,1,7,11
2024,2,14,ch,f,794,0,3,1,9,14
2024,2,15,ch,f,737,0,6,0,6,7
2024,2,16,ch,f,754,0,4,1,18,14
2024,2,17,ch,f,710,0,6,1,15,12
2024,2,18,ch,f,688,0,7,0,21,16
2024,2,19,ch,f,682,0,10,3,20,24
2024,2,20,ch,f,726,0,27,3,29,34
2024,2,21,ch,f,691,0,25,1,41,46
2024,2,22,ch,f,631,0,37,2,46,52
2024,2,23,ch,f,699,0,37,3,62,64
2024,2,24,ch,f,737,0,50,2,89,87
2024,2,25,ch,f,741,0,58,5,76,86
2024,2,26,ch,f,750,0,53,2,95,106
2024,2,27,ch,f,735,0,48,4,85,97
2024,2,28,ch,f,728,0,59,4,91,86
2024,2,29,ch,f,758,0,52,1,90,96
2024,2,30,ch,f,772,0,38,2,90,93
2024,2,31,ch,f,784,0,38,1,78,67
2024,2,32,ch,f,847,0,43,4,77,65
2024,2,33,ch,f,803,0,38,5,76,63
2024,2,34,ch,f,880,0,38,1,65,53
2024,2,35,ch,f,841,0,32,3,60,40
2024,2,36,ch,f,915,0,23,1,46,54
2024,2,37,ch,f,882,0,16,1,44,39
2024,2,38,ch,f,858,0,19,3,48,45
2024,2,39,ch,f,845,0,19,5,23,26
2024,2,40,ch,f,865,0,21,2,32,35
2024,2,41,ch,f,853,0,11,2,30,30
2024,2,42,ch,f,938,0,12,1,30,28
2024,2,43,ch,f,904,0,15,1,31,30
2024,2,44,ch,f,884,0,5,0,24,20
2024,2,45,ch,f,922,0,13,1,19,18
2024,2,46,ch,f,787,0,6,2,14,18
2024,2,47,ch,f,860,0,10,1,13,20
2024,2,48,ch,f,910,0,10,2,17,20
2024,2,49,ch,f,841,0,10,1,16,9
2024,2,50,ch,f,843,0,12,1,16,14
2024,2,51,ch,f,844,0,7,0,14,9
2024,2,52,ch,f,895,0,10,3,19,17
2024,2,53,ch,f,988,0,10,0,19,31
2024,2,54,ch,f,1032,0,13,3,13,20
2024,2,55,ch,f,962,0,7,1,22,20
2024,2,56,ch,f,1083,0,13,0,13,18
2024,2,57,ch,f,1059,0,16,2,16,22
2024,2,58,ch,f,1094,0,9,0,27,24
2024,2,59,ch,f,1068,0,9,1,19,24
2024,2,60,ch,f,1134,0,6,0,19,19
2024,2,61,ch,f,1091,0,15,1,15,16
2024,2,62,ch,f,1080,0,5,1,19,16
2024,2,63,ch,f,1039,0,12,1,16,16
2024,2,64,ch,f,953,0,4,1,12,16
2024,2,65,ch,f,999,0,5,0,12,15
2024,2,66,ch,f,952,0,13,1,14,21
2024,2,67,ch,f,875,0,7,0,16,17
2024,2,68,ch,f,899,0,5,1,12,11
2024,2,69,ch,f,900,0,3,0,13,13
2024,2,70,ch,f,835,0,0,2,10,10
2024,2,71,ch,f,847,0,4,0,11,13
2024,2,72,ch,f,800,0,5,1,16,10
2024,2,73,ch,f,774,0,3,1,12,9
2024,2,74,ch,f,786,0,2,1,6,13
2024,2,75,ch,f,783,0,1,0,10,5
2024,2,76,ch,f,756,0,3,1,7,9
2024,2,77,ch,f,781,0,4,0,12,9
2024,2,78,ch,f,691,0,3,0,10,4
2024,2,79,ch,f,704,0,0,0,8,6
2024,2,80,ch,f,664,0,0,0,5,6
2024,2,81,ch,f,696,0,3,1,8,5
2024,2,82,ch,f,598,0,2,0,7,8
2024,2,83,ch,f,532,0,1,0,8,8
2024,2,84,ch,f,434,0,0,0,3,9
2024,2,85,ch,f,414,0,1,0,3,10
2024,2,86,ch,f,388,0,1,0,2,8
2024,2,87,ch,f,363,0,0,0,2,2
2024,2,88,ch,f,342,0,3,0,3,9
2024,2,89,ch,f,256,0,1,0,5,3
2024,2,90,ch,f,276,0,0,0,7,2
2024,2,91,ch,f,220,0,1,0,5,3
2024,2,92,ch,f,218,0,0,0,3,4
2024,2,93,ch,f,163,0,1,0,3,1
2024,2,94,ch,f,107,0,0,0,2,2
2024,2,95,ch,f,98,0,0,0,0,1
2024,2,96,ch,f,79,0,0,0,0,0
2024,2,97,ch,f,57,0,0,0,1,1
2024,2,98,ch,f,41,0,0,0,1,0
2024,2,99,ch,f,28,0,0,0,0,0
2024,2,100,ch,f,26,0,0,0,0,0
2024,2,0,int,m,0,313,7,5,8,10
2024,2,1,int,m,304,0,7,14,16,15
2024,2,2,int,m,389,0,10,15,22,21
2024,2,3,int,m,411,0,6,10,21,29
2024,2,4,int,m,419,0,8,9,18,21
2024,2,5,int,m,406,0,11,9,14,14
2024,2,6,int,m,394,0,4,11,21,16
2024,2,7,int,m,398,0,6,9,10,13
2024,2,8,int,m,428,0,2,9,14,10
2024,2,9,int,m,406,0,1,6,16,16
2024,2,10,int,m,405,0,4,6,9,16
2024,2,11,int,m,370,0,5,8,14,14
2024,2,12,int,m,392,0,4,11,13,12
2024,2,13,int,m,349,0,5,11,11,7
2024,2,14,int,m,356,0,6,14,14,15
2024,2,15,int,m,332,0,5,13,9,10
2024,2,16,int,m,361,0,2,23,16,16
2024,2,17,int,m,352,0,2,25,23,32
2024,2,18,int,m,415,0,5,22,64,124
2024,2,19,int,m,386,0,6,19,23,34
2024,2,20,int,m,341,0,6,25,31,37
2024,2,21,int,m,298,0,10,23,24,20
2024,2,22,int,m,323,0,15,38,27,24
2024,2,23,int,m,326,0,22,49,42,46
2024,2,24,int,m,386,0,20,54,50,41
2024,2,25,int,m,376,0,33,48,63,52
2024,2,26,int,m,457,0,31,56,71,67
2024,2,27,int,m,486,0,29,48,68,59
2024,2,28,int,m,546,0,48,44,71,68
2024,2,29,int,m,516,0,36,51,77,71
2024,2,30,int,m,553,0,40,52,70,64
2024,2,31,int,m,589,0,42,41,78,77
2024,2,32,int,m,629,0,38,34,52,61
2024,2,33,int,m,687,0,44,36,54,56
2024,2,34,int,m,725,0,32,36,74,80
2024,2,35,int,m,697,0,43,36,57,50
2024,2,36,int,m,699,0,39,42,53,51
2024,2,37,int,m,721,0,28,37,62,53
2024,2,38,int,m,698,0,35,38,32,36
2024,2,39,int,m,696,0,41,17,46,47
2024,2,40,int,m,742,0,28,26,39,43
2024,2,41,int,m,720,0,27,20,51,39
2024,2,42,int,m,745,0,29,28,36,41
2024,2,43,int,m,684,0,13,27,39,36
2024,2,44,int,m,675,0,14,24,46,35
2024,2,45,int,m,645,0,21,25,40,45
2024,2,46,int,m,645,0,21,13,34,34
2024,2,47,int,m,614,0,18,17,28,30
2024,2,48,int,m,596,0,16,14,25,33
2024,2,49,int,m,552,0,20,25,32,34
2024,2,50,int,m,544,0,14,18,26,21
2024,2,51,int,m,517,0,17,10,20,17
2024,2,52,int,m,534,0,13,11,20,25
2024,2,53,int,m,489,0,13,13,18,13
2024,2,54,int,m,482,0,10,13,22,19
2024,2,55,int,m,457,0,16,9,14,13
2024,2,56,int,m,498,0,13,16,19,16
2024,2,57,int,m,464,0,8,10,23,16
2024,2,58,int,m,417,0,8,12,15,15
2024,2,59,int,m,441,0,8,6,6,4
2024,2,60,int,m,426,0,3,5,11,11
2024,2,61,int,m,397,0,3,5,7,11
2024,2,62,int,m,355,0,0,3,6,18
2024,2,63,int,m,330,0,2,3,6,8
2024,2,64,int,m,303,0,4,5,8,7
2024,2,65,int,m,252,0,8,2,7,4
2024,2,66,int,m,238,0,4,2,11,7
2024,2,67,int,m,187,0,0,0,6,3
2024,2,68,int,m,209,0,0,4,3,3
2024,2,69,int,m,177,0,2,0,5,3
2024,2,70,int,m,188,0,2,0,3,6
2024,2,71,int,m,137,0,2,0,2,2
2024,2,72,int,m,144,0,1,0,5,2
2024,2,73,int,m,139,0,0,1,1,1
2024,2,74,int,m,154,0,0,0,3,1
2024,2,75,int,m,123,0,0,1,1,1
2024,2,76,int,m,136,0,1,1,1,0
2024,2,77,int,m,114,0,0,0,1,1
2024,2,78,int,m,93,0,1,0,2,2
2024,2,79,int,m,92,0,0,0,0,2
2024,2,80,int,m,97,0,0,0,2,1
2024,2,81,int,m,96,0,0,0,3,2
2024,2,82,int,m,81,0,0,0,0,1
2024,2,83,int,m,62,0,0,1,0,0
2024,2,84,int,m,84,0,0,0,0,1
2024,2,85,int,m,70,0,0,0,0,3
2024,2,86,int,m,56,0,1,0,0,2
2024,2,87,int,m,51,0,0,0,0,0
2024,2,88,int,m,40,0,0,1,0,0
2024,2,89,int,m,29,0,0,0,2,1
2024,2,90,int,m,21,0,0,0,0,1
2024,2,91,int,m,14,0,0,0,0,0
2024,2,92,int,m,8,0,0,0,0,0
2024,2,93,int,m,5,0,0,0,0,0
2024,2,94,int,m,2,0,0,0,0,0
2024,2,95,int,m,6,0,0,0,1,0
2024,2,96,int,m,2,0,0,0,0,0
2024,2,97,int,m,0,0,0,0,0,0
2024,2,98,int,m,0,0,0,0,0,0
2024,2,99,int,m,0,0,0,0,0,0
2024,2,100,int,m,0,0,0,0,0,0
2024,2,0,int,f,0,319,5,9,13,12
2024,2,1,int,f,286,0,12,11,20,19
2024,2,2,int,f,350,0,6,13,17,21
2024,2,3,int,f,382,0,3,15,19,16
2024,2,4,int,f,402,0,8,13,17,22
2024,2,5,int,f,387,0,6,11,14,19
2024,2,6,int,f,375,0,2,10,16,12
2024,2,7,int,f,375,0,3,19,10,15
2024,2,8,int,f,400,0,4,10,14,17
2024,2,9,int,f,357,0,6,6,8,11
2024,2,10,int,f,354,0,6,8,5,8
2024,2,11,int,f,369,0,3,10,13,15
2024,2,12,int,f,366,0,3,5,6,9
2024,2,13,int,f,348,0,3,5,10,15
2024,2,14,int,f,335,0,4,10,11,6
2024,2,15,int,f,317,0,3,11,12,10
2024,2,16,int,f,304,0,5,7,10,9
2024,2,17,int,f,303,0,2,5,10,7
2024,2,18,int,f,262,0,2,6,10,12
2024,2,19,int,f,294,0,4,20,12,11
2024,2,20,int,f,278,0,17,25,23,24
2024,2,21,int,f,257,0,9,17,16,23
2024,2,22,int,f,254,0,13,28,34,32
2024,2,23,int,f,298,0,12,33,45,38
2024,2,24,int,f,328,0,22,48,32,47
2024,2,25,int,f,361,0,25,35,30,23
2024,2,26,int,f,386,0,27,54,47,50
2024,2,27,int,f,402,0,25,37,48,31
2024,2,28,int,f,472,0,25,41,43,47
2024,2,29,int,f,495,0,31,41,61,44
2024,2,30,int,f,502,0,34,36,43,46
2024,2,31,int,f,501,0,20,40,28,40
2024,2,32,int,f,595,0,25,39,39,47
2024,2,33,int,f,600,0,26,28,38,40
2024,2,34,int,f,635,0,26,42,31,37
2024,2,35,int,f,603,0,24,18,31,36
2024,2,36,int,f,645,0,18,33,37,26
2024,2,37,int,f,645,0,19,18,30,31
2024,2,38,int,f,637,0,25,18,26,31
2024,2,39,int,f,619,0,13,14,27,21
2024,2,40,int,f,625,0,17,17,28,18
2024,2,41,int,f,639,0,15,11,27,25
2024,2,42,int,f,629,0,10,17,28,23
2024,2,43,int,f,604,0,12,11,19,22
2024,2,44,int,f,603,0,11,19,22,22
2024,2,45,int,f,506,0,16,14,13,16
2024,2,46,int,f,575,0,11,11,23,27
2024,2,47,int,f,536,0,7,13,18,15
2024,2,48,int,f,490,0,4,15,18,11
2024,2,49,int,f,491,0,11,8,19,17
2024,2,50,int,f,502,0,7,13,12,9
2024,2,51,int,f,443,0,4,13,16,10
2024,2,52,int,f,448,0,11,9,7,14
2024,2,53,int,f,431,0,5,9,20,15
2024,2,54,int,f,411,0,8,8,15,14
2024,2,55,int,f,395,0,9,10,11,7
2024,2,56,int,f,401,0,7,6,8,12
2024,2,57,int,f,385,0,5,4,11,13
2024,2,58,int,f,338,0,6,7,9,12
2024,2,59,int,f,347,0,4,7,6,5
2024,2,60,int,f,367,0,2,4,9,8
2024,2,61,int,f,312,0,1,5,9,14
2024,2,62,int,f,295,0,5,1,7,11
2024,2,63,int,f,257,0,2,2,4,4
2024,2,64,int,f,271,0,4,0,10,5
2024,2,65,int,f,226,0,0,2,4,3
2024,2,66,int,f,211,0,1,0,6,7
2024,2,67,int,f,179,0,1,0,6,3
2024,2,68,int,f,172,0,0,0,1,3
2024,2,69,int,f,183,0,1,3,5,4
2024,2,70,int,f,179,0,2,0,1,1
2024,2,71,int,f,161,0,2,0,1,1
2024,2,72,int,f,156,0,0,1,1,3
2024,2,73,int,f,162,0,1,0,0,0
2024,2,74,int,f,140,0,1,0,0,0
2024,2,75,int,f,137,0,0,3,1,3
2024,2,76,int,f,124,0,1,0,3,0
2024,2,77,int,f,80,0,1,2,0,0
2024,2,78,int,f,108,0,0,2,2,2
2024,2,79,int,f,74,0,0,1,1,0
2024,2,80,int,f,84,0,1,1,1,1
2024,2,81,int,f,69,0,0,2,1,0
2024,2,82,int,f,84,0,0,0,0,1
2024,2,83,int,f,64,0,0,0,0,1
2024,2,84,int,f,73,0,1,0,1,1
2024,2,85,int,f,78,0,2,0,3,4
2024,2,86,int,f,49,0,0,1,0,0
2024,2,87,int,f,48,0,0,1,1,2
2024,2,88,int,f,26,0,0,0,0,1
2024,2,89,int,f,31,0,0,0,0,0
2024,2,90,int,f,22,0,0,0,0,0
2024,2,91,int,f,20,0,0,0,1,1
2024,2,92,int,f,7,0,0,0,0,0
2024,2,93,int,f,14,0,0,0,0,0
2024,2,94,int,f,7,0,0,0,0,0
2024,2,95,int,f,6,0,0,0,0,1
2024,2,96,int,f,1,0,0,0,0,0
2024,2,97,int,f,4,0,1,0,0,0
2024,2,98,int,f,1,0,0,0,0,0
2024,2,99,int,f,0,0,0,0,0,0
2024,2,100,int,f,0,0,0,0,0,0
2025,2,0,ch,m,0,652,12,0,17,18
2025,2,1,ch,m,648,0,23,4,43,36
2025,2,2,ch,m,665,0,18,4,32,35
2025,2,3,ch,m,733,0,10,3,41,36
2025,2,4,ch,m,841,0,14,0,27,36
2025,2,5,ch,m,743,0,10,1,26,32
2025,2,6,ch,m,780,0,11,2,10,11
2025,2,7,ch,m,784,0,11,1,12,10
2025,2,8,ch,m,774,0,9,5,7,15
2025,2,9,ch,m,746,0,4,1,12,12
2025,2,10,ch,m,769,0,6,2,9,10
2025,2,11,ch,m,801,0,7,5,12,11
2025,2,12,ch,m,790,0,5,1,6,15
2025,2,13,ch,m,792,0,7,4,11,11
2025,2,14,ch,m,783,0,2,1,10,8
2025,2,15,ch,m,763,0,8,1,11,10
2025,2,16,ch,m,745,0,2,3,14,12
2025,2,17,ch,m,789,0,6,1,9,9
2025,2,18,ch,m,748,0,5,4,18,18
2025,2,19,ch,m,801,0,14,3,21,20
2025,2,20,ch,m,727,0,14,2,23,27
2025,2,21,ch,m,769,0,15,4,40,41
2025,2,22,ch,m,762,0,19,2,38,45
2025,2,23,ch,m,701,0,26,4,57,46
2025,2,24,ch,m,680,0,42,0,70,56
2025,2,25,ch,m,744,0,46,3,89,79
2025,2,26,ch,m,727,0,55,1,89,93
2025,2,27,ch,m,726,0,40,6,82,78
2025,2,28,ch,m,705,0,49,3,65,79
2025,2,29,ch,m,797,0,64,4,82,90
2025,2,30,ch,m,707,0,50,5,85,73
2025,2,31,ch,m,735,0,41,3,75,75
2025,2,32,ch,m,777,0,46,4,92,78
2025,2,33,ch,m,822,0,36,2,76,75
2025,2,34,ch,m,792,0,42,1,60,53
2025,2,35,ch,m,802,0,39,4,48,59
2025,2,36,ch,m,860,0,33,4,38,48
2025,2,37,ch,m,848,0,32,4,55,53
2025,2,38,ch,m,842,0,27,2,41,33
2025,2,39,ch,m,881,0,21,1,38,33
2025,2,40,ch,m,799,0,14,1,27,35
2025,2,41,ch,m,890,0,18,1,33,38
2025,2,42,ch,m,829,0,17,1,36,27
2025,2,43,ch,m,954,0,14,3,22,31
2025,2,44,ch,m,920,0,8,3,28,28
2025,2,45,ch,m,915,0,18,2,20,32
2025,2,46,ch,m,866,0,14,3,21,16
2025,2,47,ch,m,824,0,10,2,22,20
2025,2,48,ch,m,847,0,15,0,21,17
2025,2,49,ch,m,806,0,12,0,7,17
2025,2,50,ch,m,775,0,11,2,17,12
2025,2,51,ch,m,874,0,10,0,16,12
2025,2,52,ch,m,855,0,7,1,14,15
2025,2,53,ch,m,850,0,8,0,11,15
2025,2,54,ch,m,865,0,9,2,19,21
2025,2,55,ch,m,933,0,13,3,21,17
2025,2,56,ch,m,980,0,10,4,31,15
2025,2,57,ch,m,1020,0,10,3,15,16
2025,2,58,ch,m,1044,0,5,0,19,14
2025,2,59,ch,m,1078,0,11,1,19,23
2025,2,60,ch,m,1092,0,13,3,13,15
2025,2,61,ch,m,1038,0,7,4,16,28
2025,2,62,ch,m,1014,0,8,1,27,16
2025,2,63,ch,m,991,0,10,0,18,15
2025,2,64,ch,m,949,0,8,1,16,13
2025,2,65,ch,m,921,0,4,4,19,23
2025,2,66,ch,m,870,0,4,1,12,15
2025,2,67,ch,m,841,0,5,1,12,8
2025,2,68,ch,m,864,0,8,0,10,10
2025,2,69,ch,m,814,0,5,2,13,8
2025,2,70,ch,m,790,0,4,0,10,6
2025,2,71,ch,m,744,0,5,0,11,14
2025,2,72,ch,m,755,0,1,1,10,12
2025,2,73,ch,m,653,0,2,3,9,7
2025,2,74,ch,m,669,0,6,0,4,3
2025,2,75,ch,m,686,0,3,0,5,9
2025,2,76,ch,m,701,0,3,0,6,8
2025,2,77,ch,m,652,0,2,1,9,6
2025,2,78,ch,m,639,0,2,0,5,5
2025,2,79,ch,m,629,0,7,0,5,9
2025,2,80,ch,m,588,0,0,0,3,6
2025,2,81,ch,m,572,0,2,0,4,4
2025,2,82,ch,m,510,0,1,0,5,7
2025,2,83,ch,m,473,0,1,0,6,4
2025,2,84,ch,m,382,0,0,0,4,5
2025,2,85,ch,m,302,0,3,0,3,5
2025,2,86,ch,m,261,0,0,1,2,2
2025,2,87,ch,m,272,0,1,0,3,1
2025,2,88,ch,m,242,0,1,1,5,5
2025,2,89,ch,m,200,0,0,0,2,0
2025,2,90,ch,m,151,0,0,0,0,0
2025,2,91,ch,m,136,0,0,1,1,3
2025,2,92,ch,m,110,0,1,0,2,1
2025,2,93,ch,m,83,0,0,0,1,2
2025,2,94,ch,m,69,0,1,0,3,2
2025,2,95,ch,m,49,0,1,0,1,0
2025,2,96,ch,m,31,0,0,0,0,0
2025,2,97,ch,m,27,0,0,0,2,0
2025,2,98,ch,m,12,0,1,0,0,0
2025,2,99,ch,m,9,0,0,0,1,1
2025,2,100,ch,m,11,0,0,0,0,0
2025,2,0,ch,f,0,592,10,1,19,15
2025,2,1,ch,f,657,0,30,3,45,46
2025,2,2,ch,f,683,0,17,2,53,52
2025,2,3,ch,f,668,0,19,3,35,26
2025,2,4,ch,f,734,0,17,4,40,47
2025,2,5,ch,f,678,0,13,3,17,23
2025,2,6,ch,f,722,0,13,2,8,12
2025,2,7,ch,f,692,0,6,3,11,15
2025,2,8,ch,f,731,0,10,3,12,17
2025,2,9,ch,f,754,0,6,1,12,18
2025,2,10,ch,f,677,0,10,2,14,11
2025,2,11,ch,f,717,0,6,1,8,6
2025,2,12,ch,f,719,0,4,0,9,10
2025,2,13,ch,f,734,0,8,2,11,10
2025,2,14,ch,f,693,0,4,1,9,6
2025,2,15,ch,f,803,0,2,2,12,13
2025,2,16,ch,f,753,0,6,4,17,24
2025,2,17,ch,f,771,0,3,2,14,12
2025,2,18,ch,f,726,0,7,2,16,11
2025,2,19,ch,f,699,0,10,2,16,14
2025,2,20,ch,f,692,0,15,2,30,31
2025,2,21,ch,f,716,0,36,3,45,45
2025,2,22,ch,f,688,0,29,3,57,56
2025,2,23,ch,f,646,0,48,3,68,62
2025,2,24,ch,f,706,0,57,1,75,72
2025,2,25,ch,f,742,0,69,3,89,84
2025,2,26,ch,f,734,0,60,4,92,92
2025,2,27,ch,f,744,0,59,2,96,86
2025,2,28,ch,f,713,0,53,0,80,78
2025,2,29,ch,f,746,0,54,3,77,86
2025,2,30,ch,f,760,0,53,1,54,66
2025,2,31,ch,f,767,0,39,1,86,79
2025,2,32,ch,f,791,0,41,3,64,57
2025,2,33,ch,f,873,0,39,2,57,55
2025,2,34,ch,f,836,0,38,4,54,72
2025,2,35,ch,f,909,0,34,2,62,57
2025,2,36,ch,f,875,0,34,1,43,48
2025,2,37,ch,f,923,0,29,0,54,50
2025,2,38,ch,f,883,0,22,0,37,45
2025,2,39,ch,f,869,0,13,2,41,35
2025,2,40,ch,f,847,0,20,4,30,20
2025,2,41,ch,f,875,0,13,3,24,28
2025,2,42,ch,f,857,0,10,2,29,32
2025,2,43,ch,f,944,0,14,3,25,32
2025,2,44,ch,f,923,0,11,2,23,18
2025,2,45,ch,f,884,0,12,3,29,25
2025,2,46,ch,f,934,0,12,2,21,20
2025,2,47,ch,f,793,0,10,0,11,13
2025,2,48,ch,f,856,0,13,1,28,16
2025,2,49,ch,f,909,0,11,2,16,17
2025,2,50,ch,f,849,0,5,1,22,14
2025,2,51,ch,f,849,0,9,3,12,18
2025,2,52,ch,f,846,0,13,1,18,18
2025,2,53,ch,f,910,0,13,2,16,11
2025,2,54,ch,f,971,0,7,1,19,21
2025,2,55,ch,f,1026,0,5,2,35,22
2025,2,56,ch,f,954,0,9,0,15,13
2025,2,57,ch,f,1083,0,13,1,19,16
2025,2,58,ch,f,1057,0,6,0,21,19
2025,2,59,ch,f,1087,0,12,2,15,20
2025,2,60,ch,f,1061,0,13,1,22,19
2025,2,61,ch,f,1131,0,12,1,13,25
2025,2,62,ch,f,1096,0,7,2,25,23
2025,2,63,ch,f,1063,0,6,1,19,18
2025,2,64,ch,f,1033,0,14,0,22,29
2025,2,65,ch,f,940,0,9,0,21,16
2025,2,66,ch,f,990,0,12,0,16,16
2025,2,67,ch,f,943,0,7,0,12,14
2025,2,68,ch,f,871,0,7,1,10,15
2025,2,69,ch,f,888,0,4,1,7,14
2025,2,70,ch,f,890,0,4,1,21,14
2025,2,71,ch,f,828,0,5,0,9,8
2025,2,72,ch,f,838,0,2,2,8,11
2025,2,73,ch,f,803,0,3,0,9,7
2025,2,74,ch,f,768,0,3,0,2,15
2025,2,75,ch,f,769,0,4,0,9,7
2025,2,76,ch,f,768,0,2,0,8,8
2025,2,77,ch,f,734,0,4,1,9,12
2025,2,78,ch,f,774,0,2,0,4,12
2025,2,79,ch,f,680,0,1,0,11,7
2025,2,80,ch,f,696,0,4,1,4,7
2025,2,81,ch,f,639,0,0,1,4,4
2025,2,82,ch,f,679,0,0,1,6,3
2025,2,83,ch,f,579,0,0,0,11,9
2025,2,84,ch,f,509,0,7,1,4,8
2025,2,85,ch,f,406,0,0,1,6,8
2025,2,86,ch,f,381,0,2,1,7,5
2025,2,87,ch,f,358,0,1,0,2,7
2025,2,88,ch,f,342,0,0,0,4,4
2025,2,89,ch,f,307,0,1,0,5,4
2025,2,90,ch,f,238,0,2,0,6,3
2025,2,91,ch,f,250,0,2,0,4,5
2025,2,92,ch,f,190,0,1,0,4,3
2025,2,93,ch,f,187,0,2,1,2,3
2025,2,94,ch,f,137,0,0,0,1,3
2025,2,95,ch,f,89,0,0,0,2,0
2025,2,96,ch,f,72,0,0,0,0,1
2025,2,97,ch,f,49,0,0,0,1,1
2025,2,98,ch,f,42,0,0,0,0,0
2025,2,99,ch,f,31,0,0,0,1,1
2025,2,100,ch,f,38,0,1,1,0,0
2025,2,0,int,m,0,315,10,5,7,9
2025,2,1,int,m,321,0,6,13,21,22
2025,2,2,int,m,321,0,11,10,19,22
2025,2,3,int,m,391,0,7,13,12,17
2025,2,4,int,m,406,0,10,13,21,21
2025,2,5,int,m,408,0,4,14,18,11
2025,2,6,int,m,413,0,5,17,17,10
2025,2,7,int,m,404,0,3,11,5,14
2025,2,8,int,m,405,0,2,12,7,6
2025,2,9,int,m,431,0,5,9,18,17
2025,2,10,int,m,394,0,3,14,9,6
2025,2,11,int,m,380,0,2,9,9,7
2025,2,12,int,m,376,0,5,9,7,10
2025,2,13,int,m,393,0,2,10,15,13
2025,2,14,int,m,343,0,2,6,8,8
2025,2,15,int,m,359,0,2,11,9,6
2025,2,16,int,m,333,0,5,18,6,9
2025,2,17,int,m,382,0,3,32,24,28
2025,2,18,int,m,359,0,4,16,53,62
2025,2,19,int,m,370,0,7,23,50,59
2025,2,20,int,m,381,0,9,29,46,40
2025,2,21,int,m,351,0,13,25,27,31
2025,2,22,int,m,320,0,21,27,36,36
2025,2,23,int,m,352,0,23,39,45,39
2025,2,24,int,m,360,0,30,41,62,43
2025,2,25,int,m,428,0,44,51,68,55
2025,2,26,int,m,435,0,40,42,60,56
2025,2,27,int,m,504,0,43,48,66,73
2025,2,28,int,m,522,0,63,45,59,67
2025,2,29,int,m,589,0,42,39,71,56
2025,2,30,int,m,564,0,46,37,60,50
2025,2,31,int,m,591,0,55,45,64,68
2025,2,32,int,m,614,0,52,46,67,55
2025,2,33,int,m,641,0,40,30,66,43
2025,2,34,int,m,701,0,41,35,67,58
2025,2,35,int,m,738,0,54,35,67,49
2025,2,36,int,m,741,0,41,37,59,64
2025,2,37,int,m,726,0,27,30,60,58
2025,2,38,int,m,746,0,19,37,55,53
2025,2,39,int,m,713,0,25,29,53,46
2025,2,40,int,m,703,0,41,33,48,54
2025,2,41,int,m,745,0,27,27,37,36
2025,2,42,int,m,729,0,22,16,37,38
2025,2,43,int,m,730,0,19,28,28,40
2025,2,44,int,m,678,0,24,31,39,28
2025,2,45,int,m,680,0,18,23,43,33
2025,2,46,int,m,640,0,14,21,44,29
2025,2,47,int,m,644,0,20,19,43,33
2025,2,48,int,m,601,0,13,22,24,25
2025,2,49,int,m,592,0,25,22,28,23
2025,2,50,int,m,555,0,19,19,21,28
2025,2,51,int,m,556,0,13,22,26,24
2025,2,52,int,m,520,0,15,11,27,28
2025,2,53,int,m,528,0,14,14,17,22
2025,2,54,int,m,492,0,11,13,20,14
2025,2,55,int,m,492,0,13,11,14,17
2025,2,56,int,m,461,0,13,13,15,18
2025,2,57,int,m,501,0,5,8,18,17
2025,2,58,int,m,471,0,10,8,16,12
2025,2,59,int,m,417,0,3,9,8,12
2025,2,60,int,m,442,0,11,7,8,12
2025,2,61,int,m,403,0,7,3,5,9
2025,2,62,int,m,383,0,7,1,11,9
2025,2,63,int,m,323,0,5,2,10,7
2025,2,64,int,m,314,0,4,2,3,8
2025,2,65,int,m,296,0,1,1,4,8
2025,2,66,int,m,238,0,5,2,9,6
2025,2,67,int,m,229,0,0,1,4,1
2025,2,68,int,m,177,0,3,2,1,0
2025,2,69,int,m,205,0,0,1,4,2
2025,2,70,int,m,174,0,0,0,2,2
2025,2,71,int,m,186,0,1,0,2,3
2025,2,72,int,m,131,0,1,0,1,1
2025,2,73,int,m,136,0,1,0,2,4
2025,2,74,int,m,136,0,0,0,1,2
2025,2,75,int,m,150,0,0,0,1,1
2025,2,76,int,m,117,0,0,0,1,0
2025,2,77,int,m,135,0,1,0,1,4
2025,2,78,int,m,105,0,0,0,0,1
2025,2,79,int,m,89,0,1,0,2,0
2025,2,80,int,m,85,0,1,0,1,1
2025,2,81,int,m,93,0,1,0,0,1
2025,2,82,int,m,92,0,0,0,1,0
2025,2,83,int,m,74,0,0,0,1,1
2025,2,84,int,m,56,0,0,0,0,1
2025,2,85,int,m,78,0,0,0,1,1
2025,2,86,int,m,62,0,1,0,1,0
2025,2,87,int,m,51,0,0,0,1,1
2025,2,88,int,m,47,0,0,0,0,2
2025,2,89,int,m,35,0,0,0,0,0
2025,2,90,int,m,26,0,0,0,2,0
2025,2,91,int,m,15,0,0,0,0,0
2025,2,92,int,m,13,0,0,0,0,0
2025,2,93,int,m,7,0,0,0,0,0
2025,2,94,int,m,5,0,0,0,0,0
2025,2,95,int,m,2,0,0,0,0,0
2025,2,96,int,m,6,0,0,0,0,0
2025,2,97,int,m,1,0,0,0,0,0
2025,2,98,int,m,0,0,0,0,0,0
2025,2,99,int,m,0,0,0,0,0,0
2025,2,100,int,m,0,0,0,0,0,0
2025,2,0,int,f,0,265,3,4,6,4
2025,2,1,int,f,327,0,5,11,23,18
2025,2,2,int,f,307,0,7,15,23,22
2025,2,3,int,f,351,0,10,13,21,19
2025,2,4,int,f,382,0,7,15,13,16
2025,2,5,int,f,399,0,9,8,15,12
2025,2,6,int,f,392,0,0,6,9,15
2025,2,7,int,f,369,0,9,8,19,14
2025,2,8,int,f,374,0,3,17,16,12
2025,2,9,int,f,395,0,2,7,11,13
2025,2,10,int,f,346,0,3,10,13,7
2025,2,11,int,f,351,0,4,9,12,8
2025,2,12,int,f,358,0,2,10,11,12
2025,2,13,int,f,354,0,3,12,16,10
2025,2,14,int,f,333,0,2,7,10,11
2025,2,15,int,f,336,0,2,14,12,14
2025,2,16,int,f,313,0,1,10,15,16
2025,2,17,int,f,303,0,4,5,14,15
2025,2,18,int,f,303,0,5,6,16,12
2025,2,19,int,f,250,0,5,7,8,13
2025,2,20,int,f,302,0,8,22,16,10
2025,2,21,int,f,299,0,21,18,34,30
2025,2,22,int,f,261,0,24,29,31,23
2025,2,23,int,f,269,0,18,36,41,24
2025,2,24,int,f,323,0,35,35,37,34
2025,2,25,int,f,353,0,39,51,66,56
2025,2,26,int,f,393,0,33,49,36,38
2025,2,27,int,f,425,0,36,51,38,49
2025,2,28,int,f,453,0,45,50,43,43
2025,2,29,int,f,500,0,30,30,45,46
2025,2,30,int,f,548,0,24,32,40,41
2025,2,31,int,f,520,0,20,34,49,40
2025,2,32,int,f,512,0,26,34,34,42
2025,2,33,int,f,614,0,17,33,37,42
2025,2,34,int,f,630,0,27,40,32,27
2025,2,35,int,f,658,0,19,28,36,38
2025,2,36,int,f,617,0,19,22,25,30
2025,2,37,int,f,672,0,16,34,28,34
2025,2,38,int,f,647,0,21,24,26,23
2025,2,39,int,f,645,0,14,13,29,27
2025,2,40,int,f,620,0,19,20,30,24
2025,2,41,int,f,637,0,10,19,26,20
2025,2,42,int,f,641,0,11,22,16,24
2025,2,43,int,f,636,0,6,18,22,19
2025,2,44,int,f,586,0,17,20,17,19
2025,2,45,int,f,606,0,10,14,20,20
2025,2,46,int,f,514,0,12,15,19,21
2025,2,47,int,f,567,0,4,7,16,18
2025,2,48,int,f,535,0,11,12,14,13
2025,2,49,int,f,509,0,12,11,13,17
2025,2,50,int,f,489,0,9,15,10,15
2025,2,51,int,f,505,0,8,11,17,15
2025,2,52,int,f,451,0,6,10,13,16
2025,2,53,int,f,443,0,8,16,13,9
2025,2,54,int,f,430,0,10,9,13,5
2025,2,55,int,f,415,0,13,11,10,13
2025,2,56,int,f,400,0,5,5,14,10
2025,2,57,int,f,385,0,5,4,11,10
2025,2,58,int,f,376,0,8,6,9,13
2025,2,59,int,f,338,0,3,1,12,6
2025,2,60,int,f,338,0,1,6,5,5
2025,2,61,int,f,359,0,2,3,4,3
2025,2,62,int,f,303,0,3,2,7,7
2025,2,63,int,f,288,0,3,2,8,4
2025,2,64,int,f,252,0,2,1,8,5
2025,2,65,int,f,264,0,2,1,3,3
2025,2,66,int,f,220,0,7,1,2,1
2025,2,67,int,f,206,0,1,1,7,5
2025,2,68,int,f,179,0,3,1,2,6
2025,2,69,int,f,171,0,1,0,3,2
2025,2,70,int,f,186,0,2,1,1,1
2025,2,71,int,f,178,0,1,1,1,4
2025,2,72,int,f,159,0,1,1,4,3
2025,2,73,int,f,151,0,1,0,2,1
2025,2,74,int,f,159,0,1,0,0,1
2025,2,75,int,f,138,0,1,1,2,1
2025,2,76,int,f,132,0,1,0,2,1
2025,2,77,int,f,123,0,0,0,1,1
2025,2,78,int,f,83,0,0,0,0,0
2025,2,79,int,f,103,0,1,1,0,2
2025,2,80,int,f,70,0,1,0,0,0
2025,2,81,int,f,82,0,1,0,1,1
2025,2,82,int,f,69,0,0,0,2,2
2025,2,83,int,f,78,0,0,0,1,0
2025,2,84,int,f,58,0,1,0,0,2
2025,2,85,int,f,69,0,0,0,0,0
2025,2,86,int,f,74,0,0,0,2,3
2025,2,87,int,f,47,0,1,0,1,0
2025,2,88,int,f,44,0,0,0,1,1
2025,2,89,int,f,24,0,1,0,1,0
2025,2,90,int,f,28,0,1,0,3,1
2025,2,91,int,f,18,0,1,0,0,0
2025,2,92,int,f,17,0,0,0,0,0
2025,2,93,int,f,5,0,0,0,0,0
2025,2,94,int,f,12,0,0,0,1,0
2025,2,95,int,f,6,0,0,0,0,0
2025,2,96,int,f,5,0,0,0,0,0
2025,2,97,int,f,1,0,0,0,0,0
2025,2,98,int,f,4,0,0,0,0,0
2025,2,99,int,f,1,0,0,0,0,0
2025,2,100,int,f,0,0,0,0,0,0
2022,3,0,ch,m,0,215,7,2,3,8
2022,3,1,ch,m,225,0,10,2,12,15
2022,3,2,ch,m,258,0,7,3,11,21
2022,3,3,ch,m,253,0,14,1,10,13
2022,3,4,ch,m,249,0,10,0,7,15
2022,3,5,ch,m,260,0,5,2,13,7
2022,3,6,ch,m,235,0,2,1,9,6
2022,3,7,ch,m,247,0,8,1,7,4
2022,3,8,ch,m,273,0,4,3,6,5
2022,3,9,ch,m,244,0,6,0,4,6
2022,3,10,ch,m,240,0,5,2,2,6
2022,3,11,ch,m,263,0,3,2,7,6
2022,3,12,ch,m,275,0,0,0,4,6
2022,3,13,ch,m,242,0,4,0,3,0
2022,3,14,ch,m,241,0,5,0,3,2
2022,3,15,ch,m,243,0,1,0,7,2
2022,3,16,ch,m,267,0,6,0,3,6
2022,3,17,ch,m,281,0,1,0,8,11
2022,3,18,ch,m,272,0,7,1,11,8
2022,3,19,ch,m,258,0,1,2,4,11
2022,3,20,ch,m,250,0,7,2,14,11
2022,3,21,ch,m,248,0,8,0,25,7
2022,3,22,ch,m,273,0,9,1,25,19
2022,3,23,ch,m,298,0,4,1,25,28
2022,3,24,ch,m,288,0,19,1,26,23
2022,3,25,ch,m,301,0,14,2,36,33
2022,3,26,ch,m,325,0,16,1,36,33
2022,3,27,ch,m,331,0,15,2,27,48
2022,3,28,ch,m,308,0,14,1,22,36
2022,3,29,ch,m,295,0,16,4,31,35
2022,3,30,ch,m,303,0,12,5,21,23
2022,3,31,ch,m,299,0,20,1,14,23
2022,3,32,ch,m,300,0,15,2,21,20
2022,3,33,ch,m,295,0,10,1,30,27
2022,3,34,ch,m,296,0,19,0,11,17
2022,3,35,ch,m,268,0,8,0,19,18
2022,3,36,ch,m,283,0,13,1,15,17
2022,3,37,ch,m,273,0,14,0,20,18
2022,3,38,ch,m,263,0,7,0,12,6
2022,3,39,ch,m,283,0,10,2,13,11
2022,3,40,ch,m,270,0,7,0,9,11
2022,3,41,ch,m,277,0,7,0,14,12
2022,3,42,ch,m,277,0,8,0,12,5
2022,3,43,ch,m,274,0,6,0,8,12
2022,3,44,ch,m,249,0,7,1,6,5
2022,3,45,ch,m,248,0,5,0,7,7
2022,3,46,ch,m,254,0,7,0,6,8
2022,3,47,ch,m,264,0,6,1,5,5
2022,3,48,ch,m,288,0,2,0,7,9
2022,3,49,ch,m,277,0,7,1,10,6
2022,3,50,ch,m,308,0,7,2,12,6
2022,3,51,ch,m,337,0,4,0,11,5
2022,3,52,ch,m,355,0,3,2,7,8
2022,3,53,ch,m,334,0,6,0,15,14
2022,3,54,ch,m,390,0,4,2,6,8
2022,3,55,ch,m,390,0,3,0,14,9
2022,3,56,ch,m,408,0,7,0,12,9
2022,3,57,ch,m,409,0,4,1,6,13
2022,3,58,ch,m,445,0,6,0,10,6
2022,3,59,ch,m,423,0,4,0,8,7
2022,3,60,ch,m,424,0,1,0,5,7
2022,3,61,ch,m,414,0,5,0,10,11
2022,3,62,ch,m,378,0,6,0,8,4
2022,3,63,ch,m,332,0,8,0,5,5
2022,3,64,ch,m,370,0,8,0,8,5
2022,3,65,ch,m,350,0,3,0,7,7
2022,3,66,ch,m,353,0,5,4,4,6
2022,3,67,ch,m,361,0,4,1,8,6
2022,3,68,ch,m,327,0,4,1,6,7
2022,3,69,ch,m,322,0,1,0,6,5
2022,3,70,ch,m,339,0,1,1,6,3
2022,3,71,ch,m,283,0,2,1,6,2
2022,3,72,ch,m,284,0,1,0,2,3
2022,3,73,ch,m,293,0,1,1,1,2
2022,3,74,ch,m,280,0,1,4,6,1
2022,3,75,ch,m,259,0,4,1,0,1
2022,3,76,ch,m,274,0,0,0,5,0
2022,3,77,ch,m,263,0,3,1,1,1
2022,3,78,ch,m,228,0,2,1,6,3
2022,3,79,ch,m,233,0,0,1,4,4
2022,3,80,ch,m,190,0,1,0,6,2
2022,3,81,ch,m,186,0,1,0,0,1
2022,3,82,ch,m,137,0,0,0,3,1
2022,3,83,ch,m,141,0,2,0,1,1
2022,3,84,ch,m,125,0,1,0,4,1
2022,3,85,ch,m,102,0,1,0,2,2
2022,3,86,ch,m,102,0,0,0,0,2
2022,3,87,ch,m,106,0,0,0,0,1
2022,3,88,ch,m,80,0,0,0,0,0
2022,3,89,ch,m,77,0,0,0,0,0
2022,3,90,ch,m,55,0,0,0,1,0
2022,3,91,ch,m,39,0,0,0,0,1
2022,3,92,ch,m,40,0,0,0,1,1
2022,3,93,ch,m,26,0,0,0,1,1
2022,3,94,ch,m,18,0,0,0,0,0
2022,3,95,ch,m,17,0,0,0,0,0
2022,3,96,ch,m,7,0,0,0,0,0
2022,3,97,ch,m,8,0,0,0,0,0
2022,3,98,ch,m,7,0,0,0,0,0
2022,3,99,ch,m,0,0,0,0,0,0
2022,3,100,ch,m,4,0,0,0,0,0
2022,3,0,ch,f,0,223,2,0,7,10
2022,3,1,ch,f,236,0,16,0,24,20
2022,3,2,ch,f,252,0,10,3,14,15
2022,3,3,ch,f,227,0,5,1,9,11
2022,3,4,ch,f,207,0,5,4,15,8
2022,3,5,ch,f,245,0,7,1,10,6
2022,3,6,ch,f,228,0,3,3,6,2
2022,3,7,ch,f,225,0,3,0,3,5
2022,3,8,ch,f,237,0,4,1,8,4
2022,3,9,ch,f,239,0,5,0,3,3
2022,3,10,ch,f,248,0,2,1,2,3
2022,3,11,ch,f,235,0,5,0,2,1
2022,3,12,ch,f,237,0,6,1,4,4
2022,3,13,ch,f,245,0,4,2,5,7
2022,3,14,ch,f,246,0,3,1,4,4
2022,3,15,ch,f,241,0,5,0,4,4
2022,3,16,ch,f,246,0,3,1,6,5
2022,3,17,ch,f,276,0,4,1,4,7
2022,3,18,ch,f,241,0,5,0,7,8
2022,3,19,ch,f,262,0,7,1,14,16
2022,3,20,ch,f,266,0,8,1,21,25
2022,3,21,ch,f,264,0,14,1,22,29
2022,3,22,ch,f,260,0,11,0,28,30
2022,3,23,ch,f,276,0,14,2,30,42
2022,3,24,ch,f,305,0,24,0,35,40
2022,3,25,ch,f,298,0,21,1,43,40
2022,3,26,ch,f,290,0,20,3,26,36
2022,3,27,ch,f,281,0,22,0,23,36
2022,3,28,ch,f,293,0,18,1,28,39
2022,3,29,ch,f,264,0,18,2,23,30
2022,3,30,ch,f,294,0,15,1,25,27
2022,3,31,ch,f,282,0,17,0,30,24
2022,3,32,ch,f,278,0,10,0,22,19
2022,3,33,ch,f,294,0,12,1,10,20
2022,3,34,ch,f,265,0,16,2,13,14
2022,3,35,ch,f,270,0,12,0,18,14
2022,3,36,ch,f,294,0,6,1,13,14
2022,3,37,ch,f,246,0,16,3,15,19
2022,3,38,ch,f,286,0,9,1,15,7
2022,3,39,ch,f,273,0,10,1,12,9
2022,3,40,ch,f,283,0,7,0,13,11
2022,3,41,ch,f,301,0,10,1,7,10
2022,3,42,ch,f,272,0,8,0,14,6
2022,3,43,ch,f,274,0,3,1,8,6
2022,3,44,ch,f,299,0,4,1,6,9
2022,3,45,ch,f,278,0,5,1,11,6
2022,3,46,ch,f,282,0,7,1,7,7
2022,3,47,ch,f,269,0,9,1,5,9
2022,3,48,ch,f,295,0,4,0,7,9
2022,3,49,ch,f,321,0,3,0,9,4
2022,3,50,ch,f,323,0,6,1,12,7
2022,3,51,ch,f,342,0,4,0,12,13
2022,3,52,ch,f,370,0,6,1,11,17
2022,3,53,ch,f,396,0,6,1,16,5
2022,3,54,ch,f,405,0,3,0,11,15
2022,3,55,ch,f,394,0,6,2,6,12
2022,3,56,ch,f,416,0,4,0,8,6
2022,3,57,ch,f,396,0,9,0,6,3
2022,3,58,ch,f,449,0,6,0,16,6
2022,3,59,ch,f,457,0,8,0,13,13
2022,3,60,ch,f,421,0,7,1,8,9
2022,3,61,ch,f,434,0,5,1,7,14
2022,3,62,ch,f,444,0,7,1,12,5
2022,3,63,ch,f,343,0,2,1,3,2
2022,3,64,ch,f,390,0,9,1,6,10
2022,3,65,ch,f,401,0,4,0,4,7
2022,3,66,ch,f,376,0,3,0,8,2
2022,3,67,ch,f,370,0,6,0,6,5
2022,3,68,ch,f,357,0,3,0,8,2
2022,3,69,ch,f,319,0,2,2,11,6
2022,3,70,ch,f,369,0,4,0,1,8
2022,3,71,ch,f,295,0,2,0,3,6
2022,3,72,ch,f,327,0,1,1,6,4
2022,3,73,ch,f,302,0,1,1,3,5
2022,3,74,ch,f,314,0,3,1,6,6
2022,3,75,ch,f,294,0,1,1,7,3
2022,3,76,ch,f,336,0,0,1,4,2
2022,3,77,ch,f,284,0,1,1,6,2
2022,3,78,ch,f,282,0,7,1,4,3
2022,3,79,ch,f,262,0,1,2,3,5
2022,3,80,ch,f,259,0,0,0,3,3
2022,3,81,ch,f,212,0,1,1,3,0
2022,3,82,ch,f,210,0,1,0,3,2
2022,3,83,ch,f,190,0,2,0,4,6
2022,3,84,ch,f,204,0,0,0,2,2
2022,3,85,ch,f,165,0,1,1,1,0
2022,3,86,ch,f,165,0,0,0,3,1
2022,3,87,ch,f,152,0,1,0,1,0
2022,3,88,ch,f,123,0,0,0,2,0
2022,3,89,ch,f,113,0,0,0,0,1
2022,3,90,ch,f,116,0,1,0,1,1
2022,3,91,ch,f,91,0,1,0,1,2
2022,3,92,ch,f,77,0,0,0,2,3
2022,3,93,ch,f,64,0,0,0,1,0
2022,3,94,ch,f,58,0,0,0,1,0
2022,3,95,ch,f,47,0,1,0,1,1
2022,3,96,ch,f,30,0,1,0,0,0
2022,3,97,ch,f,22,0,0,0,0,0
2022,3,98,ch,f,16,0,0,0,0,0
2022,3,99,ch,f,9,0,0,0,0,0
2022,3,100,ch,f,10,0,0,0,0,0
2022,3,0,int,m,0,98,2,0,3,4
2022,3,1,int,m,125,0,7,6,9,8
2022,3,2,int,m,120,0,3,4,6,8
2022,3,3,int,m,137,0,6,4,4,8
2022,3,4,int,m,142,0,3,12,6,9
2022,3,5,int,m,128,0,4,6,7,10
2022,3,6,int,m,127,0,2,5,4,3
2022,3,7,int,m,118,0,1,5,2,0
2022,3,8,int,m,116,0,1,7,2,1
2022,3,9,int,m,129,0,1,3,4,4
2022,3,10,int,m,116,0,1,6,5,3
2022,3,11,int,m,115,0,1,5,1,2
2022,3,12,int,m,110,0,1,3,8,6
2022,3,13,int,m,128,0,4,5,3,0
2022,3,14,int,m,114,0,2,7,3,3
2022,3,15,int,m,110,0,1,5,4,5
2022,3,16,int,m,120,0,1,6,6,5
2022,3,17,int,m,93,0,0,3,7,4
2022,3,18,int,m,112,0,4,4,13,10
2022,3,19,int,m,105,0,2,9,13,8
2022,3,20,int,m,97,0,1,18,6,12
2022,3,21,int,m,101,0,8,17,6,10
2022,3,22,int,m,127,0,6,31,15,20
2022,3,23,int,m,148,0,4,23,17,22
2022,3,24,int,m,137,0,11,25,22,17
2022,3,25,int,m,132,0,13,28,27,28
2022,3,26,int,m,159,0,9,34,17,30
2022,3,27,int,m,162,0,10,26,24,22
2022,3,28,int,m,199,0,10,28,20,23
2022,3,29,int,m,192,0,15,24,24,31
2022,3,30,int,m,197,0,17,23,21,25
2022,3,31,int,m,207,0,12,28,24,21
2022,3,32,int,m,223,0,18,20,21,23
2022,3,33,int,m,202,0,16,30,27,25
2022,3,34,int,m,217,0,12,27,26,19
2022,3,35,int,m,242,0,18,22,26,25
2022,3,36,int,m,219,0,19,26,24,21
2022,3,37,int,m,237,0,15,27,19,15
2022,3,38,int,m,254,0,15,18,18,21
2022,3,39,int,m,246,0,10,18,15,19
2022,3,40,int,m,253,0,14,19,10,24
2022,3,41,int,m,267,0,18,10,14,20
2022,3,42,int,m,252,0,7,11,15,14
2022,3,43,int,m,231,0,6,15,12,17
2022,3,44,int,m,210,0,20,12,13,8
2022,3,45,int,m,208,0,5,13,10,6
2022,3,46,int,m,197,0,7,14,16,11
2022,3,47,int,m,200,0,16,15,9,7
2022,3,48,int,m,192,0,3,19,18,13
2022,3,49,int,m,190,0,7,19,7,11
2022,3,50,int,m,194,0,10,10,9,13
2022,3,51,int,m,211,0,9,14,6,5
2022,3,52,int,m,189,0,8,8,18,9
2022,3,53,int,m,196,0,10,5,6,9
2022,3,54,int,m,181,0,5,14,7,11
2022,3,55,int,m,169,0,4,5,11,7
2022,3,56,int,m,198,0,6,8,8,5
2022,3,57,int,m,194,0,3,4,9,5
2022,3,58,int,m,181,0,6,6,5,4
2022,3,59,int,m,184,0,1,2,1,6
2022,3,60,int,m,137,0,4,4,2,1
2022,3,61,int,m,135,0,2,3,5,2
2022,3,62,int,m,159,0,3,4,4,4
2022,3,63,int,m,101,0,3,5,2,3
2022,3,64,int,m,115,0,1,2,5,3
2022,3,65,int,m,93,0,3,0,3,3
2022,3,66,int,m,83,0,1,1,0,2
2022,3,67,int,m,73,0,1,0,0,0
2022,3,68,int,m,53,0,1,0,1,1
2022,3,69,int,m,65,0,0,0,0,0
2022,3,70,int,m,47,0,0,1,1,0
2022,3,71,int,m,38,0,0,0,1,2
2022,3,72,int,m,44,0,1,1,2,0
2022,3,73,int,m,43,0,0,1,0,0
2022,3,74,int,m,45,0,0,0,2,2
2022,3,75,int,m,31,0,0,0,0,0
2022,3,76,int,m,42,0,0,1,0,0
2022,3,77,int,m,27,0,1,0,0,0
2022,3,78,int,m,33,0,0,0,0,0
2022,3,79,int,m,23,0,0,0,0,0
2022,3,80,int,m,36,0,1,0,0,0
2022,3,81,int,m,32,0,1,0,0,0
2022,3,82,int,m,45,0,0,0,0,1
2022,3,83,int,m,28,0,0,0,0,0
2022,3,84,int,m,28,0,0,0,0,0
2022,3,85,int,m,10,0,0,0,0,0
2022,3,86,int,m,19,0,0,0,0,0
2022,3,87,int,m,14,0,0,0,0,0
2022,3,88,int,m,11,0,0,1,0,0
2022,3,89,int,m,5,0,0,0,0,0
2022,3,90,int,m,2,0,0,0,0,0
2022,3,91,int,m,0,0,0,0,0,0
2022,3,92,int,m,2,0,0,0,0,0
2022,3,93,int,m,3,0,0,0,0,0
2022,3,94,int,m,1,0,0,0,0,0
2022,3,95,int,m,2,0,0,0,0,0
2022,3,96,int,m,0,0,0,0,0,0
2022,3,97,int,m,0,0,0,0,0,0
2022,3,98,int,m,0,0,0,0,0,0
2022,3,99,int,m,1,0,0,0,0,0
2022,3,100,int,m,0,0,0,0,0,0
2022,3,0,int,f,0,100,1,1,2,3
2022,3,1,int,f,125,0,4,5,8,9
2022,3,2,int,f,118,0,4,7,4,11
2022,3,3,int,f,138,0,1,3,9,10
2022,3,4,int,f,117,0,4,3,7,4
2022,3,5,int,f,108,0,3,6,7,5
2022,3,6,int,f,113,0,4,4,2,1
2022,3,7,int,f,123,0,1,6,2,2
2022,3,8,int,f,122,0,3,7,6,1
2022,3,9,int,f,118,0,2,7,4,2
2022,3,10,int,f,123,0,2,4,3,3
2022,3,11,int,f,98,0,0,6,1,2
2022,3,12,int,f,117,0,2,4,5,3
2022,3,13,int,f,128,0,3,3,4,4
2022,3,14,int,f,107,0,1,4,3,4
2022,3,15,int,f,124,0,1,3,2,3
2022,3,16,int,f,109,0,0,1,4,6
2022,3,17,int,f,111,0,2,2,5,4
2022,3,18,int,f,112,0,3,0,6,8
2022,3,19,int,f,87,0,2,7,4,9
2022,3,20,int,f,85,0,6,7,8,3
2022,3,21,int,f,93,0,5,9,10,7
2022,3,22,int,f,115,0,8,16,12,17
2022,3,23,int,f,100,0,4,18,13,17
2022,3,24,int,f,143,0,7,22,7,11
2022,3,25,int,f,135,0,9,11,9,15
2022,3,26,int,f,118,0,9,25,10,14
2022,3,27,int,f,163,0,12,20,16,20
2022,3,28,int,f,141,0,11,16,20,13
2022,3,29,int,f,200,0,7,20,7,18
2022,3,30,int,f,160,0,5,14,16,12
2022,3,31,int,f,172,0,12,23,13,12
2022,3,32,int,f,191,0,15,8,15,11
2022,3,33,int,f,205,0,12,16,11,5
2022,3,34,int,f,164,0,7,10,10,9
2022,3,35,int,f,197,0,4,12,16,10
2022,3,36,int,f,212,0,5,10,10,14
2022,3,37,int,f,211,0,16,13,11,12
2022,3,38,int,f,195,0,4,8,7,11
2022,3,39,int,f,210,0,7,9,7,7
2022,3,40,int,f,228,0,6,11,8,9
2022,3,41,int,f,199,0,3,6,4,11
2022,3,42,int,f,190,0,5,5,14,11
2022,3,43,int,f,169,0,9,10,3,8
2022,3,44,int,f,185,0,7,2,8,5
2022,3,45,int,f,176,0,6,9,6,6
2022,3,46,int,f,159,0,5,10,5,8
2022,3,47,int,f,194,0,5,9,6,7
2022,3,48,int,f,143,0,4,5,3,4
2022,3,49,int,f,155,0,1,3,5,11
2022,3,50,int,f,164,0,2,5,8,5
2022,3,51,int,f,172,0,3,1,3,3
2022,3,52,int,f,141,0,5,7,6,5
2022,3,53,int,f,150,0,7,6,4,4
2022,3,54,int,f,157,0,4,0,3,2
2022,3,55,int,f,141,0,6,6,11,6
2022,3,56,int,f,132,0,0,2,1,2
2022,3,57,int,f,143,0,3,4,6,6
2022,3,58,int,f,137,0,2,4,2,2
2022,3,59,int,f,142,0,1,0,2,4
2022,3,60,int,f,108,0,3,2,1,2
2022,3,61,int,f,100,0,4,1,1,2
2022,3,62,int,f,124,0,2,1,1,7
2022,3,63,int,f,91,0,2,0,1,3
2022,3,64,int,f,81,0,3,4,2,1
2022,3,65,int,f,56,0,1,1,3,1
2022,3,66,int,f,65,0,0,1,2,1
2022,3,67,int,f,70,0,0,0,2,1
2022,3,68,int,f,46,0,3,2,2,0
2022,3,69,int,f,42,0,0,0,1,1
2022,3,70,int,f,42,0,0,1,0,0
2022,3,71,int,f,30,0,0,0,1,0
2022,3,72,int,f,50,0,1,0,1,0
2022,3,73,int,f,43,0,1,1,0,1
2022,3,74,int,f,48,0,0,0,2,1
2022,3,75,int,f,29,0,0,0,1,2
2022,3,76,int,f,38,0,0,0,0,0
2022,3,77,int,f,27,0,0,0,0,1
2022,3,78,int,f,35,0,1,0,0,1
2022,3,79,int,f,27,0,0,2,0,0
2022,3,80,int,f,31,0,0,1,1,1
2022,3,81,int,f,36,0,0,0,0,0
2022,3,82,int,f,26,0,0,0,0,0
2022,3,83,int,f,22,0,0,0,0,0
2022,3,84,int,f,13,0,0,0,0,0
2022,3,85,int,f,20,0,0,0,0,1
2022,3,86,int,f,17,0,0,0,0,0
2022,3,87,int,f,10,0,0,0,0,0
2022,3,88,int,f,10,0,1,1,2,0
2022,3,89,int,f,12,0,0,0,0,0
2022,3,90,int,f,9,0,0,0,0,0
2022,3,91,int,f,4,0,0,0,0,0
2022,3,92,int,f,1,0,0,0,0,1
2022,3,93,int,f,1,0,0,0,0,0
2022,3,94,int,f,4,0,0,0,0,0
2022,3,95,int,f,0,0,0,0,0,0
2022,3,96,int,f,0,0,0,0,0,0
2022,3,97,int,f,1,0,0,0,0,0
2022,3,98,int,f,0,0,0,0,0,0
2022,3,99,int,f,0,0,0,0,0,0
2022,3,100,int,f,0,0,0,0,0,0
2023,3,0,ch,m,0,225,6,0,10,3
2023,3,1,ch,m,218,0,6,3,22,10
2023,3,2,ch,m,233,0,9,1,17,18
2023,3,3,ch,m,256,0,4,1,15,10
2023,3,4,ch,m,261,0,6,0,5,6
2023,3,5,ch,m,246,0,8,0,4,10
2023,3,6,ch,m,267,0,5,0,5,11
2023,3,7,ch,m,239,0,4,1,5,4
2023,3,8,ch,m,260,0,7,0,2,5
2023,3,9,ch,m,284,0,2,1,3,8
2023,3,10,ch,m,249,0,7,2,4,4
2023,3,11,ch,m,246,0,2,1,5,5
2023,3,12,ch,m,276,0,6,1,0,3
2023,3,13,ch,m,277,0,5,0,7,7
2023,3,14,ch,m,248,0,2,0,4,6
2023,3,15,ch,m,250,0,4,0,5,5
2023,3,16,ch,m,253,0,3,1,3,6
2023,3,17,ch,m,274,0,2,0,2,5
2023,3,18,ch,m,277,0,8,1,6,1
2023,3,19,ch,m,278,0,4,0,4,6
2023,3,20,ch,m,252,0,6,0,9,7
2023,3,21,ch,m,259,0,6,0,15,17
2023,3,22,ch,m,273,0,10,1,20,24
2023,3,23,ch,m,285,0,9,1,21,26
2023,3,24,ch,m,289,0,12,3,24,33
2023,3,25,ch,m,296,0,20,0,29,23
2023,3,26,ch,m,300,0,10,0,37,32
2023,3,27,ch,m,323,0,16,1,33,39
2023,3,28,ch,m,313,0,13,2,39,27
2023,3,29,ch,m,297,0,16,1,18,31
2023,3,30,ch,m,294,0,10,2,31,28
2023,3,31,ch,m,303,0,19,3,29,24
2023,3,32,ch,m,285,0,21,0,26,19
2023,3,33,ch,m,312,0,10,2,19,20
2023,3,34,ch,m,302,0,19,0,18,20
2023,3,35,ch,m,300,0,10,1,18,17
2023,3,36,ch,m,271,0,11,1,12,11
2023,3,37,ch,m,280,0,4,0,14,8
2023,3,38,ch,m,280,0,12,0,8,10
2023,3,39,ch,m,271,0,12,2,10,13
2023,3,40,ch,m,287,0,5,2,5,15
2023,3,41,ch,m,270,0,5,0,8,9
2023,3,42,ch,m,282,0,8,1,15,10
2023,3,43,ch,m,289,0,8,0,7,6
2023,3,44,ch,m,275,0,6,1,6,6
2023,3,45,ch,m,257,0,1,0,4,9
2023,3,46,ch,m,249,0,4,0,6,7
2023,3,47,ch,m,263,0,7,0,9,8
2023,3,48,ch,m,270,0,6,0,4,5
2023,3,49,ch,m,286,0,3,0,6,5
2023,3,50,ch,m,282,0,5,1,9,2
2023,3,51,ch,m,321,0,4,0,7,11
2023,3,52,ch,m,349,0,5,0,10,13
2023,3,53,ch,m,352,0,5,0,15,8
2023,3,54,ch,m,338,0,6,1,7,7
2023,3,55,ch,m,385,0,5,0,3,8
2023,3,56,ch,m,392,0,2,0,6,10
2023,3,57,ch,m,415,0,4,0,10,8
2023,3,58,ch,m,400,0,4,1,7,8
2023,3,59,ch,m,452,0,10,2,6,8
2023,3,60,ch,m,421,0,3,2,6,7
2023,3,61,ch,m,419,0,9,2,9,10
2023,3,62,ch,m,409,0,2,1,8,5
2023,3,63,ch,m,384,0,8,2,9,6
2023,3,64,ch,m,334,0,4,0,10,6
2023,3,65,ch,m,367,0,3,1,9,9
2023,3,66,ch,m,344,0,4,0,1,3
2023,3,67,ch,m,345,0,4,2,9,2
2023,3,68,ch,m,362,0,4,2,5,0
2023,3,69,ch,m,325,0,4,0,3,5
2023,3,70,ch,m,316,0,7,0,8,3
2023,3,71,ch,m,341,0,6,1,6,5
2023,3,72,ch,m,288,0,4,1,4,2
2023,3,73,ch,m,274,0,3,0,4,1
2023,3,74,ch,m,282,0,1,0,2,2
2023,3,75,ch,m,283,0,6,1,4,4
2023,3,76,ch,m,250,0,2,2,3,3
2023,3,77,ch,m,274,0,1,0,7,4
2023,3,78,ch,m,255,0,3,0,2,2
2023,3,79,ch,m,225,0,3,1,4,2
2023,3,80,ch,m,222,0,0,1,7,2
2023,3,81,ch,m,187,0,1,3,3,2
2023,3,82,ch,m,173,0,1,0,2,0
2023,3,83,ch,m,130,0,1,0,2,1
2023,3,84,ch,m,133,0,1,0,2,1
2023,3,85,ch,m,118,0,0,0,1,0
2023,3,86,ch,m,90,0,0,0,1,1
2023,3,87,ch,m,90,0,0,0,0,0
2023,3,88,ch,m,93,0,1,1,1,0
2023,3,89,ch,m,62,0,0,0,1,2
2023,3,90,ch,m,65,0,0,0,0,0
2023,3,91,ch,m,47,0,0,0,1,0
2023,3,92,ch,m,29,0,0,0,0,1
2023,3,93,ch,m,34,0,0,0,1,1
2023,3,94,ch,m,22,0,0,0,1,1
2023,3,95,ch,m,12,0,0,0,0,0
2023,3,96,ch,m,13,0,0,0,0,0
2023,3,97,ch,m,4,0,0,0,0,0
2023,3,98,ch,m,6,0,0,0,0,0
2023,3,99,ch,m,4,0,0,0,0,0
2023,3,100,ch,m,3,0,0,0,0,0
2023,3,0,ch,f,0,213,6,0,3,1
2023,3,1,ch,f,218,0,6,0,9,13
2023,3,2,ch,f,255,0,10,0,20,15
2023,3,3,ch,f,256,0,8,1,10,16
2023,3,4,ch,f,232,0,5,0,8,6
2023,3,5,ch,f,221,0,7,0,4,6
2023,3,6,ch,f,254,0,3,0,5,2
2023,3,7,ch,f,236,0,3,1,3,4
2023,3,8,ch,f,227,0,4,0,2,4
2023,3,9,ch,f,242,0,3,2,2,8
2023,3,10,ch,f,241,0,4,0,2,2
2023,3,11,ch,f,250,0,5,3,3,4
2023,3,12,ch,f,244,0,3,1,5,8
2023,3,13,ch,f,248,0,2,0,2,4
2023,3,14,ch,f,252,0,2,1,2,1
2023,3,15,ch,f,253,0,4,0,3,2
2023,3,16,ch,f,252,0,1,0,5,9
2023,3,17,ch,f,255,0,0,0,1,7
2023,3,18,ch,f,278,0,6,1,7,0
2023,3,19,ch,f,248,0,5,2,7,5
2023,3,20,ch,f,268,0,10,0,18,18
2023,3,21,ch,f,259,0,13,4,33,27
2023,3,22,ch,f,262,0,11,0,28,23
2023,3,23,ch,f,259,0,22,1,17,24
2023,3,24,ch,f,260,0,23,0,41,44
2023,3,25,ch,f,300,0,13,1,37,36
2023,3,26,ch,f,306,0,17,2,40,34
2023,3,27,ch,f,283,0,20,0,27,33
2023,3,28,ch,f,266,0,18,2,30,27
2023,3,29,ch,f,281,0,17,2,27,38
2023,3,30,ch,f,263,0,18,2,20,18
2023,3,31,ch,f,293,0,17,3,15,33
2023,3,32,ch,f,284,0,15,0,27,18
2023,3,33,ch,f,283,0,16,2,20,16
2023,3,34,ch,f,289,0,15,3,20,15
2023,3,35,ch,f,279,0,9,1,16,18
2023,3,36,ch,f,279,0,10,0,18,14
2023,3,37,ch,f,293,0,10,0,10,12
2023,3,38,ch,f,256,0,7,0,7,11
2023,3,39,ch,f,301,0,6,0,13,8
2023,3,40,ch,f,285,0,4,1,9,13
2023,3,41,ch,f,295,0,5,2,9,9
2023,3,42,ch,f,306,0,5,2,5,8
2023,3,43,ch,f,283,0,6,1,8,6
2023,3,44,ch,f,278,0,7,2,7,5
2023,3,45,ch,f,298,0,7,2,7,7
2023,3,46,ch,f,288,0,3,1,5,11
2023,3,47,ch,f,293,0,5,0,5,6
2023,3,48,ch,f,275,0,4,1,7,4
2023,3,49,ch,f,294,0,7,1,3,7
2023,3,50,ch,f,324,0,8,2,6,8
2023,3,51,ch,f,327,0,7,0,9,5
2023,3,52,ch,f,338,0,5,0,8,5
2023,3,53,ch,f,367,0,3,0,9,5
2023,3,54,ch,f,408,0,7,0,11,9
2023,3,55,ch,f,394,0,8,1,10,10
2023,3,56,ch,f,388,0,4,1,8,11
2023,3,57,ch,f,414,0,5,0,11,10
2023,3,58,ch,f,404,0,3,0,7,7
2023,3,59,ch,f,461,0,9,1,7,11
2023,3,60,ch,f,456,0,4,1,11,7
2023,3,61,ch,f,424,0,5,0,12,14
2023,3,62,ch,f,425,0,6,2,9,6
2023,3,63,ch,f,450,0,6,1,12,8
2023,3,64,ch,f,341,0,7,1,8,10
2023,3,65,ch,f,394,0,7,0,7,2
2023,3,66,ch,f,398,0,7,0,10,7
2023,3,67,ch,f,383,0,6,1,4,4
2023,3,68,ch,f,373,0,5,0,7,4
2023,3,69,ch,f,361,0,5,1,9,1
2023,3,70,ch,f,324,0,4,0,7,6
2023,3,71,ch,f,358,0,0,0,2,4
2023,3,72,ch,f,288,0,2,3,7,2
2023,3,73,ch,f,326,0,0,1,3,3
2023,3,74,ch,f,299,0,2,0,4,3
2023,3,75,ch,f,307,0,4,0,4,0
2023,3,76,ch,f,295,0,4,2,7,1
2023,3,77,ch,f,330,0,4,0,4,3
2023,3,78,ch,f,282,0,1,1,3,3
2023,3,79,ch,f,283,0,2,0,4,0
2023,3,80,ch,f,254,0,1,0,5,1
2023,3,81,ch,f,250,0,3,0,1,2
2023,3,82,ch,f,211,0,1,0,4,3
2023,3,83,ch,f,204,0,0,0,1,0
2023,3,84,ch,f,186,0,1,0,4,2
2023,3,85,ch,f,194,0,1,0,2,1
2023,3,86,ch,f,149,0,1,0,0,0
2023,3,87,ch,f,156,0,0,0,1,0
2023,3,88,ch,f,139,0,1,0,3,2
2023,3,89,ch,f,104,0,0,0,1,3
2023,3,90,ch,f,99,0,0,0,2,1
2023,3,91,ch,f,103,0,2,0,1,1
2023,3,92,ch,f,77,0,0,0,1,0
2023,3,93,ch,f,68,0,0,0,3,4
2023,3,94,ch,f,54,0,0,0,0,0
2023,3,95,ch,f,47,0,0,0,1,1
2023,3,96,ch,f,35,0,0,0,0,0
2023,3,97,ch,f,21,0,0,0,1,1
2023,3,98,ch,f,14,0,0,0,0,0
2023,3,99,ch,f,9,0,1,0,0,0
2023,3,100,ch,f,13,0,0,0,0,0
2023,3,0,int,m,0,109,3,3,2,2
2023,3,1,int,m,94,0,4,1,11,5
2023,3,2,int,m,133,0,4,8,6,8
2023,3,3,int,m,123,0,4,5,1,9
2023,3,4,int,m,134,0,5,7,8,7
2023,3,5,int,m,152,0,7,8,5,9
2023,3,6,int,m,130,0,1,6,4,1
2023,3,7,int,m,127,0,1,6,4,2
2023,3,8,int,m,120,0,5,3,5,2
2023,3,9,int,m,121,0,1,13,4,5
2023,3,10,int,m,127,0,2,5,2,4
2023,3,11,int,m,117,0,7,10,3,5
2023,3,12,int,m,113,0,5,3,4,3
2023,3,13,int,m,112,0,4,4,5,5
2023,3,14,int,m,132,0,0,4,6,8
2023,3,15,int,m,116,0,1,12,2,1
2023,3,16,int,m,106,0,3,4,4,3
2023,3,17,int,m,125,0,3,7,26,5
2023,3,18,int,m,96,0,1,12,40,27
2023,3,19,int,m,116,0,3,8,12,18
2023,3,20,int,m,115,0,2,11,9,10
2023,3,21,int,m,102,0,2,14,7,8
2023,3,22,int,m,117,0,9,17,11,12
2023,3,23,int,m,143,0,8,31,32,35
2023,3,24,int,m,150,0,15,30,16,25
2023,3,25,int,m,160,0,12,23,29,22
2023,3,26,int,m,160,0,9,30,25,31
2023,3,27,int,m,169,0,15,27,20,24
2023,3,28,int,m,180,0,10,24,25,24
2023,3,29,int,m,207,0,14,20,28,22
2023,3,30,int,m,208,0,19,26,24,22
2023,3,31,int,m,206,0,20,38,28,18
2023,3,32,int,m,229,0,9,22,22,21
2023,3,33,int,m,241,0,22,27,22,20
2023,3,34,int,m,226,0,15,18,26,25
2023,3,35,int,m,231,0,14,19,22,27
2023,3,36,int,m,256,0,13,22,23,22
2023,3,37,int,m,244,0,18,22,25,19
2023,3,38,int,m,265,0,19,27,19,17
2023,3,39,int,m,266,0,16,22,19,17
2023,3,40,int,m,255,0,13,19,15,20
2023,3,41,int,m,256,0,12,14,23,19
2023,3,42,int,m,272,0,10,17,15,14
2023,3,43,int,m,252,0,15,14,24,10
2023,3,44,int,m,232,0,14,25,19,15
2023,3,45,int,m,230,0,16,8,14,9
2023,3,46,int,m,214,0,8,16,20,12
2023,3,47,int,m,204,0,9,8,7,5
2023,3,48,int,m,207,0,9,6,10,10
2023,3,49,int,m,203,0,10,12,11,13
2023,3,50,int,m,199,0,7,12,5,7
2023,3,51,int,m,195,0,6,13,6,7
2023,3,52,int,m,219,0,6,6,7,9
2023,3,53,int,m,205,0,12,10,9,16
2023,3,54,int,m,192,0,5,12,4,8
2023,3,55,int,m,191,0,3,7,9,11
2023,3,56,int,m,171,0,9,9,8,4
2023,3,57,int,m,206,0,8,9,2,6
2023,3,58,int,m,196,0,2,9,5,4
2023,3,59,int,m,181,0,4,4,3,5
2023,3,60,int,m,177,0,3,3,2,5
2023,3,61,int,m,132,0,0,3,3,3
2023,3,62,int,m,133,0,4,1,4,4
2023,3,63,int,m,155,0,5,1,5,5
2023,3,64,int,m,100,0,1,2,5,2
2023,3,65,int,m,110,0,2,0,6,2
2023,3,66,int,m,87,0,1,0,1,4
2023,3,67,int,m,79,0,2,1,0,1
2023,3,68,int,m,74,0,0,0,0,1
2023,3,69,int,m,52,0,0,1,2,4
2023,3,70,int,m,63,0,0,0,0,0
2023,3,71,int,m,49,0,0,1,1,0
2023,3,72,int,m,37,0,0,2,2,2
2023,3,73,int,m,46,0,0,0,1,0
2023,3,74,int,m,44,0,2,1,0,0
2023,3,75,int,m,44,0,0,0,1,1
2023,3,76,int,m,28,0,0,0,0,1
2023,3,77,int,m,42,0,1,0,1,0
2023,3,78,int,m,26,0,0,0,0,1
2023,3,79,int,m,32,0,1,0,1,1
2023,3,80,int,m,18,0,0,0,1,1
2023,3,81,int,m,36,0,0,0,0,0
2023,3,82,int,m,33,0,1,0,1,0
2023,3,83,int,m,41,0,0,0,0,0
2023,3,84,int,m,25,0,0,1,0,0
2023,3,85,int,m,26,0,1,0,0,1
2023,3,86,int,m,9,0,0,0,0,0
2023,3,87,int,m,18,0,0,0,1,0
2023,3,88,int,m,13,0,0,0,0,0
2023,3,89,int,m,10,0,0,0,0,0
2023,3,90,int,m,5,0,0,1,0,0
2023,3,91,int,m,2,0,0,0,0,0
2023,3,92,int,m,0,0,0,0,0,0
2023,3,93,int,m,2,0,0,0,0,0
2023,3,94,int,m,3,0,0,0,0,0
2023,3,95,int,m,1,0,0,0,0,0
2023,3,96,int,m,1,0,0,0,0,0
2023,3,97,int,m,0,0,0,0,0,0
2023,3,98,int,m,0,0,0,0,0,0
2023,3,99,int,m,0,0,0,0,0,0
2023,3,100,int,m,1,0,0,0,0,0
2023,3,0,int,f,0,113,3,1,2,4
2023,3,1,int,f,100,0,1,8,4,3
2023,3,2,int,f,131,0,5,10,9,3
2023,3,3,int,f,114,0,2,6,7,4
2023,3,4,int,f,126,0,1,14,9,7
2023,3,5,int,f,116,0,3,6,3,4
2023,3,6,int,f,115,0,3,8,3,3
2023,3,7,int,f,117,0,5,3,1,0
2023,3,8,int,f,121,0,1,5,6,5
2023,3,9,int,f,135,0,2,7,2,6
2023,3,10,int,f,124,0,1,8,5,4
2023,3,11,int,f,122,0,3,6,4,3
2023,3,12,int,f,99,0,2,9,1,4
2023,3,13,int,f,119,0,2,8,3,8
2023,3,14,int,f,124,0,2,3,4,3
2023,3,15,int,f,107,0,3,1,3,4
2023,3,16,int,f,118,0,3,5,2,4
2023,3,17,int,f,99,0,2,4,5,2
2023,3,18,int,f,113,0,4,5,2,1
2023,3,19,int,f,106,0,2,2,5,5
2023,3,20,int,f,88,0,2,6,3,3
2023,3,21,int,f,94,0,1,11,10,6
2023,3,22,int,f,99,0,5,15,16,7
2023,3,23,int,f,120,0,5,28,13,14
2023,3,24,int,f,109,0,9,23,10,12
2023,3,25,int,f,155,0,13,29,12,20
2023,3,26,int,f,138,0,6,22,16,12
2023,3,27,int,f,135,0,9,27,18,14
2023,3,28,int,f,172,0,10,17,21,13
2023,3,29,int,f,160,0,8,21,23,22
2023,3,30,int,f,191,0,13,18,12,15
2023,3,31,int,f,171,0,10,19,18,16
2023,3,32,int,f,193,0,8,12,17,17
2023,3,33,int,f,204,0,8,18,17,20
2023,3,34,int,f,219,0,11,11,13,9
2023,3,35,int,f,168,0,16,20,13,9
2023,3,36,int,f,204,0,10,20,10,11
2023,3,37,int,f,213,0,6,12,7,9
2023,3,38,int,f,224,0,6,23,10,9
2023,3,39,int,f,195,0,11,13,9,4
2023,3,40,int,f,207,0,2,7,4,7
2023,3,41,int,f,235,0,6,9,11,7
2023,3,42,int,f,196,0,8,10,8,8
2023,3,43,int,f,196,0,6,5,8,9
2023,3,44,int,f,173,0,7,9,3,5
2023,3,45,int,f,191,0,11,7,8,4
2023,3,46,int,f,182,0,7,11,3,6
2023,3,47,int,f,162,0,7,14,2,4
2023,3,48,int,f,199,0,5,6,7,10
2023,3,49,int,f,148,0,1,10,5,7
2023,3,50,int,f,148,0,4,7,1,6
2023,3,51,int,f,165,0,6,10,5,5
2023,3,52,int,f,172,0,1,4,5,4
2023,3,53,int,f,153,0,1,6,1,6
2023,3,54,int,f,154,0,0,3,8,3
2023,3,55,int,f,156,0,2,3,7,3
2023,3,56,int,f,151,0,1,4,2,2
2023,3,57,int,f,126,0,2,3,3,2
2023,3,58,int,f,144,0,0,0,3,2
2023,3,59,int,f,136,0,1,2,5,2
2023,3,60,int,f,130,0,1,2,3,7
2023,3,61,int,f,102,0,1,3,1,5
2023,3,62,int,f,99,0,1,2,5,2
2023,3,63,int,f,117,0,2,1,5,7
2023,3,64,int,f,87,0,2,3,1,1
2023,3,65,int,f,87,0,2,0,2,1
2023,3,66,int,f,56,0,3,0,1,1
2023,3,67,int,f,63,0,1,1,1,1
2023,3,68,int,f,69,0,1,0,1,5
2023,3,69,int,f,52,0,1,1,1,1
2023,3,70,int,f,41,0,1,1,0,0
2023,3,71,int,f,43,0,0,0,0,0
2023,3,72,int,f,31,0,0,0,1,0
2023,3,73,int,f,52,0,1,0,4,2
2023,3,74,int,f,43,0,0,2,1,0
2023,3,75,int,f,48,0,0,0,0,1
2023,3,76,int,f,25,0,0,0,0,1
2023,3,77,int,f,39,0,0,0,0,1
2023,3,78,int,f,26,0,1,0,0,0
2023,3,79,int,f,31,0,0,0,0,0
2023,3,80,int,f,26,0,0,0,0,0
2023,3,81,int,f,31,0,0,1,0,0
2023,3,82,int,f,32,0,0,0,0,0
2023,3,83,int,f,23,0,2,1,1,0
2023,3,84,int,f,21,0,0,0,1,0
2023,3,85,int,f,12,0,0,0,0,0
2023,3,86,int,f,17,0,0,0,0,0
2023,3,87,int,f,14,0,0,0,1,0
2023,3,88,int,f,9,0,0,0,0,0
2023,3,89,int,f,12,0,0,0,0,1
2023,3,90,int,f,11,0,0,0,0,0
2023,3,91,int,f,4,0,0,0,0,0
2023,3,92,int,f,4,0,0,0,0,0
2023,3,93,int,f,0,0,0,0,0,0
2023,3,94,int,f,1,0,0,0,0,0
2023,3,95,int,f,3,0,0,0,0,0
2023,3,96,int,f,0,0,0,0,0,0
2023,3,97,int,f,0,0,0,0,0,0
2023,3,98,int,f,0,0,0,0,0,0
2023,3,99,int,f,0,0,0,0,0,0
2023,3,100,int,f,0,0,0,0,0,0
2024,3,0,ch,m,0,242,3,0,3,13
2024,3,1,ch,m,233,0,12,1,22,13
2024,3,2,ch,m,243,0,8,2,12,14
2024,3,3,ch,m,242,0,7,1,13,15
2024,3,4,ch,m,260,0,9,0,16,8
2024,3,5,ch,m,256,0,8,1,9,6
2024,3,6,ch,m,245,0,7,0,7,8
2024,3,7,ch,m,264,0,6,1,6,7
2024,3,8,ch,m,244,0,4,0,2,2
2024,3,9,ch,m,261,0,2,1,5,3
2024,3,10,ch,m,282,0,6,1,3,5
2024,3,11,ch,m,256,0,2,0,5,3
2024,3,12,ch,m,251,0,5,1,3,3
2024,3,13,ch,m,282,0,2,0,2,4
2024,3,14,ch,m,281,0,0,1,7,6
2024,3,15,ch,m,251,0,2,1,12,6
2024,3,16,ch,m,256,0,3,1,3,2
2024,3,17,ch,m,255,0,2,0,4,3
2024,3,18,ch,m,274,0,1,1,3,3
2024,3,19,ch,m,287,0,4,1,6,6
2024,3,20,ch,m,281,0,4,1,8,10
2024,3,21,ch,m,255,0,6,1,15,15
2024,3,22,ch,m,259,0,11,0,18,12
2024,3,23,ch,m,268,0,11,1,22,30
2024,3,24,ch,m,285,0,13,0,27,33
2024,3,25,ch,m,286,0,15,0,25,36
2024,3,26,ch,m,303,0,12,2,31,26
2024,3,27,ch,m,291,0,13,3,29,33
2024,3,28,ch,m,320,0,10,1,24,34
2024,3,29,ch,m,315,0,12,3,34,40
2024,3,30,ch,m,287,0,17,0,25,25
2024,3,31,ch,m,290,0,18,1,25,16
2024,3,32,ch,m,319,0,12,2,15,16
2024,3,33,ch,m,308,0,19,2,23,25
2024,3,34,ch,m,308,0,13,1,24,28
2024,3,35,ch,m,305,0,11,0,19,14
2024,3,36,ch,m,309,0,14,1,18,23
2024,3,37,ch,m,283,0,10,1,15,21
2024,3,38,ch,m,289,0,11,1,12,8
2024,3,39,ch,m,281,0,7,2,27,9
2024,3,40,ch,m,273,0,5,1,12,11
2024,3,41,ch,m,281,0,4,0,10,8
2024,3,42,ch,m,267,0,11,1,9,11
2024,3,43,ch,m,294,0,5,1,7,12
2024,3,44,ch,m,298,0,8,1,7,5
2024,3,45,ch,m,284,0,1,1,9,4
2024,3,46,ch,m,245,0,4,0,4,4
2024,3,47,ch,m,249,0,7,0,9,7
2024,3,48,ch,m,266,0,3,0,2,8
2024,3,49,ch,m,271,0,6,1,11,6
2024,3,50,ch,m,288,0,0,0,4,8
2024,3,51,ch,m,295,0,8,0,6,6
2024,3,52,ch,m,319,0,2,1,9,7
2024,3,53,ch,m,350,0,5,2,10,5
2024,3,54,ch,m,357,0,5,0,8,4
2024,3,55,ch,m,348,0,4,2,8,6
2024,3,56,ch,m,380,0,1,0,6,7
2024,3,57,ch,m,387,0,3,2,9,10
2024,3,58,ch,m,414,0,3,1,11,13
2024,3,59,ch,m,406,0,1,0,11,14
2024,3,60,ch,m,456,0,3,2,9,8
2024,3,61,ch,m,419,0,7,0,6,11
2024,3,62,ch,m,420,0,6,1,6,6
2024,3,63,ch,m,403,0,4,1,9,10
2024,3,64,ch,m,392,0,3,1,8,3
2024,3,65,ch,m,333,0,3,0,9,4
2024,3,66,ch,m,363,0,6,2,8,9
2024,3,67,ch,m,338,0,3,1,4,7
2024,3,68,ch,m,354,0,3,2,7,5
2024,3,69,ch,m,361,0,1,1,8,7
2024,3,70,ch,m,323,0,4,0,5,1
2024,3,71,ch,m,322,0,4,0,2,4
2024,3,72,ch,m,340,0,5,2,3,2
2024,3,73,ch,m,288,0,0,0,4,2
2024,3,74,ch,m,275,0,3,0,5,1
2024,3,75,ch,m,277,0,1,0,3,4
2024,3,76,ch,m,282,0,2,1,5,1
2024,3,77,ch,m,246,0,2,0,7,3
2024,3,78,ch,m,271,0,0,0,0,1
2024,3,79,ch,m,246,0,2,0,1,2
2024,3,80,ch,m,223,0,1,0,3,2
2024,3,81,ch,m,221,0,0,0,2,1
2024,3,82,ch,m,183,0,3,0,2,3
2024,3,83,ch,m,166,0,0,0,1,1
2024,3,84,ch,m,117,0,2,1,3,2
2024,3,85,ch,m,124,0,1,0,1,0
2024,3,86,ch,m,107,0,1,0,1,0
2024,3,87,ch,m,81,0,1,0,2,0
2024,3,88,ch,m,79,0,0,0,3,1
2024,3,89,ch,m,84,0,1,0,2,0
2024,3,90,ch,m,51,0,0,0,1,1
2024,3,91,ch,m,54,0,0,0,1,1
2024,3,92,ch,m,38,0,0,0,0,0
2024,3,93,ch,m,22,0,0,0,1,1
2024,3,94,ch,m,25,0,0,0,0,2
2024,3,95,ch,m,18,0,0,0,1,0
2024,3,96,ch,m,9,0,0,0,1,1
2024,3,97,ch,m,10,0,0,0,0,0
2024,3,98,ch,m,4,0,0,0,0,0
2024,3,99,ch,m,5,0,0,0,1,0
2024,3,100,ch,m,4,0,0,0,0,0
2024,3,0,ch,f,0,188,6,0,14,7
2024,3,1,ch,f,218,0,12,3,17,10
2024,3,2,ch,f,222,0,11,0,14,14
2024,3,3,ch,f,270,0,10,1,12,20
2024,3,4,ch,f,259,0,8,1,7,8
2024,3,5,ch,f,232,0,9,0,4,6
2024,3,6,ch,f,226,0,2,3,6,3
2024,3,7,ch,f,259,0,1,0,6,4
2024,3,8,ch,f,233,0,2,3,3,5
2024,3,9,ch,f,227,0,4,1,4,5
2024,3,10,ch,f,237,0,3,1,4,2
2024,3,11,ch,f,244,0,3,0,2,1
2024,3,12,ch,f,256,0,3,1,3,7
2024,3,13,ch,f,246,0,1,1,7,4
2024,3,14,ch,f,253,0,0,0,5,3
2024,3,15,ch,f,258,0,4,0,3,2
2024,3,16,ch,f,257,0,2,0,3,5
2024,3,17,ch,f,251,0,2,0,4,9
2024,3,18,ch,f,255,0,5,0,2,5
2024,3,19,ch,f,290,0,2,0,10,8
2024,3,20,ch,f,250,0,10,2,8,7
2024,3,21,ch,f,269,0,12,1,19,25
2024,3,22,ch,f,275,0,13,2,23,28
2024,3,23,ch,f,266,0,7,0,30,27
2024,3,24,ch,f,259,0,19,1,23,42
2024,3,25,ch,f,254,0,20,0,26,32
2024,3,26,ch,f,289,0,21,2,40,28
2024,3,27,ch,f,298,0,21,3,39,36
2024,3,28,ch,f,278,0,22,2,46,43
2024,3,29,ch,f,279,0,14,2,28,21
2024,3,30,ch,f,275,0,19,2,27,26
2024,3,31,ch,f,271,0,18,0,18,17
2024,3,32,ch,f,276,0,16,2,19,18
2024,3,33,ch,f,298,0,13,1,20,20
2024,3,34,ch,f,291,0,6,3,19,19
2024,3,35,ch,f,307,0,16,0,17,18
2024,3,36,ch,f,279,0,7,2,19,20
2024,3,37,ch,f,291,0,11,0,15,17
2024,3,38,ch,f,296,0,7,0,11,7
2024,3,39,ch,f,257,0,4,1,10,7
2024,3,40,ch,f,308,0,3,1,8,7
2024,3,41,ch,f,283,0,9,1,12,9
2024,3,42,ch,f,296,0,3,0,5,7
2024,3,43,ch,f,302,0,5,0,10,9
2024,3,44,ch,f,290,0,6,0,9,9
2024,3,45,ch,f,292,0,6,1,12,8
2024,3,46,ch,f,306,0,5,2,6,6
2024,3,47,ch,f,286,0,0,0,7,5
2024,3,48,ch,f,296,0,4,1,11,9
2024,3,49,ch,f,277,0,6,0,7,5
2024,3,50,ch,f,296,0,5,1,7,8
2024,3,51,ch,f,332,0,3,0,5,8
2024,3,52,ch,f,337,0,3,0,4,6
2024,3,53,ch,f,343,0,8,0,7,8
2024,3,54,ch,f,367,0,5,0,8,8
2024,3,55,ch,f,409,0,11,0,17,7
2024,3,56,ch,f,394,0,4,0,6,7
2024,3,57,ch,f,383,0,5,2,11,9
2024,3,58,ch,f,417,0,4,1,9,5
2024,3,59,ch,f,402,0,7,0,5,7
2024,3,60,ch,f,465,0,1,2,9,15
2024,3,61,ch,f,461,0,4,2,7,9
2024,3,62,ch,f,423,0,7,1,8,7
2024,3,63,ch,f,431,0,4,1,8,7
2024,3,64,ch,f,455,0,4,1,6,7
2024,3,65,ch,f,342,0,4,2,5,1
2024,3,66,ch,f,402,0,4,0,4,3
2024,3,67,ch,f,402,0,8,1,12,10
2024,3,68,ch,f,385,0,4,0,8,6
2024,3,69,ch,f,377,0,4,1,1,8
2024,3,70,ch,f,368,0,7,0,8,10
2024,3,71,ch,f,323,0,3,0,2,5
2024,3,72,ch,f,351,0,1,0,7,4
2024,3,73,ch,f,292,0,0,0,4,2
2024,3,74,ch,f,324,0,1,1,3,1
2024,3,75,ch,f,297,0,3,0,6,4
2024,3,76,ch,f,307,0,3,0,3,0
2024,3,77,ch,f,298,0,3,1,6,0
2024,3,78,ch,f,332,0,2,1,1,5
2024,3,79,ch,f,280,0,0,0,1,3
2024,3,80,ch,f,281,0,3,0,4,1
2024,3,81,ch,f,253,0,1,0,7,2
2024,3,82,ch,f,242,0,4,0,3,2
2024,3,83,ch,f,201,0,1,0,7,4
2024,3,84,ch,f,193,0,0,0,3,1
2024,3,85,ch,f,183,0,0,0,2,2
2024,3,86,ch,f,177,0,0,0,4,3
2024,3,87,ch,f,141,0,1,0,4,0
2024,3,88,ch,f,146,0,1,0,2,1
2024,3,89,ch,f,122,0,0,0,3,2
2024,3,90,ch,f,93,0,1,0,0,1
2024,3,91,ch,f,83,0,0,0,1,1
2024,3,92,ch,f,92,0,0,0,1,0
2024,3,93,ch,f,68,0,0,0,0,0
2024,3,94,ch,f,51,0,0,0,1,1
2024,3,95,ch,f,48,0,1,0,2,0
2024,3,96,ch,f,38,0,0,0,0,0
2024,3,97,ch,f,27,0,0,0,0,0
2024,3,98,ch,f,16,0,0,0,0,0
2024,3,99,ch,f,8,0,0,0,0,0
2024,3,100,ch,f,15,0,0,0,0,0
2024,3,0,int,m,0,100,1,1,4,1
2024,3,1,int,m,113,0,4,8,10,6
2024,3,2,int,m,99,0,4,12,5,11
2024,3,3,int,m,137,0,2,7,9,9
2024,3,4,int,m,127,0,2,4,8,9
2024,3,5,int,m,144,0,4,6,1,7
2024,3,6,int,m,158,0,3,6,7,5
2024,3,7,int,m,143,0,0,9,3,8
2024,3,8,int,m,131,0,1,7,3,4
2024,3,9,int,m,130,0,2,10,9,8
2024,3,10,int,m,134,0,2,2,3,1
2024,3,11,int,m,125,0,1,4,2,6
2024,3,12,int,m,126,0,0,8,6,5
2024,3,13,int,m,121,0,1,7,5,6
2024,3,14,int,m,115,0,0,6,4,4
2024,3,15,int,m,128,0,2,4,7,5
2024,3,16,int,m,130,0,0,4,3,6
2024,3,17,int,m,110,0,0,7,5,5
2024,3,18,int,m,152,0,1,5,20,19
2024,3,19,int,m,118,0,3,12,10,20
2024,3,20,int,m,116,0,5,15,18,7
2024,3,21,int,m,116,0,6,14,12,11
2024,3,22,int,m,103,0,8,20,15,13
2024,3,23,int,m,131,0,7,30,13,15
2024,3,24,int,m,167,0,8,40,23,19
2024,3,25,int,m,173,0,10,17,26,23
2024,3,26,int,m,191,0,16,28,30,18
2024,3,27,int,m,178,0,14,35,41,25
2024,3,28,int,m,185,0,25,28,28,24
2024,3,29,int,m,200,0,20,21,18,27
2024,3,30,int,m,231,0,21,14,24,18
2024,3,31,int,m,228,0,18,29,26,19
2024,3,32,int,m,246,0,22,29,33,27
2024,3,33,int,m,242,0,17,38,28,20
2024,3,34,int,m,269,0,16,15,25,22
2024,3,35,int,m,232,0,12,24,18,10
2024,3,36,int,m,232,0,21,26,19,19
2024,3,37,int,m,258,0,16,22,20,27
2024,3,38,int,m,273,0,12,23,22,18
2024,3,39,int,m,277,0,14,16,14,18
2024,3,40,int,m,279,0,14,21,14,16
2024,3,41,int,m,260,0,10,18,21,12
2024,3,42,int,m,265,0,7,15,16,18
2024,3,43,int,m,284,0,11,19,14,18
2024,3,44,int,m,273,0,11,17,10,17
2024,3,45,int,m,255,0,12,14,20,16
2024,3,46,int,m,249,0,12,8,11,9
2024,3,47,int,m,230,0,11,11,13,12
2024,3,48,int,m,208,0,7,13,8,10
2024,3,49,int,m,203,0,7,16,11,13
2024,3,50,int,m,205,0,11,7,11,11
2024,3,51,int,m,199,0,3,7,10,12
2024,3,52,int,m,206,0,7,7,8,7
2024,3,53,int,m,218,0,6,10,10,9
2024,3,54,int,m,204,0,4,9,12,8
2024,3,55,int,m,196,0,5,7,5,8
2024,3,56,int,m,191,0,3,6,6,5
2024,3,57,int,m,189,0,7,5,7,6
2024,3,58,int,m,214,0,2,1,6,8
2024,3,59,int,m,194,0,3,3,5,5
2024,3,60,int,m,179,0,3,4,1,6
2024,3,61,int,m,169,0,2,2,5,2
2024,3,62,int,m,127,0,2,2,3,7
2024,3,63,int,m,131,0,1,3,4,3
2024,3,64,int,m,154,0,3,0,4,1
2024,3,65,int,m,100,0,3,2,6,4
2024,3,66,int,m,106,0,1,1,1,3
2024,3,67,int,m,83,0,0,2,1,2
2024,3,68,int,m,81,0,1,0,2,3
2024,3,69,int,m,72,0,1,0,2,1
2024,3,70,int,m,48,0,0,2,1,0
2024,3,71,int,m,62,0,0,0,1,1
2024,3,72,int,m,48,0,1,0,2,2
2024,3,73,int,m,37,0,0,0,0,0
2024,3,74,int,m,45,0,0,0,1,1
2024,3,75,int,m,45,0,0,0,0,1
2024,3,76,int,m,45,0,0,0,1,0
2024,3,77,int,m,24,0,1,0,0,0
2024,3,78,int,m,42,0,0,0,0,0
2024,3,79,int,m,23,0,0,0,1,0
2024,3,80,int,m,30,0,0,0,1,0
2024,3,81,int,m,18,0,1,0,0,0
2024,3,82,int,m,35,0,0,0,0,0
2024,3,83,int,m,33,0,0,0,0,0
2024,3,84,int,m,34,0,0,0,1,1
2024,3,85,int,m,24,0,1,0,0,0
2024,3,86,int,m,25,0,0,0,0,1
2024,3,87,int,m,8,0,1,0,0,0
2024,3,88,int,m,17,0,0,0,0,0
2024,3,89,int,m,12,0,0,0,0,0
2024,3,90,int,m,10,0,0,0,1,0
2024,3,91,int,m,6,0,0,0,1,0
2024,3,92,int,m,1,0,0,0,0,0
2024,3,93,int,m,0,0,0,0,0,0
2024,3,94,int,m,2,0,0,0,0,0
2024,3,95,int,m,2,0,0,0,0,0
2024,3,96,int,m,1,0,0,0,0,0
2024,3,97,int,m,1,0,0,0,0,0
2024,3,98,int,m,0,0,0,0,0,0
2024,3,99,int,m,0,0,0,0,0,0
2024,3,100,int,m,0,0,0,0,0,0
2024,3,0,int,f,0,109,4,5,4,5
2024,3,1,int,f,111,0,3,7,3,9
2024,3,2,int,f,114,0,4,8,8,2
2024,3,3,int,f,143,0,3,7,3,5
2024,3,4,int,f,120,0,6,14,5,12
2024,3,5,int,f,137,0,1,9,6,7
2024,3,6,int,f,123,0,1,10,8,3
2024,3,7,int,f,118,0,4,8,4,5
2024,3,8,int,f,127,0,3,6,4,2
2024,3,9,int,f,125,0,2,9,2,3
2024,3,10,int,f,140,0,1,7,4,3
2024,3,11,int,f,134,0,3,4,8,9
2024,3,12,int,f,130,0,2,4,4,4
2024,3,13,int,f,108,0,2,4,3,1
2024,3,14,int,f,121,0,1,3,4,7
2024,3,15,int,f,134,0,0,1,6,8
2024,3,16,int,f,109,0,0,5,4,3
2024,3,17,int,f,125,0,2,2,3,2
2024,3,18,int,f,101,0,2,5,4,4
2024,3,19,int,f,118,0,1,1,5,6
2024,3,20,int,f,108,0,4,11,4,6
2024,3,21,int,f,91,0,8,9,9,9
2024,3,22,int,f,104,0,5,15,14,13
2024,3,23,int,f,118,0,11,21,17,15
2024,3,24,int,f,142,0,6,21,17,13
2024,3,25,int,f,128,0,14,21,13,16
2024,3,26,int,f,165,0,11,23,14,19
2024,3,27,int,f,157,0,7,20,21,20
2024,3,28,int,f,154,0,12,20,19,21
2024,3,29,int,f,200,0,9,26,13,21
2024,3,30,int,f,167,0,15,15,19,14
2024,3,31,int,f,207,0,10,24,15,16
2024,3,32,int,f,191,0,11,20,18,10
2024,3,33,int,f,191,0,7,11,15,13
2024,3,34,int,f,218,0,8,12,12,12
2024,3,35,int,f,237,0,6,12,10,14
2024,3,36,int,f,202,0,9,18,11,12
2024,3,37,int,f,225,0,10,14,13,14
2024,3,38,int,f,219,0,9,9,6,8
2024,3,39,int,f,248,0,6,8,8,13
2024,3,40,int,f,213,0,5,9,9,11
2024,3,41,int,f,211,0,9,11,9,6
2024,3,42,int,f,249,0,4,5,7,8
2024,3,43,int,f,208,0,6,9,10,7
2024,3,44,int,f,200,0,7,6,14,12
2024,3,45,int,f,180,0,3,8,8,8
2024,3,46,int,f,208,0,5,7,10,8
2024,3,47,int,f,191,0,5,12,6,9
2024,3,48,int,f,174,0,3,6,4,5
2024,3,49,int,f,203,0,4,7,8,4
2024,3,50,int,f,153,0,3,7,5,8
2024,3,51,int,f,146,0,5,8,5,3
2024,3,52,int,f,170,0,4,9,12,7
2024,3,53,int,f,174,0,2,3,3,6
2024,3,54,int,f,152,0,4,5,5,6
2024,3,55,int,f,159,0,3,3,3,0
2024,3,56,int,f,163,0,4,3,5,10
2024,3,57,int,f,146,0,6,2,3,2
2024,3,58,int,f,129,0,2,0,2,0
2024,3,59,int,f,140,0,0,2,6,3
2024,3,60,int,f,135,0,1,2,3,2
2024,3,61,int,f,126,0,2,1,4,1
2024,3,62,int,f,96,0,3,2,0,4
2024,3,63,int,f,106,0,2,1,1,3
2024,3,64,int,f,115,0,2,2,3,3
2024,3,65,int,f,84,0,0,1,3,0
2024,3,66,int,f,84,0,1,0,2,2
2024,3,67,int,f,57,0,2,0,1,4
2024,3,68,int,f,65,0,0,0,1,3
2024,3,69,int,f,64,0,0,0,1,0
2024,3,70,int,f,52,0,1,0,1,1
2024,3,71,int,f,45,0,0,0,1,0
2024,3,72,int,f,46,0,0,0,0,0
2024,3,73,int,f,34,0,0,1,1,0
2024,3,74,int,f,55,0,0,0,0,0
2024,3,75,int,f,44,0,0,0,1,0
2024,3,76,int,f,46,0,1,0,1,1
2024,3,77,int,f,25,0,0,0,0,0
2024,3,78,int,f,38,0,0,0,0,0
2024,3,79,int,f,26,0,0,0,0,0
2024,3,80,int,f,30,0,0,0,0,0
2024,3,81,int,f,25,0,0,0,1,1
2024,3,82,int,f,30,0,0,0,0,0
2024,3,83,int,f,32,0,0,0,1,0
2024,3,84,int,f,26,0,0,1,0,0
2024,3,85,int,f,19,0,0,0,1,0
2024,3,86,int,f,11,0,1,0,0,0
2024,3,87,int,f,17,0,0,0,1,1
2024,3,88,int,f,13,0,0,0,0,0
2024,3,89,int,f,8,0,0,0,0,0
2024,3,90,int,f,11,0,0,0,0,0
2024,3,91,int,f,8,0,0,0,0,0
2024,3,92,int,f,3,0,0,0,0,0
2024,3,93,int,f,3,0,0,0,0,0
2024,3,94,int,f,0,0,0,0,0,0
2024,3,95,int,f,0,0,0,0,0,0
2024,3,96,int,f,2,0,0,1,0,0
2024,3,97,int,f,0,0,0,0,0,0
2024,3,98,int,f,0,0,0,0,0,0
2024,3,99,int,f,0,0,0,0,0,0
2024,3,100,int,f,0,0,0,0,0,0
2025,3,0,ch,m,0,239,3,0,4,8
2025,3,1,ch,m,230,0,9,1,17,21
2025,3,2,ch,m,247,0,9,2,15,13
2025,3,3,ch,m,247,0,6,0,11,14
2025,3,4,ch,m,241,0,5,0,9,4
2025,3,5,ch,m,271,0,5,1,6,6
2025,3,6,ch,m,262,0,4,0,6,2
2025,3,7,ch,m,248,0,4,2,2,2
2025,3,8,ch,m,272,0,6,0,6,4
2025,3,9,ch,m,244,0,1,1,2,5
2025,3,10,ch,m,265,0,4,0,1,1
2025,3,11,ch,m,285,0,2,3,7,5
2025,3,12,ch,m,265,0,3,1,4,5
2025,3,13,ch,m,258,0,2,1,5,8
2025,3,14,ch,m,283,0,5,1,7,3
2025,3,15,ch,m,284,0,2,0,7,2
2025,3,16,ch,m,262,0,0,1,10,8
2025,3,17,ch,m,258,0,4,1,4,4
2025,3,18,ch,m,259,0,4,0,8,5
2025,3,19,ch,m,276,0,3,2,6,8
2025,3,20,ch,m,288,0,6,0,5,7
2025,3,21,ch,m,281,0,5,2,8,10
2025,3,22,ch,m,260,0,13,0,27,16
2025,3,23,ch,m,269,0,9,0,26,23
2025,3,24,ch,m,265,0,11,2,21,29
2025,3,25,ch,m,282,0,16,1,27,24
2025,3,26,ch,m,278,0,12,1,22,36
2025,3,27,ch,m,303,0,23,0,33,32
2025,3,28,ch,m,290,0,9,1,38,28
2025,3,29,ch,m,300,0,19,2,23,35
2025,3,30,ch,m,305,0,17,2,23,38
2025,3,31,ch,m,279,0,14,1,19,17
2025,3,32,ch,m,300,0,11,0,29,28
2025,3,33,ch,m,319,0,11,2,28,27
2025,3,34,ch,m,309,0,12,0,18,22
2025,3,35,ch,m,306,0,9,1,19,13
2025,3,36,ch,m,312,0,15,1,17,13
2025,3,37,ch,m,308,0,10,1,11,13
2025,3,38,ch,m,279,0,8,1,10,8
2025,3,39,ch,m,295,0,14,0,14,13
2025,3,40,ch,m,305,0,8,2,6,8
2025,3,41,ch,m,277,0,10,1,13,11
2025,3,42,ch,m,278,0,8,0,6,8
2025,3,43,ch,m,273,0,6,1,11,8
2025,3,44,ch,m,299,0,6,0,11,5
2025,3,45,ch,m,303,0,6,1,8,9
2025,3,46,ch,m,288,0,7,0,3,13
2025,3,47,ch,m,244,0,2,1,7,1
2025,3,48,ch,m,256,0,8,0,7,7
2025,3,49,ch,m,260,0,2,3,7,3
2025,3,50,ch,m,280,0,9,1,5,8
2025,3,51,ch,m,282,0,6,0,7,6
2025,3,52,ch,m,297,0,8,0,5,6
2025,3,53,ch,m,318,0,4,2,7,6
2025,3,54,ch,m,357,0,6,1,6,6
2025,3,55,ch,m,366,0,4,2,2,1
2025,3,56,ch,m,354,0,5,0,8,14
2025,3,57,ch,m,370,0,5,1,9,6
2025,3,58,ch,m,386,0,7,0,7,5
2025,3,59,ch,m,414,0,3,0,8,9
2025,3,60,ch,m,400,0,4,2,8,9
2025,3,61,ch,m,458,0,0,2,5,7
2025,3,62,ch,m,414,0,7,0,5,10
2025,3,63,ch,m,420,0,4,1,7,7
2025,3,64,ch,m,397,0,7,1,4,2
2025,3,65,ch,m,390,0,4,0,4,3
2025,3,66,ch,m,333,0,6,0,8,6
2025,3,67,ch,m,360,0,7,0,7,3
2025,3,68,ch,m,334,0,3,2,3,1
2025,3,69,ch,m,351,0,2,1,6,4
2025,3,70,ch,m,355,0,4,0,9,4
2025,3,71,ch,m,325,0,1,0,3,1
2025,3,72,ch,m,316,0,3,0,2,3
2025,3,73,ch,m,335,0,4,0,3,1
2025,3,74,ch,m,281,0,2,1,2,3
2025,3,75,ch,m,271,0,1,1,4,1
2025,3,76,ch,m,270,0,4,0,5,1
2025,3,77,ch,m,279,0,2,1,2,3
2025,3,78,ch,m,245,0,0,0,7,3
2025,3,79,ch,m,260,0,2,0,5,0
2025,3,80,ch,m,234,0,3,0,3,2
2025,3,81,ch,m,215,0,2,1,5,3
2025,3,82,ch,m,214,0,2,0,3,4
2025,3,83,ch,m,172,0,0,1,0,3
2025,3,84,ch,m,160,0,0,0,2,1
2025,3,85,ch,m,110,0,0,0,1,4
2025,3,86,ch,m,118,0,1,0,2,0
2025,3,87,ch,m,95,0,1,0,1,0
2025,3,88,ch,m,75,0,1,0,1,1
2025,3,89,ch,m,74,0,0,0,0,0
2025,3,90,ch,m,76,0,0,0,0,0
2025,3,91,ch,m,42,0,0,0,2,1
2025,3,92,ch,m,49,0,0,0,0,0
2025,3,93,ch,m,30,0,0,0,2,0
2025,3,94,ch,m,20,0,0,0,1,0
2025,3,95,ch,m,16,0,0,0,0,0
2025,3,96,ch,m,14,0,0,0,0,0
2025,3,97,ch,m,6,0,0,0,0,0
2025,3,98,ch,m,7,0,0,0,0,0
2025,3,99,ch,m,2,0,0,0,0,0
2025,3,100,ch,m,6,0,0,0,0,0
2025,3,0,ch,f,0,223,6,0,4,8
2025,3,1,ch,f,198,0,5,1,11,10
2025,3,2,ch,f,228,0,11,2,11,13
2025,3,3,ch,f,229,0,3,0,10,10
2025,3,4,ch,f,269,0,9,4,8,8
2025,3,5,ch,f,262,0,4,0,7,8
2025,3,6,ch,f,237,0,1,3,8,3
2025,3,7,ch,f,233,0,2,0,5,4
2025,3,8,ch,f,257,0,0,2,4,5
2025,3,9,ch,f,234,0,2,0,3,1
2025,3,10,ch,f,225,0,2,1,4,2
2025,3,11,ch,f,238,0,2,0,2,1
2025,3,12,ch,f,252,0,2,2,6,2
2025,3,13,ch,f,255,0,3,0,5,4
2025,3,14,ch,f,248,0,3,2,4,5
2025,3,15,ch,f,253,0,3,0,3,3
2025,3,16,ch,f,263,0,3,0,5,6
2025,3,17,ch,f,263,0,4,0,7,5
2025,3,18,ch,f,251,0,2,0,6,6
2025,3,19,ch,f,256,0,3,2,7,13
2025,3,20,ch,f,290,0,10,2,8,15
2025,3,21,ch,f,262,0,8,0,16,17
2025,3,22,ch,f,259,0,11,1,23,26
2025,3,23,ch,f,266,0,16,2,40,32
2025,3,24,ch,f,263,0,20,1,30,41
2025,3,25,ch,f,248,0,18,2,37,33
2025,3,26,ch,f,249,0,22,0,39,40
2025,3,27,ch,f,295,0,24,2,25,41
2025,3,28,ch,f,301,0,21,3,28,31
2025,3,29,ch,f,283,0,18,1,24,29
2025,3,30,ch,f,279,0,20,2,21,21
2025,3,31,ch,f,278,0,17,2,24,27
2025,3,32,ch,f,276,0,21,1,25,15
2025,3,33,ch,f,284,0,12,0,14,19
2025,3,34,ch,f,302,0,16,0,22,20
2025,3,35,ch,f,297,0,8,1,11,10
2025,3,36,ch,f,314,0,11,1,20,17
2025,3,37,ch,f,281,0,16,1,10,10
2025,3,38,ch,f,293,0,8,2,12,12
2025,3,39,ch,f,303,0,6,2,7,11
2025,3,40,ch,f,258,0,8,0,8,5
2025,3,41,ch,f,311,0,5,0,7,12
2025,3,42,ch,f,292,0,4,1,6,6
2025,3,43,ch,f,292,0,7,0,8,6
2025,3,44,ch,f,305,0,5,0,6,7
2025,3,45,ch,f,295,0,7,1,9,8
2025,3,46,ch,f,303,0,7,0,8,5
2025,3,47,ch,f,313,0,1,0,5,6
2025,3,48,ch,f,282,0,5,0,4,7
2025,3,49,ch,f,300,0,4,0,6,7
2025,3,50,ch,f,280,0,4,0,6,9
2025,3,51,ch,f,297,0,6,1,9,6
2025,3,52,ch,f,331,0,3,0,4,10
2025,3,53,ch,f,334,0,2,1,8,11
2025,3,54,ch,f,344,0,5,5,13,4
2025,3,55,ch,f,367,0,3,0,10,12
2025,3,56,ch,f,427,0,6,3,15,17
2025,3,57,ch,f,391,0,7,2,7,6
2025,3,58,ch,f,388,0,11,2,15,12
2025,3,59,ch,f,420,0,4,1,10,11
2025,3,60,ch,f,402,0,6,0,9,11
2025,3,61,ch,f,456,0,3,0,10,9
2025,3,62,ch,f,459,0,5,0,9,6
2025,3,63,ch,f,427,0,5,2,10,7
2025,3,64,ch,f,433,0,7,2,13,5
2025,3,65,ch,f,456,0,8,1,9,10
2025,3,66,ch,f,344,0,1,0,8,4
2025,3,67,ch,f,400,0,7,0,5,7
2025,3,68,ch,f,408,0,6,0,8,9
2025,3,69,ch,f,386,0,6,0,12,2
2025,3,70,ch,f,369,0,2,1,3,2
2025,3,71,ch,f,366,0,3,0,7,6
2025,3,72,ch,f,318,0,6,0,5,3
2025,3,73,ch,f,351,0,4,0,4,4
2025,3,74,ch,f,285,0,1,0,8,7
2025,3,75,ch,f,320,0,2,2,5,0
2025,3,76,ch,f,293,0,2,0,7,5
2025,3,77,ch,f,308,0,4,1,5,0
2025,3,78,ch,f,299,0,3,1,8,3
2025,3,79,ch,f,324,0,1,1,1,3
2025,3,80,ch,f,268,0,1,0,3,2
2025,3,81,ch,f,282,0,2,0,4,5
2025,3,82,ch,f,251,0,2,1,2,1
2025,3,83,ch,f,240,0,0,0,2,5
2025,3,84,ch,f,193,0,1,0,4,2
2025,3,85,ch,f,188,0,0,0,6,0
2025,3,86,ch,f,170,0,0,0,1,1
2025,3,87,ch,f,172,0,0,0,2,2
2025,3,88,ch,f,132,0,0,0,1,1
2025,3,89,ch,f,139,0,1,0,3,2
2025,3,90,ch,f,110,0,0,0,0,1
2025,3,91,ch,f,76,0,0,0,0,0
2025,3,92,ch,f,74,0,0,0,3,0
2025,3,93,ch,f,86,0,0,0,3,2
2025,3,94,ch,f,62,0,0,0,2,2
2025,3,95,ch,f,39,0,0,0,1,1
2025,3,96,ch,f,37,0,0,0,0,0
2025,3,97,ch,f,27,0,0,0,0,0
2025,3,98,ch,f,22,0,0,0,2,0
2025,3,99,ch,f,12,0,0,0,0,0
2025,3,100,ch,f,13,0,0,0,0,0
2025,3,0,int,m,0,126,1,2,2,4
2025,3,1,int,m,102,0,4,10,4,5
2025,3,2,int,m,124,0,5,10,10,11
2025,3,3,int,m,102,0,7,8,6,3
2025,3,4,int,m,132,0,6,9,10,8
2025,3,5,int,m,130,0,4,8,1,8
2025,3,6,int,m,142,0,3,9,4,5
2025,3,7,int,m,162,0,3,6,6,2
2025,3,8,int,m,144,0,3,5,5,2
2025,3,9,int,m,138,0,2,3,5,5
2025,3,10,int,m,136,0,3,4,3,9
2025,3,11,int,m,134,0,2,8,7,6
2025,3,12,int,m,114,0,0,4,2,2
2025,3,13,int,m,129,0,0,8,5,8
2025,3,14,int,m,124,0,1,1,4,3
2025,3,15,int,m,117,0,1,6,5,0
2025,3,16,int,m,131,0,1,7,4,3
2025,3,17,int,m,122,0,2,5,2,4
2025,3,18,int,m,111,0,1,2,35,7
2025,3,19,int,m,155,0,3,5,18,12
2025,3,20,int,m,117,0,7,9,14,8
2025,3,21,int,m,137,0,8,16,11,15
2025,3,22,int,m,123,0,6,14,13,16
2025,3,23,int,m,120,0,9,18,19,13
2025,3,24,int,m,150,0,13,31,15,12
2025,3,25,int,m,195,0,7,30,20,21
2025,3,26,int,m,191,0,8,31,27,22
2025,3,27,int,m,219,0,17,29,19,37
2025,3,28,int,m,221,0,10,30,29,37
2025,3,29,int,m,212,0,15,18,32,32
2025,3,30,int,m,208,0,21,26,33,27
2025,3,31,int,m,253,0,20,30,31,23
2025,3,32,int,m,250,0,23,28,19,22
2025,3,33,int,m,281,0,16,26,14,22
2025,3,34,int,m,273,0,26,25,21,27
2025,3,35,int,m,286,0,14,17,19,20
2025,3,36,int,m,251,0,9,21,18,15
2025,3,37,int,m,257,0,13,19,19,20
2025,3,38,int,m,256,0,16,21,20,12
2025,3,39,int,m,281,0,13,14,23,22
2025,3,40,int,m,279,0,13,18,14,23
2025,3,41,int,m,283,0,12,17,12,15
2025,3,42,int,m,270,0,12,13,9,9
2025,3,43,int,m,261,0,7,13,15,13
2025,3,44,int,m,287,0,13,15,13,16
2025,3,45,int,m,272,0,11,10,16,20
2025,3,46,int,m,269,0,10,14,9,9
2025,3,47,int,m,258,0,6,8,11,14
2025,3,48,int,m,235,0,6,12,14,11
2025,3,49,int,m,215,0,6,5,7,11
2025,3,50,int,m,214,0,7,10,11,8
2025,3,51,int,m,210,0,7,10,10,11
2025,3,52,int,m,199,0,5,7,12,6
2025,3,53,int,m,195,0,3,7,13,11
2025,3,54,int,m,220,0,6,7,10,10
2025,3,55,int,m,208,0,4,6,9,8
2025,3,56,int,m,196,0,6,7,8,6
2025,3,57,int,m,185,0,4,0,5,4
2025,3,58,int,m,190,0,4,4,11,6
2025,3,59,int,m,201,0,3,4,5,7
2025,3,60,int,m,191,0,5,1,5,5
2025,3,61,int,m,168,0,2,7,7,7
2025,3,62,int,m,166,0,2,2,3,4
2025,3,63,int,m,123,0,0,1,7,2
2025,3,64,int,m,131,0,1,2,6,6
2025,3,65,int,m,149,0,1,0,3,3
2025,3,66,int,m,91,0,2,1,2,2
2025,3,67,int,m,98,0,0,0,6,2
2025,3,68,int,m,78,0,1,0,2,3
2025,3,69,int,m,78,0,1,0,2,1
2025,3,70,int,m,69,0,0,1,1,0
2025,3,71,int,m,50,0,0,0,0,1
2025,3,72,int,m,60,0,0,1,2,0
2025,3,73,int,m,47,0,0,0,0,1
2025,3,74,int,m,32,0,0,1,1,0
2025,3,75,int,m,43,0,0,0,1,0
2025,3,76,int,m,41,0,1,0,0,0
2025,3,77,int,m,43,0,2,0,1,0
2025,3,78,int,m,22,0,0,1,0,0
2025,3,79,int,m,39,0,0,0,1,1
2025,3,80,int,m,24,0,0,1,2,2
2025,3,81,int,m,30,0,1,0,0,0
2025,3,82,int,m,19,0,0,0,0,0
2025,3,83,int,m,33,0,0,0,0,0
2025,3,84,int,m,29,0,0,0,0,0
2025,3,85,int,m,32,0,0,0,0,0
2025,3,86,int,m,22,0,0,0,0,0
2025,3,87,int,m,22,0,0,0,1,0
2025,3,88,int,m,9,0,0,0,0,0
2025,3,89,int,m,17,0,0,0,1,0
2025,3,90,int,m,10,0,0,0,0,0
2025,3,91,int,m,10,0,0,0,0,0
2025,3,92,int,m,6,0,0,0,0,0
2025,3,93,int,m,1,0,0,0,0,0
2025,3,94,int,m,0,0,0,0,0,0
2025,3,95,int,m,2,0,0,0,0,0
2025,3,96,int,m,2,0,0,0,0,0
2025,3,97,int,m,1,0,0,0,0,0
2025,3,98,int,m,1,0,0,0,0,0
2025,3,99,int,m,0,0,0,0,0,0
2025,3,100,int,m,0,0,0,0,0,0
2025,3,0,int,f,0,112,3,6,0,5
2025,3,1,int,f,113,0,11,4,11,13
2025,3,2,int,f,114,0,5,7,8,6
2025,3,3,int,f,126,0,1,12,4,11
2025,3,4,int,f,139,0,1,4,7,6
2025,3,5,int,f,123,0,5,11,9,8
2025,3,6,int,f,134,0,2,2,3,3
2025,3,7,int,f,130,0,2,9,4,5
2025,3,8,int,f,126,0,1,5,1,1
2025,3,9,int,f,132,0,6,3,2,0
2025,3,10,int,f,128,0,1,4,3,1
2025,3,11,int,f,147,0,2,4,2,2
2025,3,12,int,f,135,0,2,3,4,3
2025,3,13,int,f,126,0,5,7,0,2
2025,3,14,int,f,110,0,0,5,6,6
2025,3,15,int,f,119,0,3,3,4,3
2025,3,16,int,f,128,0,3,8,3,6
2025,3,17,int,f,105,0,0,5,4,2
2025,3,18,int,f,122,0,4,4,3,3
2025,3,19,int,f,104,0,5,6,5,5
2025,3,20,int,f,111,0,3,13,8,8
2025,3,21,int,f,116,0,11,17,10,9
2025,3,22,int,f,104,0,8,7,15,15
2025,3,23,int,f,111,0,12,15,13,7
2025,3,24,int,f,133,0,11,18,21,10
2025,3,25,int,f,158,0,10,12,13,18
2025,3,26,int,f,141,0,14,24,15,16
2025,3,27,int,f,170,0,15,33,16,25
2025,3,28,int,f,165,0,5,17,15,17
2025,3,29,int,f,159,0,16,13,18,13
2025,3,30,int,f,212,0,16,19,14,17
2025,3,31,int,f,185,0,10,18,24,13
2025,3,32,int,f,215,0,8,20,14,19
2025,3,33,int,f,219,0,6,12,12,10
2025,3,34,int,f,196,0,11,16,9,7
2025,3,35,int,f,217,0,10,15,13,16
2025,3,36,int,f,236,0,7,12,9,8
2025,3,37,int,f,218,0,12,10,4,5
2025,3,38,int,f,234,0,8,7,9,11
2025,3,39,int,f,222,0,8,12,5,6
2025,3,40,int,f,247,0,6,8,10,11
2025,3,41,int,f,209,0,4,9,9,9
2025,3,42,int,f,228,0,7,8,8,4
2025,3,43,int,f,241,0,6,7,9,7
2025,3,44,int,f,215,0,5,5,8,3
2025,3,45,int,f,200,0,4,5,7,7
2025,3,46,int,f,178,0,2,4,8,8
2025,3,47,int,f,214,0,5,8,7,7
2025,3,48,int,f,201,0,2,2,8,11
2025,3,49,int,f,173,0,5,8,9,4
2025,3,50,int,f,214,0,6,6,7,8
2025,3,51,int,f,153,0,1,0,11,6
2025,3,52,int,f,155,0,2,3,5,6
2025,3,53,int,f,184,0,2,3,4,5
2025,3,54,int,f,168,0,2,6,5,3
2025,3,55,int,f,149,0,1,3,6,3
2025,3,56,int,f,163,0,2,0,6,5
2025,3,57,int,f,160,0,1,4,4,4
2025,3,58,int,f,148,0,1,4,7,10
2025,3,59,int,f,126,0,3,5,3,5
2025,3,60,int,f,142,0,1,2,2,3
2025,3,61,int,f,128,0,1,1,5,2
2025,3,62,int,f,127,0,3,1,3,2
2025,3,63,int,f,88,0,2,0,6,1
2025,3,64,int,f,102,0,0,2,4,8
2025,3,65,int,f,111,0,0,0,1,0
2025,3,66,int,f,86,0,1,0,1,1
2025,3,67,int,f,81,0,0,0,0,0
2025,3,68,int,f,52,0,2,1,2,1
2025,3,69,int,f,60,0,0,0,4,2
2025,3,70,int,f,60,0,0,1,0,1
2025,3,71,int,f,49,0,0,1,0,0
2025,3,72,int,f,43,0,1,0,1,0
2025,3,73,int,f,43,0,0,0,0,0
2025,3,74,int,f,33,0,0,0,3,2
2025,3,75,int,f,54,0,0,0,2,1
2025,3,76,int,f,41,0,0,0,0,1
2025,3,77,int,f,47,0,1,0,0,1
2025,3,78,int,f,25,0,0,0,1,0
2025,3,79,int,f,34,0,1,0,0,0
2025,3,80,int,f,23,0,1,0,0,0
2025,3,81,int,f,28,0,0,1,0,1
2025,3,82,int,f,24,0,0,0,0,0
2025,3,83,int,f,31,0,0,0,0,0
2025,3,84,int,f,31,0,0,0,0,0
2025,3,85,int,f,27,0,0,0,0,1
2025,3,86,int,f,19,0,1,0,0,1
2025,3,87,int,f,11,0,0,0,1,0
2025,3,88,int,f,17,0,0,0,0,0
2025,3,89,int,f,10,0,0,0,0,0
2025,3,90,int,f,7,0,0,0,1,1
2025,3,91,int,f,10,0,0,0,0,1
2025,3,92,int,f,8,0,0,0,0,0
2025,3,93,int,f,2,0,0,1,0,0
2025,3,94,int,f,2,0,0,0,0,1
2025,3,95,int,f,0,0,0,0,0,0
2025,3,96,int,f,0,0,0,0,0,0
2025,3,97,int,f,3,0,0,0,0,0
2025,3,98,int,f,0,0,0,0,0,0
2025,3,99,int,f,0,0,0,0,0,0
2025,3,100,int,f,0,0,0,0,0,0
2022,4,0,ch,m,0,499,10,1,24,13
2022,4,1,ch,m,554,0,15,2,51,43
2022,4,2,ch,m,523,0,17,3,36,34
2022,4,3,ch,m,549,0,10,1,31,40
2022,4,4,ch,m,538,0,6,3,31,21
2022,4,5,ch,m,556,0,12,3,15,28
2022,4,6,ch,m,555,0,11,2,5,8
2022,4,7,ch,m,563,0,8,6,8,10
2022,4,8,ch,m,580,0,8,1,10,14
2022,4,9,ch,m,533,0,9,0,6,6
2022,4,10,ch,m,552,0,4,0,11,9
2022,4,11,ch,m,523,0,4,2,12,12
2022,4,12,ch,m,557,0,3,1,6,11
2022,4,13,ch,m,499,0,2,0,9,2
2022,4,14,ch,m,574,0,4,1,8,10
2022,4,15,ch,m,524,0,6,1,7,8
2022,4,16,ch,m,532,0,4,0,9,9
2022,4,17,ch,m,532,0,3,1,15,5
2022,4,18,ch,m,577,0,4,0,18,12
2022,4,19,ch,m,548,0,4,2,15,15
2022,4,20,ch,m,573,0,8,1,21,18
2022,4,21,ch,m,548,0,8,1,36,34
2022,4,22,ch,m,607,0,17,0,43,37
2022,4,23,ch,m,565,0,18,1,50,47
2022,4,24,ch,m,584,0,16,0,59,56
2022,4,25,ch,m,602,0,30,3,89,78
2022,4,26,ch,m,522,0,34,1,97,76
2022,4,27,ch,m,517,0,22,2,70,61
2022,4,28,ch,m,583,0,23,1,67,66
2022,4,29,ch,m,571,0,35,1,60,63
2022,4,30,ch,m,559,0,20,1,62,55
2022,4,31,ch,m,580,0,32,1,72,58
2022,4,32,ch,m,584,0,20,0,70,49
2022,4,33,ch,m,561,0,22,1,61,47
2022,4,34,ch,m,561,0,32,1,53,42
2022,4,35,ch,m,577,0,19,1,44,44
2022,4,36,ch,m,559,0,17,1,54,31
2022,4,37,ch,m,579,0,15,1,37,23
2022,4,38,ch,m,597,0,17,3,28,35
2022,4,39,ch,m,623,0,18,2,37,19
2022,4,40,ch,m,608,0,9,2,31,23
2022,4,41,ch,m,592,0,9,2,33,32
2022,4,42,ch,m,623,0,16,1,24,35
2022,4,43,ch,m,555,0,12,2,20,22
2022,4,44,ch,m,613,0,17,1,18,12
2022,4,45,ch,m,600,0,11,3,16,12
2022,4,46,ch,m,579,0,7,2,14,15
2022,4,47,ch,m,587,0,10,0,18,23
2022,4,48,ch,m,632,0,2,0,15,12
2022,4,49,ch,m,609,0,5,0,16,11
2022,4,50,ch,m,660,0,5,0,11,19
2022,4,51,ch,m,724,0,14,2,24,19
2022,4,52,ch,m,747,0,10,2,18,20
2022,4,53,ch,m,774,0,5,3,18,19
2022,4,54,ch,m,856,0,14,2,16,16
2022,4,55,ch,m,854,0,9,1,23,26
2022,4,56,ch,m,785,0,10,3,21,19
2022,4,57,ch,m,885,0,10,1,11,15
2022,4,58,ch,m,914,0,8,1,19,17
2022,4,59,ch,m,814,0,3,0,15,11
2022,4,60,ch,m,833,0,8,3,16,14
2022,4,61,ch,m,817,0,5,2,18,11
2022,4,62,ch,m,737,0,8,0,10,8
2022,4,63,ch,m,734,0,4,0,13,7
2022,4,64,ch,m,674,0,6,0,10,10
2022,4,65,ch,m,700,0,3,1,7,9
2022,4,66,ch,m,636,0,1,3,9,9
2022,4,67,ch,m,614,0,5,1,7,10
2022,4,68,ch,m,614,0,2,1,12,11
2022,4,69,ch,m,623,0,1,0,9,10
2022,4,70,ch,m,599,0,1,0,7,4
2022,4,71,ch,m,543,0,1,0,6,8
2022,4,72,ch,m,569,0,5,1,4,6
2022,4,73,ch,m,499,0,1,2,7,11
2022,4,74,ch,m,541,0,3,0,3,6
2022,4,75,ch,m,504,0,2,1,3,9
2022,4,76,ch,m,473,0,0,0,10,8
2022,4,77,ch,m,473,0,4,0,3,3
2022,4,78,ch,m,415,0,1,0,2,4
2022,4,79,ch,m,406,0,2,0,2,4
2022,4,80,ch,m,333,0,2,0,4,5
2022,4,81,ch,m,303,0,0,0,3,3
2022,4,82,ch,m,285,0,2,0,2,1
2022,4,83,ch,m,245,0,0,0,2,1
2022,4,84,ch,m,247,0,1,0,0,2
2022,4,85,ch,m,203,0,0,0,1,3
2022,4,86,ch,m,167,0,0,0,3,1
2022,4,87,ch,m,150,0,0,0,1,0
2022,4,88,ch,m,131,0,0,0,1,1
2022,4,89,ch,m,98,0,1,0,1,0
2022,4,90,ch,m,93,0,3,0,2,1
2022,4,91,ch,m,75,0,0,0,2,0
2022,4,92,ch,m,69,0,1,0,0,0
2022,4,93,ch,m,43,0,0,0,1,0
2022,4,94,ch,m,40,0,0,0,1,0
2022,4,95,ch,m,24,0,0,0,0,0
2022,4,96,ch,m,7,0,0,0,1,0
2022,4,97,ch,m,9,0,0,0,0,0
2022,4,98,ch,m,7,0,0,0,0,0
2022,4,99,ch,m,3,0,0,0,0,0
2022,4,100,ch,m,4,0,0,0,0,0
2022,4,0,ch,f,0,461,12,0,19,12
2022,4,1,ch,f,492,0,25,1,44,33
2022,4,2,ch,f,464,0,22,1,29,32
2022,4,3,ch,f,522,0,13,1,29,26
2022,4,4,ch,f,507,0,9,1,21,24
2022,4,5,ch,f,561,0,11,2,20,17
2022,4,6,ch,f,521,0,9,0,9,11
2022,4,7,ch,f,498,0,9,0,13,12
2022,4,8,ch,f,515,0,3,0,10,6
2022,4,9,ch,f,506,0,3,1,10,10
2022,4,10,ch,f,527,0,8,1,11,2
2022,4,11,ch,f,509,0,1,0,1,2
2022,4,12,ch,f,542,0,5,0,4,6
2022,4,13,ch,f,508,0,2,0,5,9
2022,4,14,ch,f,547,0,2,2,9,5
2022,4,15,ch,f,487,0,4,2,9,9
2022,4,16,ch,f,501,0,1,0,10,4
2022,4,17,ch,f,441,0,4,0,15,5
2022,4,18,ch,f,541,0,6,0,19,13
2022,4,19,ch,f,486,0,6,2,26,22
2022,4,20,ch,f,508,0,17,2,38,39
2022,4,21,ch,f,511,0,20,3,49,42
2022,4,22,ch,f,527,0,21,1,59,59
2022,4,23,ch,f,527,0,35,0,73,65
2022,4,24,ch,f,535,0,27,0,70,99
2022,4,25,ch,f,562,0,30,1,88,77
2022,4,26,ch,f,537,0,33,3,96,78
2022,4,27,ch,f,562,0,33,3,71,75
2022,4,28,ch,f,534,0,39,3,64,70
2022,4,29,ch,f,532,0,25,2,55,61
2022,4,30,ch,f,553,0,42,4,65,64
2022,4,31,ch,f,622,0,29,2,59,63
2022,4,32,ch,f,622,0,26,1,55,47
2022,4,33,ch,f,560,0,23,2,47,37
2022,4,34,ch,f,563,0,31,1,47,44
2022,4,35,ch,f,596,0,18,1,39,46
2022,4,36,ch,f,593,0,16,1,36,45
2022,4,37,ch,f,585,0,17,3,39,30
2022,4,38,ch,f,629,0,12,3,24,29
2022,4,39,ch,f,593,0,11,1,34,24
2022,4,40,ch,f,651,0,20,0,21,31
2022,4,41,ch,f,673,0,9,1,23,14
2022,4,42,ch,f,617,0,12,1,15,19
2022,4,43,ch,f,600,0,7,0,16,21
2022,4,44,ch,f,571,0,10,1,11,12
2022,4,45,ch,f,614,0,9,2,18,13
2022,4,46,ch,f,620,0,5,1,14,13
2022,4,47,ch,f,671,0,8,1,19,19
2022,4,48,ch,f,652,0,8,2,20,17
2022,4,49,ch,f,610,0,8,0,21,19
2022,4,50,ch,f,689,0,10,0,16,14
2022,4,51,ch,f,773,0,7,1,18,19
2022,4,52,ch,f,775,0,11,0,22,18
2022,4,53,ch,f,805,0,8,0,18,33
2022,4,54,ch,f,809,0,8,2,27,19
2022,4,55,ch,f,904,0,10,1,34,29
2022,4,56,ch,f,864,0,7,2,18,15
2022,4,57,ch,f,872,0,11,2,21,18
2022,4,58,ch,f,858,0,10,0,13,24
2022,4,59,ch,f,863,0,7,2,23,17
2022,4,60,ch,f,842,0,6,3,15,16
2022,4,61,ch,f,812,0,2,0,15,15
2022,4,62,ch,f,765,0,7,0,11,16
2022,4,63,ch,f,751,0,4,1,20,14
2022,4,64,ch,f,734,0,4,1,12,11
2022,4,65,ch,f,744,0,8,0,15,15
2022,4,66,ch,f,643,0,10,2,9,9
2022,4,67,ch,f,718,0,3,0,13,10
2022,4,68,ch,f,651,0,4,1,10,15
2022,4,69,ch,f,626,0,2,1,6,8
2022,4,70,ch,f,646,0,5,0,10,8
2022,4,71,ch,f,585,0,3,1,8,4
2022,4,72,ch,f,602,0,6,1,7,7
2022,4,73,ch,f,557,0,1,1,9,9
2022,4,74,ch,f,497,0,2,1,10,11
2022,4,75,ch,f,521,0,1,0,5,6
2022,4,76,ch,f,517,0,2,0,7,13
2022,4,77,ch,f,495,0,1,0,4,4
2022,4,78,ch,f,488,0,0,0,4,4
2022,4,79,ch,f,432,0,1,0,7,4
2022,4,80,ch,f,370,0,1,0,0,2
2022,4,81,ch,f,370,0,2,0,3,4
2022,4,82,ch,f,327,0,0,0,3,4
2022,4,83,ch,f,301,0,0,2,3,4
2022,4,84,ch,f,293,0,1,1,2,1
2022,4,85,ch,f,273,0,0,0,2,2
2022,4,86,ch,f,277,0,0,0,6,6
2022,4,87,ch,f,232,0,0,0,4,1
2022,4,88,ch,f,218,0,0,0,1,4
2022,4,89,ch,f,187,0,0,0,6,2
2022,4,90,ch,f,167,0,1,0,1,0
2022,4,91,ch,f,137,0,2,1,1,1
2022,4,92,ch,f,123,0,1,0,2,1
2022,4,93,ch,f,88,0,0,0,0,0
2022,4,94,ch,f,71,0,0,0,1,1
2022,4,95,ch,f,43,0,0,0,2,0
2022,4,96,ch,f,44,0,0,0,0,0
2022,4,97,ch,f,32,0,0,0,1,0
2022,4,98,ch,f,24,0,0,0,0,0
2022,4,99,ch,f,10,0,0,0,1,2
2022,4,100,ch,f,15,0,0,0,0,0
2022,4,0,int,m,0,208,2,4,9,6
2022,4,1,int,m,184,0,7,8,17,18
2022,4,2,int,m,225,0,6,8,10,11
2022,4,3,int,m,210,0,5,11,14,10
2022,4,4,int,m,203,0,3,9,13,6
2022,4,5,int,m,212,0,3,5,11,11
2022,4,6,int,m,228,0,1,7,8,4
2022,4,7,int,m,180,0,4,4,9,2
2022,4,8,int,m,188,0,3,6,14,6
2022,4,9,int,m,211,0,1,7,7,5
2022,4,10,int,m,227,0,1,10,2,5
2022,4,11,int,m,203,0,4,8,12,8
2022,4,12,int,m,193,0,1,6,7,6
2022,4,13,int,m,192,0,2,4,0,5
2022,4,14,int,m,202,0,4,8,2,5
2022,4,15,int,m,190,0,1,2,7,6
2022,4,16,int,m,152,0,3,4,3,3
2022,4,17,int,m,181,0,1,6,11,5
2022,4,18,int,m,166,0,2,3,16,10
2022,4,19,int,m,150,0,2,10,11,7
2022,4,20,int,m,152,0,2,21,16,10
2022,4,21,int,m,150,0,5,14,18,18
2022,4,22,int,m,166,0,6,29,25,20
2022,4,23,int,m,184,0,9,32,27,24
2022,4,24,int,m,221,0,19,39,29,28
2022,4,25,int,m,222,0,19,36,52,45
2022,4,26,int,m,229,0,20,46,46,30
2022,4,27,int,m,225,0,12,31,46,49
2022,4,28,int,m,270,0,13,37,50,37
2022,4,29,int,m,303,0,15,34,47,38
2022,4,30,int,m,337,0,23,33,49,39
2022,4,31,int,m,314,0,23,45,46,41
2022,4,32,int,m,354,0,20,31,48,33
2022,4,33,int,m,344,0,14,31,41,39
2022,4,34,int,m,357,0,20,27,44,39
2022,4,35,int,m,411,0,12,36,48,39
2022,4,36,int,m,386,0,18,25,35,30
2022,4,37,int,m,409,0,23,31,36,32
2022,4,38,int,m,390,0,17,21,28,31
2022,4,39,int,m,413,0,21,17,26,21
2022,4,40,int,m,393,0,16,28,32,30
2022,4,41,int,m,399,0,15,29,33,29
2022,4,42,int,m,376,0,17,24,20,17
2022,4,43,int,m,383,0,13,13,29,27
2022,4,44,int,m,356,0,10,22,19,19
2022,4,45,int,m,385,0,12,18,20,17
2022,4,46,int,m,342,0,6,15,15,23
2022,4,47,int,m,329,0,6,7,22,15
2022,4,48,int,m,335,0,8,19,16,23
2022,4,49,int,m,314,0,12,11,14,10
2022,4,50,int,m,295,0,10,10,19,24
2022,4,51,int,m,282,0,6,17,13,6
2022,4,52,int,m,297,0,4,10,11,15
2022,4,53,int,m,335,0,11,5,14,19
2022,4,54,int,m,270,0,12,8,16,12
2022,4,55,int,m,310,0,6,14,14,7
2022,4,56,int,m,290,0,6,11,19,14
2022,4,57,int,m,288,0,6,5,7,9
2022,4,58,int,m,289,0,5,6,12,5
2022,4,59,int,m,235,0,6,3,7,13
2022,4,60,int,m,224,0,6,5,11,7
2022,4,61,int,m,205,0,4,1,6,8
2022,4,62,int,m,196,0,0,3,7,4
2022,4,63,int,m,165,0,2,2,3,0
2022,4,64,int,m,143,0,3,0,8,5
2022,4,65,int,m,151,0,2,1,4,3
2022,4,66,int,m,114,0,0,1,3,3
2022,4,67,int,m,124,0,2,0,2,0
2022,4,68,int,m,91,0,2,1,5,2
2022,4,69,int,m,74,0,1,2,2,1
2022,4,70,int,m,77,0,0,1,0,2
2022,4,71,int,m,92,0,0,0,1,2
2022,4,72,int,m,85,0,1,2,2,1
2022,4,73,int,m,64,0,2,0,0,1
2022,4,74,int,m,62,0,0,1,2,4
2022,4,75,int,m,71,0,0,1,1,0
2022,4,76,int,m,53,0,0,0,2,0
2022,4,77,int,m,44,0,0,0,1,1
2022,4,78,int,m,48,0,0,0,1,0
2022,4,79,int,m,50,0,0,0,0,1
2022,4,80,int,m,59,0,0,0,0,0
2022,4,81,int,m,35,0,0,1,0,0
2022,4,82,int,m,41,0,0,0,0,1
2022,4,83,int,m,29,0,0,0,0,0
2022,4,84,int,m,31,0,0,0,0,0
2022,4,85,int,m,20,0,1,0,0,0
2022,4,86,int,m,27,0,0,0,1,1
2022,4,87,int,m,27,0,0,0,1,2
2022,4,88,int,m,11,0,0,1,0,0
2022,4,89,int,m,9,0,0,0,0,0
2022,4,90,int,m,11,0,0,0,0,0
2022,4,91,int,m,5,0,0,0,0,0
2022,4,92,int,m,10,0,0,0,1,0
2022,4,93,int,m,6,0,0,0,0,0
2022,4,94,int,m,2,0,0,0,0,0
2022,4,95,int,m,2,0,0,0,0,0
2022,4,96,int,m,0,0,0,0,0,0
2022,4,97,int,m,0,0,0,0,0,0
2022,4,98,int,m,0,0,0,0,0,0
2022,4,99,int,m,0,0,0,0,0,0
2022,4,100,int,m,1,0,0,0,0,0
2022,4,0,int,f,0,161,5,3,5,3
2022,4,1,int,f,194,0,10,8,17,15
2022,4,2,int,f,202,0,6,11,24,9
2022,4,3,int,f,171,0,3,8,14,7
2022,4,4,int,f,178,0,4,10,13,8
2022,4,5,int,f,181,0,3,11,11,8
2022,4,6,int,f,211,0,5,5,11,9
2022,4,7,int,f,207,0,1,13,7,5
2022,4,8,int,f,187,0,1,5,10,9
2022,4,9,int,f,171,0,1,4,5,8
2022,4,10,int,f,195,0,0,6,6,8
2022,4,11,int,f,152,0,1,7,3,9
2022,4,12,int,f,219,0,2,3,9,8
2022,4,13,int,f,181,0,2,8,4,6
2022,4,14,int,f,172,0,2,9,11,10
2022,4,15,int,f,167,0,0,7,2,7
2022,4,16,int,f,163,0,0,3,5,4
2022,4,17,int,f,169,0,1,5,5,7
2022,4,18,int,f,159,0,3,8,5,8
2022,4,19,int,f,129,0,2,12,12,11
2022,4,20,int,f,132,0,6,23,13,14
2022,4,21,int,f,114,0,8,15,19,13
2022,4,22,int,f,126,0,5,26,24,17
2022,4,23,int,f,154,0,15,32,25,21
2022,4,24,int,f,157,0,8,28,15,24
2022,4,25,int,f,189,0,15,34,33,24
2022,4,26,int,f,248,0,13,23,42,27
2022,4,27,int,f,244,0,14,26,25,23
2022,4,28,int,f,244,0,14,37,30,28
2022,4,29,int,f,266,0,11,22,36,25
2022,4,30,int,f,289,0,17,24,29,29
2022,4,31,int,f,308,0,24,13,22,27
2022,4,32,int,f,318,0,11,22,25,25
2022,4,33,int,f,321,0,18,22,20,26
2022,4,34,int,f,346,0,12,15,22,21
2022,4,35,int,f,320,0,24,15,14,14
2022,4,36,int,f,358,0,8,10,28,20
2022,4,37,int,f,371,0,12,18,20,18
2022,4,38,int,f,331,0,9,12,27,16
2022,4,39,int,f,352,0,7,13,12,8
2022,4,40,int,f,356,0,14,9,25,22
2022,4,41,int,f,350,0,12,11,16,16
2022,4,42,int,f,352,0,8,8,20,12
2022,4,43,int,f,349,0,3,15,13,14
2022,4,44,int,f,289,0,5,18,12,10
2022,4,45,int,f,293,0,5,11,17,12
2022,4,46,int,f,280,0,3,6,10,9
2022,4,47,int,f,260,0,1,11,15,7
2022,4,48,int,f,270,0,4,13,10,8
2022,4,49,int,f,287,0,6,6,14,15
2022,4,50,int,f,293,0,4,12,8,14
2022,4,51,int,f,263,0,5,6,14,14
2022,4,52,int,f,224,0,2,7,5,11
2022,4,53,int,f,279,0,6,7,12,13
2022,4,54,int,f,230,0,2,6,14,4
2022,4,55,int,f,241,0,3,7,5,6
2022,4,56,int,f,224,0,3,4,5,5
2022,4,57,int,f,196,0,2,2,10,3
2022,4,58,int,f,196,0,2,3,6,11
2022,4,59,int,f,196,0,4,4,5,6
2022,4,60,int,f,145,0,3,7,6,3
2022,4,61,int,f,160,0,3,0,9,3
2022,4,62,int,f,146,0,2,5,6,3
2022,4,63,int,f,142,0,2,2,8,5
2022,4,64,int,f,120,0,1,0,3,2
2022,4,65,int,f,106,0,1,1,0,4
2022,4,66,int,f,79,0,2,3,5,3
2022,4,67,int,f,96,0,0,1,2,3
2022,4,68,int,f,87,0,0,1,2,2
2022,4,69,int,f,78,0,2,0,4,1
2022,4,70,int,f,65,0,0,0,1,1
2022,4,71,int,f,69,0,0,1,0,1
2022,4,72,int,f,50,0,0,3,0,1
2022,4,73,int,f,63,0,0,2,1,1
2022,4,74,int,f,67,0,1,0,1,0
2022,4,75,int,f,50,0,0,0,0,0
2022,4,76,int,f,51,0,0,1,0,0
2022,4,77,int,f,43,0,0,1,0,0
2022,4,78,int,f,44,0,0,0,0,0
2022,4,79,int,f,36,0,0,0,0,0
2022,4,80,int,f,48,0,0,2,1,0
2022,4,81,int,f,35,0,0,2,0,0
2022,4,82,int,f,31,0,0,0,1,0
2022,4,83,int,f,36,0,0,2,0,0
2022,4,84,int,f,22,0,0,2,0,0
2022,4,85,int,f,25,0,0,0,1,0
2022,4,86,int,f,20,0,0,0,1,0
2022,4,87,int,f,17,0,0,0,0,1
2022,4,88,int,f,6,0,0,0,0,0
2022,4,89,int,f,13,0,0,0,0,0
2022,4,90,int,f,5,0,0,1,0,0
2022,4,91,int,f,4,0,0,0,0,0
2022,4,92,int,f,6,0,0,0,0,0
2022,4,93,int,f,4,0,0,0,0,1
2022,4,94,int,f,2,0,0,0,0,0
2022,4,95,int,f,3,0,0,0,0,0
2022,4,96,int,f,1,0,0,0,0,0
2022,4,97,int,f,1,0,0,0,0,0
2022,4,98,int,f,1,0,0,0,0,0
2022,4,99,int,f,1,0,0,0,0,0
2022,4,100,int,f,0,0,0,0,0,0
2023,4,0,ch,m,0,454,18,1,13,13
2023,4,1,ch,m,513,0,20,0,47,53
2023,4,2,ch,m,582,0,19,1,43,40
2023,4,3,ch,m,541,0,17,2,30,37
2023,4,4,ch,m,543,0,13,0,25,18
2023,4,5,ch,m,553,0,11,1,25,11
2023,4,6,ch,m,550,0,10,0,9,12
2023,4,7,ch,m,558,0,15,0,15,7
2023,4,8,ch,m,565,0,4,1,7,7
2023,4,9,ch,m,582,0,8,2,10,7
2023,4,10,ch,m,545,0,3,1,5,8
2023,4,11,ch,m,560,0,4,0,7,7
2023,4,12,ch,m,527,0,5,0,6,8
2023,4,13,ch,m,564,0,0,0,6,9
2023,4,14,ch,m,518,0,7,1,15,15
2023,4,15,ch,m,585,0,3,0,16,10
2023,4,16,ch,m,533,0,6,0,8,7
2023,4,17,ch,m,543,0,3,1,9,8
2023,4,18,ch,m,550,0,8,1,11,17
2023,4,19,ch,m,583,0,8,5,5,6
2023,4,20,ch,m,547,0,13,0,20,17
2023,4,21,ch,m,580,0,8,1,38,34
2023,4,22,ch,m,541,0,10,0,30,44
2023,4,23,ch,m,602,0,21,3,44,57
2023,4,24,ch,m,565,0,21,1,47,48
2023,4,25,ch,m,592,0,23,0,75,89
2023,4,26,ch,m,606,0,19,0,84,76
2023,4,27,ch,m,544,0,30,1,76,66
2023,4,28,ch,m,522,0,20,1,50,59
2023,4,29,ch,m,580,0,24,3,75,70
2023,4,30,ch,m,575,0,25,1,64,74
2023,4,31,ch,m,567,0,25,2,66,68
2023,4,32,ch,m,602,0,20,3,60,63
2023,4,33,ch,m,613,0,29,3,56,42
2023,4,34,ch,m,571,0,21,1,59,58
2023,4,35,ch,m,587,0,22,0,54,49
2023,4,36,ch,m,586,0,18,2,36,34
2023,4,37,ch,m,581,0,22,1,36,29
2023,4,38,ch,m,607,0,6,1,33,37
2023,4,39,ch,m,600,0,18,2,42,29
2023,4,40,ch,m,655,0,13,2,29,28
2023,4,41,ch,m,620,0,19,1,20,19
2023,4,42,ch,m,595,0,16,1,22,27
2023,4,43,ch,m,622,0,10,1,16,25
2023,4,44,ch,m,557,0,8,1,16,19
2023,4,45,ch,m,636,0,9,0,25,15
2023,4,46,ch,m,614,0,8,1,12,16
2023,4,47,ch,m,585,0,7,0,18,13
2023,4,48,ch,m,586,0,4,1,8,9
2023,4,49,ch,m,630,0,6,4,14,11
2023,4,50,ch,m,617,0,10,0,8,13
2023,4,51,ch,m,653,0,9,0,15,13
2023,4,52,ch,m,737,0,4,1,24,24
2023,4,53,ch,m,745,0,9,1,27,27
2023,4,54,ch,m,768,0,9,2,15,11
2023,4,55,ch,m,865,0,9,0,16,24
2023,4,56,ch,m,847,0,6,1,22,14
2023,4,57,ch,m,784,0,8,5,22,14
2023,4,58,ch,m,874,0,12,0,14,15
2023,4,59,ch,m,916,0,9,4,12,14
2023,4,60,ch,m,816,0,11,1,13,17
2023,4,61,ch,m,836,0,5,0,13,10
2023,4,62,ch,m,818,0,4,1,16,21
2023,4,63,ch,m,740,0,3,2,16,14
2023,4,64,ch,m,732,0,8,1,13,10
2023,4,65,ch,m,672,0,4,1,19,8
2023,4,66,ch,m,684,0,5,2,6,11
2023,4,67,ch,m,625,0,4,0,8,11
2023,4,68,ch,m,601,0,6,1,9,8
2023,4,69,ch,m,604,0,3,1,8,11
2023,4,70,ch,m,614,0,5,0,10,12
2023,4,71,ch,m,595,0,2,0,9,9
2023,4,72,ch,m,528,0,2,1,11,7
2023,4,73,ch,m,558,0,2,0,3,3
2023,4,74,ch,m,485,0,1,0,11,12
2023,4,75,ch,m,532,0,2,0,4,3
2023,4,76,ch,m,485,0,0,1,6,5
2023,4,77,ch,m,461,0,0,0,2,4
2023,4,78,ch,m,460,0,0,0,5,4
2023,4,79,ch,m,398,0,3,0,11,5
2023,4,80,ch,m,395,0,1,0,4,3
2023,4,81,ch,m,319,0,0,0,5,4
2023,4,82,ch,m,291,0,1,1,1,4
2023,4,83,ch,m,272,0,2,0,3,3
2023,4,84,ch,m,229,0,0,0,4,3
2023,4,85,ch,m,230,0,2,0,3,1
2023,4,86,ch,m,188,0,1,0,2,1
2023,4,87,ch,m,151,0,0,0,0,0
2023,4,88,ch,m,137,0,0,0,3,1
2023,4,89,ch,m,120,0,1,0,2,0
2023,4,90,ch,m,84,0,0,0,2,2
2023,4,91,ch,m,82,0,0,0,0,1
2023,4,92,ch,m,62,0,1,0,3,1
2023,4,93,ch,m,53,0,0,0,3,3
2023,4,94,ch,m,39,0,0,0,0,2
2023,4,95,ch,m,35,0,0,0,1,1
2023,4,96,ch,m,15,0,0,0,2,0
2023,4,97,ch,m,4,0,0,0,0,0
2023,4,98,ch,m,7,0,0,0,0,0
2023,4,99,ch,m,4,0,0,0,0,0
2023,4,100,ch,m,3,0,0,0,0,0
2023,4,0,ch,f,0,397,10,0,15,11
2023,4,1,ch,f,475,0,22,0,37,41
2023,4,2,ch,f,524,0,12,0,24,39
2023,4,3,ch,f,472,0,12,0,28,33
2023,4,4,ch,f,532,0,8,2,24,31
2023,4,5,ch,f,512,0,9,1,13,12
2023,4,6,ch,f,567,0,6,2,12,14
2023,4,7,ch,f,525,0,9,3,12,4
2023,4,8,ch,f,514,0,9,1,7,6
2023,4,9,ch,f,527,0,6,0,9,5
2023,4,10,ch,f,507,0,4,1,9,8
2023,4,11,ch,f,546,0,3,1,7,14
2023,4,12,ch,f,513,0,4,0,13,9
2023,4,13,ch,f,549,0,6,1,18,14
2023,4,14,ch,f,511,0,2,1,9,13
2023,4,15,ch,f,557,0,2,1,6,9
2023,4,16,ch,f,491,0,2,0,17,8
2023,4,17,ch,f,510,0,4,2,14,7
2023,4,18,ch,f,455,0,6,1,9,14
2023,4,19,ch,f,547,0,8,2,24,23
2023,4,20,ch,f,492,0,11,1,30,22
2023,4,21,ch,f,510,0,24,1,48,48
2023,4,22,ch,f,526,0,20,3,54,65
2023,4,23,ch,f,532,0,26,2,47,62
2023,4,24,ch,f,544,0,38,2,74,80
2023,4,25,ch,f,498,0,32,4,79,79
2023,4,26,ch,f,551,0,36,0,83,68
2023,4,27,ch,f,545,0,39,0,81,82
2023,4,28,ch,f,568,0,30,1,63,77
2023,4,29,ch,f,533,0,28,3,68,62
2023,4,30,ch,f,524,0,27,2,51,51
2023,4,31,ch,f,575,0,25,1,66,52
2023,4,32,ch,f,609,0,30,1,54,56
2023,4,33,ch,f,638,0,34,0,65,66
2023,4,34,ch,f,575,0,16,2,48,40
2023,4,35,ch,f,590,0,27,2,40,29
2023,4,36,ch,f,597,0,16,3,29,28
2023,4,37,ch,f,590,0,23,2,40,36
2023,4,38,ch,f,608,0,20,0,39,26
2023,4,39,ch,f,626,0,11,1,31,28
2023,4,40,ch,f,616,0,17,0,22,22
2023,4,41,ch,f,653,0,7,1,22,21
2023,4,42,ch,f,692,0,10,1,23,20
2023,4,43,ch,f,628,0,9,0,21,17
2023,4,44,ch,f,603,0,9,2,12,17
2023,4,45,ch,f,583,0,8,1,20,22
2023,4,46,ch,f,625,0,6,2,22,17
2023,4,47,ch,f,623,0,3,1,18,18
2023,4,48,ch,f,674,0,4,0,13,16
2023,4,49,ch,f,662,0,7,0,15,15
2023,4,50,ch,f,614,0,6,0,23,17
2023,4,51,ch,f,695,0,12,0,23,23
2023,4,52,ch,f,769,0,6,3,16,19
2023,4,53,ch,f,780,0,14,2,20,19
2023,4,54,ch,f,788,0,9,2,25,25
2023,4,55,ch,f,821,0,8,2,21,22
2023,4,56,ch,f,918,0,8,2,29,24
2023,4,57,ch,f,864,0,8,0,26,20
2023,4,58,ch,f,873,0,6,2,21,16
2023,4,59,ch,f,842,0,3,1,17,16
2023,4,60,ch,f,869,0,6,0,18,24
2023,4,61,ch,f,838,0,3,0,17,16
2023,4,62,ch,f,807,0,5,2,19,15
2023,4,63,ch,f,760,0,9,2,23,13
2023,4,64,ch,f,753,0,7,3,18,19
2023,4,65,ch,f,727,0,3,1,11,20
2023,4,66,ch,f,743,0,3,1,5,6
2023,4,67,ch,f,647,0,6,0,15,13
2023,4,68,ch,f,712,0,6,0,14,11
2023,4,69,ch,f,639,0,1,1,2,12
2023,4,70,ch,f,617,0,5,0,7,10
2023,4,71,ch,f,644,0,3,0,8,9
2023,4,72,ch,f,584,0,5,1,9,9
2023,4,73,ch,f,604,0,0,1,7,5
2023,4,74,ch,f,544,0,3,0,8,6
2023,4,75,ch,f,495,0,2,0,8,4
2023,4,76,ch,f,505,0,4,0,5,8
2023,4,77,ch,f,499,0,0,0,4,7
2023,4,78,ch,f,488,0,1,0,1,4
2023,4,79,ch,f,475,0,3,0,7,6
2023,4,80,ch,f,426,0,4,0,8,7
2023,4,81,ch,f,362,0,1,1,7,5
2023,4,82,ch,f,358,0,0,1,6,6
2023,4,83,ch,f,315,0,0,1,2,1
2023,4,84,ch,f,282,0,5,1,5,2
2023,4,85,ch,f,274,0,2,0,4,3
2023,4,86,ch,f,252,0,0,0,5,3
2023,4,87,ch,f,255,0,3,0,7,4
2023,4,88,ch,f,211,0,1,1,8,4
2023,4,89,ch,f,197,0,0,0,7,2
2023,4,90,ch,f,175,0,0,0,6,3
2023,4,91,ch,f,146,0,0,0,2,3
2023,4,92,ch,f,119,0,2,0,3,0
2023,4,93,ch,f,108,0,0,0,4,0
2023,4,94,ch,f,70,0,0,0,1,0
2023,4,95,ch,f,60,0,0,0,1,2
2023,4,96,ch,f,32,0,0,0,2,1
2023,4,97,ch,f,33,0,0,0,1,1
2023,4,98,ch,f,18,0,0,0,0,0
2023,4,99,ch,f,15,0,0,0,0,0
2023,4,100,ch,f,12,0,0,0,0,0
2023,4,0,int,m,0,162,1,4,9,6
2023,4,1,int,m,213,0,7,8,18,18
2023,4,2,int,m,198,0,1,7,15,17
2023,4,3,int,m,223,0,7,14,16,11
2023,4,4,int,m,217,0,5,9,13,13
2023,4,5,int,m,213,0,4,11,15,7
2023,4,6,int,m,210,0,7,10,4,5
2023,4,7,int,m,232,0,3,7,5,6
2023,4,8,int,m,195,0,0,8,3,4
2023,4,9,int,m,189,0,4,9,13,5
2023,4,10,int,m,209,0,1,7,6,7
2023,4,11,int,m,225,0,3,6,8,5
2023,4,12,int,m,215,0,1,7,7,6
2023,4,13,int,m,191,0,1,4,7,2
2023,4,14,int,m,184,0,3,3,6,7
2023,4,15,int,m,199,0,2,6,4,2
2023,4,16,int,m,187,0,1,8,5,9
2023,4,17,int,m,153,0,1,8,6,4
2023,4,18,int,m,185,0,3,8,32,10
2023,4,19,int,m,166,0,2,17,20,12
2023,4,20,int,m,162,0,6,25,17,11
2023,4,21,int,m,169,0,9,26,17,20
2023,4,22,int,m,161,0,11,40,32,21
2023,4,23,int,m,193,0,14,36,30,25
2023,4,24,int,m,207,0,16,33,47,32
2023,4,25,int,m,261,0,13,39,38,50
2023,4,26,int,m,258,0,15,45,39,38
2023,4,27,int,m,280,0,23,31,59,48
2023,4,28,int,m,252,0,16,42,51,42
2023,4,29,int,m,305,0,23,37,44,38
2023,4,30,int,m,332,0,24,42,52,48
2023,4,31,int,m,374,0,21,37,38,43
2023,4,32,int,m,353,0,23,33,39,41
2023,4,33,int,m,394,0,19,29,43,41
2023,4,34,int,m,362,0,27,42,41,49
2023,4,35,int,m,378,0,23,30,49,35
2023,4,36,int,m,431,0,15,33,33,29
2023,4,37,int,m,406,0,19,30,41,37
2023,4,38,int,m,439,0,19,33,41,40
2023,4,39,int,m,400,0,14,20,36,40
2023,4,40,int,m,417,0,11,28,36,29
2023,4,41,int,m,406,0,18,32,28,30
2023,4,42,int,m,421,0,23,25,28,31
2023,4,43,int,m,397,0,23,29,27,21
2023,4,44,int,m,387,0,13,20,30,14
2023,4,45,int,m,366,0,18,20,15,14
2023,4,46,int,m,383,0,11,16,17,26
2023,4,47,int,m,335,0,9,23,14,16
2023,4,48,int,m,332,0,13,17,22,16
2023,4,49,int,m,335,0,7,14,20,22
2023,4,50,int,m,325,0,4,18,14,19
2023,4,51,int,m,293,0,12,17,19,12
2023,4,52,int,m,290,0,11,13,13,14
2023,4,53,int,m,283,0,6,15,14,11
2023,4,54,int,m,325,0,9,16,13,14
2023,4,55,int,m,274,0,3,16,15,11
2023,4,56,int,m,321,0,8,8,17,16
2023,4,57,int,m,292,0,10,8,13,13
2023,4,58,int,m,280,0,7,8,9,6
2023,4,59,int,m,290,0,4,5,13,5
2023,4,60,int,m,228,0,3,3,10,4
2023,4,61,int,m,227,0,2,1,6,4
2023,4,62,int,m,199,0,2,3,7,6
2023,4,63,int,m,189,0,3,4,5,3
2023,4,64,int,m,164,0,1,0,7,4
2023,4,65,int,m,139,0,0,2,2,6
2023,4,66,int,m,143,0,1,0,4,5
2023,4,67,int,m,110,0,1,1,2,4
2023,4,68,int,m,122,0,0,3,3,1
2023,4,69,int,m,93,0,2,0,3,3
2023,4,70,int,m,75,0,2,0,0,2
2023,4,71,int,m,74,0,0,1,2,2
2023,4,72,int,m,88,0,0,0,2,3
2023,4,73,int,m,85,0,1,0,4,2
2023,4,74,int,m,62,0,2,0,1,1
2023,4,75,int,m,59,0,0,0,1,0
2023,4,76,int,m,67,0,0,0,0,0
2023,4,77,int,m,50,0,1,0,3,1
2023,4,78,int,m,38,0,0,0,0,1
2023,4,79,int,m,47,0,1,0,0,0
2023,4,80,int,m,43,0,0,0,1,1
2023,4,81,int,m,57,0,0,0,0,2
2023,4,82,int,m,36,0,1,0,0,0
2023,4,83,int,m,37,0,0,0,1,1
2023,4,84,int,m,29,0,0,0,0,1
2023,4,85,int,m,27,0,0,0,1,0
2023,4,86,int,m,17,0,2,0,0,0
2023,4,87,int,m,27,0,0,0,0,1
2023,4,88,int,m,19,0,0,0,0,0
2023,4,89,int,m,12,0,0,0,0,0
2023,4,90,int,m,9,0,0,0,1,0
2023,4,91,int,m,6,0,0,0,0,0
2023,4,92,int,m,4,0,0,0,0,0
2023,4,93,int,m,7,0,0,0,0,0
2023,4,94,int,m,5,0,0,0,0,0
2023,4,95,int,m,1,0,0,0,0,0
2023,4,96,int,m,1,0,0,0,0,0
2023,4,97,int,m,0,0,0,0,0,0
2023,4,98,int,m,0,0,0,0,0,0
2023,4,99,int,m,0,0,0,0,0,0
2023,4,100,int,m,1,0,0,0,0,0
2023,4,0,int,f,0,179,5,3,4,3
2023,4,1,int,f,168,0,5,8,11,12
2023,4,2,int,f,214,0,7,9,18,17
2023,4,3,int,f,222,0,4,12,19,15
2023,4,4,int,f,183,0,3,7,15,10
2023,4,5,int,f,182,0,4,9,8,6
2023,4,6,int,f,183,0,2,6,6,3
2023,4,7,int,f,216,0,2,13,10,7
2023,4,8,int,f,206,0,1,8,13,4
2023,4,9,int,f,189,0,0,10,5,2
2023,4,10,int,f,167,0,1,5,7,5
2023,4,11,int,f,186,0,2,6,8,3
2023,4,12,int,f,147,0,0,10,11,4
2023,4,13,int,f,212,0,5,7,5,3
2023,4,14,int,f,179,0,3,6,3,2
2023,4,15,int,f,172,0,1,9,7,3
2023,4,16,int,f,164,0,2,6,8,7
2023,4,17,int,f,156,0,3,4,9,8
2023,4,18,int,f,165,0,0,4,8,4
2023,4,19,int,f,160,0,2,14,6,9
2023,4,20,int,f,138,0,4,11,10,11
2023,4,21,int,f,150,0,8,19,20,14
2023,4,22,int,f,128,0,6,17,18,20
2023,4,23,int,f,154,0,9,26,25,22
2023,4,24,int,f,189,0,10,17,24,29
2023,4,25,int,f,164,0,17,30,38,27
2023,4,26,int,f,233,0,18,42,26,26
2023,4,27,int,f,274,0,19,25,33,33
2023,4,28,int,f,273,0,7,24,26,29
2023,4,29,int,f,278,0,11,34,28,28
2023,4,30,int,f,287,0,19,20,34,29
2023,4,31,int,f,311,0,17,23,29,26
2023,4,32,int,f,317,0,17,28,37,28
2023,4,33,int,f,332,0,11,22,38,28
2023,4,34,int,f,334,0,17,16,24,16
2023,4,35,int,f,353,0,10,18,29,23
2023,4,36,int,f,331,0,16,17,24,20
2023,4,37,int,f,369,0,8,14,20,26
2023,4,38,int,f,377,0,8,13,20,19
2023,4,39,int,f,352,0,11,14,16,19
2023,4,40,int,f,353,0,9,13,21,14
2023,4,41,int,f,370,0,5,15,18,13
2023,4,42,int,f,358,0,8,14,20,15
2023,4,43,int,f,353,0,8,9,17,12
2023,4,44,int,f,352,0,7,11,14,9
2023,4,45,int,f,293,0,13,13,16,11
2023,4,46,int,f,297,0,5,13,18,10
2023,4,47,int,f,279,0,6,13,13,14
2023,4,48,int,f,270,0,7,16,13,12
2023,4,49,int,f,269,0,3,9,12,9
2023,4,50,int,f,292,0,2,12,6,6
2023,4,51,int,f,294,0,6,8,18,11
2023,4,52,int,f,268,0,8,9,10,12
2023,4,53,int,f,222,0,3,7,12,11
2023,4,54,int,f,274,0,4,6,8,5
2023,4,55,int,f,238,0,4,3,8,7
2023,4,56,int,f,241,0,4,7,6,11
2023,4,57,int,f,218,0,7,9,10,7
2023,4,58,int,f,200,0,1,4,10,4
2023,4,59,int,f,192,0,1,3,10,7
2023,4,60,int,f,193,0,5,5,7,7
2023,4,61,int,f,150,0,1,4,4,2
2023,4,62,int,f,164,0,1,2,0,3
2023,4,63,int,f,150,0,2,2,6,8
2023,4,64,int,f,142,0,1,1,3,1
2023,4,65,int,f,117,0,1,1,3,0
2023,4,66,int,f,97,0,1,0,2,3
2023,4,67,int,f,85,0,1,0,1,3
2023,4,68,int,f,92,0,0,1,5,3
2023,4,69,int,f,86,0,0,0,3,1
2023,4,70,int,f,81,0,0,0,2,2
2023,4,71,int,f,62,0,0,0,0,1
2023,4,72,int,f,67,0,1,0,2,0
2023,4,73,int,f,49,0,1,0,2,4
2023,4,74,int,f,64,0,1,1,1,0
2023,4,75,int,f,67,0,0,2,0,0
2023,4,76,int,f,46,0,0,0,1,0
2023,4,77,int,f,50,0,1,0,1,1
2023,4,78,int,f,41,0,0,0,0,0
2023,4,79,int,f,42,0,0,0,2,1
2023,4,80,int,f,33,0,1,1,0,0
2023,4,81,int,f,48,0,2,0,0,2
2023,4,82,int,f,36,0,0,2,0,0
2023,4,83,int,f,29,0,0,0,0,0
2023,4,84,int,f,33,0,0,0,0,1
2023,4,85,int,f,21,0,0,0,1,0
2023,4,86,int,f,26,0,0,0,1,0
2023,4,87,int,f,20,0,1,0,1,1
2023,4,88,int,f,15,0,0,1,0,0
2023,4,89,int,f,4,0,0,1,1,0
2023,4,90,int,f,11,0,0,0,1,0
2023,4,91,int,f,6,0,0,0,2,1
2023,4,92,int,f,4,0,0,0,0,0
2023,4,93,int,f,4,0,0,0,0,0
2023,4,94,int,f,3,0,0,0,0,0
2023,4,95,int,f,2,0,0,0,0,0
2023,4,96,int,f,2,0,0,0,0,0
2023,4,97,int,f,1,0,0,0,0,0
2023,4,98,int,f,1,0,0,0,0,0
2023,4,99,int,f,0,0,0,0,0,0
2023,4,100,int,f,0,0,0,0,0,0
2024,4,0,ch,m,0,487,14,0,25,18
2024,4,1,ch,m,468,0,15,5,45,39
2024,4,2,ch,m,529,0,11,2,34,27
2024,4,3,ch,m,597,0,11,0,33,26
2024,4,4,ch,m,548,0,8,4,22,23
2024,4,5,ch,m,552,0,7,1,20,22
2024,4,6,ch,m,569,0,5,0,11,16
2024,4,7,ch,m,556,0,6,1,8,9
2024,4,8,ch,m,583,0,7,0,6,5
2024,4,9,ch,m,569,0,3,2,10,5
2024,4,10,ch,m,596,0,3,1,8,5
2024,4,11,ch,m,544,0,2,1,11,5
2024,4,12,ch,m,566,0,2,0,9,10
2024,4,13,ch,m,530,0,2,0,8,4
2024,4,14,ch,m,569,0,5,0,12,11
2024,4,15,ch,m,525,0,1,1,7,11
2024,4,16,ch,m,599,0,3,1,7,8
2024,4,17,ch,m,538,0,3,0,13,13
2024,4,18,ch,m,550,0,4,2,8,11
2024,4,19,ch,m,556,0,5,1,10,21
2024,4,20,ch,m,595,0,9,2,21,21
2024,4,21,ch,m,557,0,15,1,31,21
2024,4,22,ch,m,580,0,11,1,44,49
2024,4,23,ch,m,522,0,17,1,52,47
2024,4,24,ch,m,593,0,22,1,60,67
2024,4,25,ch,m,566,0,24,3,57,80
2024,4,26,ch,m,578,0,17,2,58,70
2024,4,27,ch,m,599,0,28,2,77,63
2024,4,28,ch,m,558,0,22,0,71,67
2024,4,29,ch,m,497,0,27,1,64,52
2024,4,30,ch,m,575,0,20,0,72,67
2024,4,31,ch,m,561,0,20,2,58,60
2024,4,32,ch,m,568,0,22,3,65,52
2024,4,33,ch,m,605,0,20,0,51,40
2024,4,34,ch,m,636,0,17,5,56,52
2024,4,35,ch,m,576,0,23,1,35,36
2024,4,36,ch,m,604,0,34,2,44,38
2024,4,37,ch,m,591,0,19,0,35,23
2024,4,38,ch,m,605,0,12,2,28,28
2024,4,39,ch,m,601,0,18,1,38,30
2024,4,40,ch,m,622,0,12,2,26,23
2024,4,41,ch,m,664,0,8,3,20,16
2024,4,42,ch,m,630,0,10,1,15,19
2024,4,43,ch,m,599,0,7,1,18,17
2024,4,44,ch,m,618,0,11,1,21,20
2024,4,45,ch,m,558,0,10,0,19,15
2024,4,46,ch,m,650,0,4,2,19,10
2024,4,47,ch,m,614,0,6,2,16,15
2024,4,48,ch,m,593,0,13,3,21,11
2024,4,49,ch,m,588,0,3,0,13,14
2024,4,50,ch,m,635,0,4,1,12,9
2024,4,51,ch,m,625,0,8,1,18,18
2024,4,52,ch,m,657,0,5,0,12,18
2024,4,53,ch,m,735,0,14,0,19,26
2024,4,54,ch,m,743,0,9,1,14,21
2024,4,55,ch,m,780,0,7,1,13,22
2024,4,56,ch,m,854,0,7,1,17,10
2024,4,57,ch,m,856,0,4,3,23,16
2024,4,58,ch,m,792,0,8,1,20,16
2024,4,59,ch,m,868,0,8,1,20,16
2024,4,60,ch,m,916,0,10,2,15,14
2024,4,61,ch,m,810,0,3,0,17,13
2024,4,62,ch,m,830,0,9,2,19,13
2024,4,63,ch,m,807,0,10,2,11,12
2024,4,64,ch,m,739,0,9,2,13,14
2024,4,65,ch,m,728,0,4,1,11,16
2024,4,66,ch,m,671,0,6,1,15,19
2024,4,67,ch,m,674,0,4,1,10,10
2024,4,68,ch,m,611,0,3,1,5,7
2024,4,69,ch,m,600,0,2,1,5,5
2024,4,70,ch,m,589,0,3,0,4,5
2024,4,71,ch,m,604,0,0,1,5,6
2024,4,72,ch,m,584,0,4,2,7,4
2024,4,73,ch,m,523,0,1,0,6,8
2024,4,74,ch,m,550,0,3,0,6,5
2024,4,75,ch,m,475,0,0,0,6,6
2024,4,76,ch,m,519,0,3,1,4,7
2024,4,77,ch,m,476,0,2,1,13,4
2024,4,78,ch,m,438,0,3,0,3,6
2024,4,79,ch,m,444,0,1,0,1,5
2024,4,80,ch,m,392,0,1,0,6,3
2024,4,81,ch,m,378,0,0,1,5,5
2024,4,82,ch,m,309,0,1,0,1,1
2024,4,83,ch,m,277,0,0,0,4,3
2024,4,84,ch,m,261,0,0,0,2,2
2024,4,85,ch,m,212,0,1,0,1,5
2024,4,86,ch,m,216,0,0,0,1,4
2024,4,87,ch,m,170,0,1,0,1,1
2024,4,88,ch,m,132,0,0,0,1,0
2024,4,89,ch,m,116,0,0,0,4,2
2024,4,90,ch,m,102,0,0,0,2,0
2024,4,91,ch,m,73,0,0,0,0,0
2024,4,92,ch,m,66,0,0,0,1,0
2024,4,93,ch,m,53,0,0,0,2,2
2024,4,94,ch,m,42,0,0,0,2,0
2024,4,95,ch,m,27,0,0,0,0,1
2024,4,96,ch,m,29,0,0,0,0,0
2024,4,97,ch,m,13,0,0,0,0,0
2024,4,98,ch,m,1,0,0,0,0,0
2024,4,99,ch,m,5,0,0,0,0,0
2024,4,100,ch,m,5,0,0,0,0,0
2024,4,0,ch,f,0,425,5,1,18,15
2024,4,1,ch,f,405,0,13,4,28,26
2024,4,2,ch,f,502,0,9,1,27,31
2024,4,3,ch,f,515,0,15,2,26,31
2024,4,4,ch,f,476,0,5,3,23,17
2024,4,5,ch,f,529,0,11,1,17,12
2024,4,6,ch,f,517,0,5,2,8,8
2024,4,7,ch,f,574,0,3,3,14,6
2024,4,8,ch,f,546,0,7,1,11,11
2024,4,9,ch,f,524,0,4,0,11,5
2024,4,10,ch,f,540,0,3,0,11,4
2024,4,11,ch,f,514,0,4,1,12,8
2024,4,12,ch,f,549,0,4,2,9,7
2024,4,13,ch,f,523,0,4,1,12,8
2024,4,14,ch,f,557,0,3,0,11,8
2024,4,15,ch,f,510,0,5,1,6,9
2024,4,16,ch,f,559,0,4,0,10,17
2024,4,17,ch,f,504,0,2,0,10,7
2024,4,18,ch,f,529,0,3,1,12,14
2024,4,19,ch,f,461,0,6,1,17,15
2024,4,20,ch,f,545,0,12,2,33,31
2024,4,21,ch,f,492,0,20,1,47,31
2024,4,22,ch,f,512,0,14,0,52,51
2024,4,23,ch,f,510,0,32,0,46,64
2024,4,24,ch,f,515,0,25,1,67,67
2024,4,25,ch,f,544,0,25,3,69,65
2024,4,26,ch,f,502,0,34,0,77,78
2024,4,27,ch,f,571,0,30,2,65,77
2024,4,28,ch,f,545,0,25,0,71,64
2024,4,29,ch,f,551,0,30,1,54,78
2024,4,30,ch,f,550,0,28,1,78,67
2024,4,31,ch,f,526,0,31,3,58,53
2024,4,32,ch,f,595,0,23,5,55,52
2024,4,33,ch,f,620,0,24,4,56,47
2024,4,34,ch,f,655,0,21,0,54,49
2024,4,35,ch,f,581,0,23,0,39,32
2024,4,36,ch,f,621,0,9,1,40,33
2024,4,37,ch,f,604,0,18,2,28,25
2024,4,38,ch,f,612,0,13,0,32,32
2024,4,39,ch,f,638,0,12,2,26,20
2024,4,40,ch,f,637,0,8,0,25,22
2024,4,41,ch,f,630,0,13,1,16,25
2024,4,42,ch,f,664,0,6,1,16,15
2024,4,43,ch,f,698,0,6,0,20,15
2024,4,44,ch,f,638,0,11,1,19,14
2024,4,45,ch,f,612,0,13,0,20,14
2024,4,46,ch,f,589,0,10,0,24,14
2024,4,47,ch,f,640,0,5,3,13,16
2024,4,48,ch,f,624,0,9,1,15,14
2024,4,49,ch,f,667,0,7,1,12,11
2024,4,50,ch,f,666,0,6,0,17,19
2024,4,51,ch,f,621,0,4,2,17,19
2024,4,52,ch,f,696,0,9,2,16,14
2024,4,53,ch,f,766,0,4,2,24,23
2024,4,54,ch,f,795,0,11,1,17,17
2024,4,55,ch,f,782,0,4,1,16,19
2024,4,56,ch,f,828,0,15,1,22,20
2024,4,57,ch,f,919,0,8,1,14,19
2024,4,58,ch,f,868,0,7,2,16,21
2024,4,59,ch,f,876,0,6,2,16,16
2024,4,60,ch,f,835,0,6,0,23,19
2024,4,61,ch,f,846,0,5,0,20,26
2024,4,62,ch,f,833,0,7,1,22,21
2024,4,63,ch,f,807,0,2,2,16,17
2024,4,64,ch,f,772,0,5,1,21,10
2024,4,65,ch,f,744,0,6,0,10,10
2024,4,66,ch,f,709,0,3,0,14,13
2024,4,67,ch,f,734,0,7,0,12,16
2024,4,68,ch,f,644,0,3,1,8,6
2024,4,69,ch,f,712,0,2,1,13,13
2024,4,70,ch,f,620,0,5,0,9,10
2024,4,71,ch,f,606,0,1,0,7,8
2024,4,72,ch,f,636,0,1,0,9,15
2024,4,73,ch,f,582,0,1,0,5,9
2024,4,74,ch,f,595,0,1,0,4,6
2024,4,75,ch,f,544,0,2,0,9,9
2024,4,76,ch,f,491,0,2,1,8,5
2024,4,77,ch,f,492,0,2,0,8,4
2024,4,78,ch,f,485,0,2,0,4,2
2024,4,79,ch,f,474,0,1,1,8,4
2024,4,80,ch,f,473,0,4,0,3,5
2024,4,81,ch,f,427,0,1,0,3,6
2024,4,82,ch,f,350,0,0,0,2,4
2024,4,83,ch,f,343,0,1,0,3,6
2024,4,84,ch,f,302,0,0,0,4,1
2024,4,85,ch,f,275,0,0,0,6,2
2024,4,86,ch,f,257,0,0,1,5,1
2024,4,87,ch,f,231,0,0,0,1,1
2024,4,88,ch,f,242,0,0,0,5,2
2024,4,89,ch,f,207,0,0,0,4,7
2024,4,90,ch,f,180,0,1,0,5,3
2024,4,91,ch,f,150,0,0,0,4,5
2024,4,92,ch,f,124,0,0,0,6,2
2024,4,93,ch,f,99,0,0,0,1,2
2024,4,94,ch,f,93,0,0,0,3,2
2024,4,95,ch,f,57,0,0,0,3,2
2024,4,96,ch,f,46,0,0,0,0,0
2024,4,97,ch,f,24,0,0,0,0,0
2024,4,98,ch,f,25,0,0,0,0,1
2024,4,99,ch,f,12,0,0,0,0,0
2024,4,100,ch,f,18,0,0,0,0,0
2024,4,0,int,m,0,180,3,2,5,3
2024,4,1,int,m,165,0,5,11,17,10
2024,4,2,int,m,233,0,4,8,13,17
2024,4,3,int,m,195,0,2,7,14,11
2024,4,4,int,m,236,0,4,11,10,15
2024,4,5,int,m,221,0,5,13,9,5
2024,4,6,int,m,238,0,3,6,15,13
2024,4,7,int,m,221,0,3,8,10,6
2024,4,8,int,m,238,0,4,12,5,4
2024,4,9,int,m,202,0,4,5,13,5
2024,4,10,int,m,212,0,1,9,8,2
2024,4,11,int,m,212,0,0,6,5,2
2024,4,12,int,m,233,0,3,4,9,7
2024,4,13,int,m,227,0,2,4,7,7
2024,4,14,int,m,192,0,2,2,10,4
2024,4,15,int,m,188,0,1,2,8,6
2024,4,16,int,m,208,0,1,6,9,8
2024,4,17,int,m,192,0,0,3,16,7
2024,4,18,int,m,161,0,2,8,39,10
2024,4,19,int,m,216,0,1,15,17,15
2024,4,20,int,m,193,0,4,17,18,23
2024,4,21,int,m,185,0,6,20,18,14
2024,4,22,int,m,189,0,15,28,28,29
2024,4,23,int,m,209,0,10,30,30,19
2024,4,24,int,m,231,0,14,32,26,32
2024,4,25,int,m,255,0,9,36,40,40
2024,4,26,int,m,274,0,19,36,51,47
2024,4,27,int,m,295,0,16,42,40,51
2024,4,28,int,m,315,0,19,46,47,51
2024,4,29,int,m,297,0,28,23,53,40
2024,4,30,int,m,342,0,21,42,57,53
2024,4,31,int,m,369,0,25,38,44,56
2024,4,32,int,m,401,0,18,34,41,37
2024,4,33,int,m,375,0,30,32,37,36
2024,4,34,int,m,413,0,24,25,50,42
2024,4,35,int,m,401,0,26,32,32,43
2024,4,36,int,m,409,0,30,29,41,32
2024,4,37,int,m,449,0,24,23,43,45
2024,4,38,int,m,432,0,16,38,29,33
2024,4,39,int,m,463,0,20,27,30,33
2024,4,40,int,m,399,0,18,25,38,31
2024,4,41,int,m,434,0,27,22,24,27
2024,4,42,int,m,431,0,15,18,33,23
2024,4,43,int,m,437,0,12,22,27,22
2024,4,44,int,m,419,0,8,33,22,28
2024,4,45,int,m,413,0,11,23,26,33
2024,4,46,int,m,381,0,9,22,27,13
2024,4,47,int,m,387,0,4,20,31,21
2024,4,48,int,m,345,0,11,10,18,6
2024,4,49,int,m,358,0,15,14,17,28
2024,4,50,int,m,341,0,6,13,22,15
2024,4,51,int,m,319,0,11,17,18,16
2024,4,52,int,m,311,0,4,10,16,20
2024,4,53,int,m,296,0,8,5,6,9
2024,4,54,int,m,293,0,8,13,15,13
2024,4,55,int,m,341,0,9,10,15,10
2024,4,56,int,m,276,0,6,7,12,11
2024,4,57,int,m,320,0,2,6,15,16
2024,4,58,int,m,295,0,2,5,12,9
2024,4,59,int,m,286,0,3,6,9,8
2024,4,60,int,m,296,0,6,5,12,8
2024,4,61,int,m,226,0,2,2,13,10
2024,4,62,int,m,218,0,2,4,10,7
2024,4,63,int,m,193,0,3,2,10,9
2024,4,64,int,m,186,0,2,2,2,3
2024,4,65,int,m,166,0,3,2,4,3
2024,4,66,int,m,126,0,2,1,2,2
2024,4,67,int,m,127,0,2,1,5,4
2024,4,68,int,m,106,0,2,0,0,0
2024,4,69,int,m,124,0,0,0,6,6
2024,4,70,int,m,95,0,0,0,4,1
2024,4,71,int,m,75,0,2,2,1,3
2024,4,72,int,m,73,0,0,1,1,1
2024,4,73,int,m,84,0,0,0,2,0
2024,4,74,int,m,84,0,1,0,0,1
2024,4,75,int,m,60,0,0,1,2,0
2024,4,76,int,m,57,0,0,1,0,0
2024,4,77,int,m,63,0,0,0,0,0
2024,4,78,int,m,52,0,0,1,0,0
2024,4,79,int,m,35,0,0,0,1,1
2024,4,80,int,m,47,0,0,0,0,0
2024,4,81,int,m,42,0,0,0,0,0
2024,4,82,int,m,53,0,0,0,1,0
2024,4,83,int,m,32,0,0,0,0,0
2024,4,84,int,m,37,0,0,0,0,1
2024,4,85,int,m,27,0,0,0,1,0
2024,4,86,int,m,25,0,0,0,1,0
2024,4,87,int,m,14,0,0,0,0,0
2024,4,88,int,m,22,0,0,0,0,0
2024,4,89,int,m,17,0,0,0,0,1
2024,4,90,int,m,6,0,0,0,0,0
2024,4,91,int,m,7,0,0,0,0,1
2024,4,92,int,m,4,0,0,0,0,0
2024,4,93,int,m,3,0,0,0,0,0
2024,4,94,int,m,6,0,0,0,0,0
2024,4,95,int,m,4,0,0,0,0,1
2024,4,96,int,m,1,0,0,0,0,0
2024,4,97,int,m,0,0,0,0,1,0
2024,4,98,int,m,0,0,0,0,0,0
2024,4,99,int,m,0,0,0,0,0,0
2024,4,100,int,m,0,0,0,0,0,0
2024,4,0,int,f,0,151,3,1,7,7
2024,4,1,int,f,184,0,7,6,16,15
2024,4,2,int,f,193,0,7,8,12,12
2024,4,3,int,f,223,0,7,5,9,6
2024,4,4,int,f,236,0,4,2,17,7
2024,4,5,int,f,197,0,3,8,5,8
2024,4,6,int,f,189,0,1,9,11,10
2024,4,7,int,f,192,0,3,7,8,5
2024,4,8,int,f,232,0,2,8,7,10
2024,4,9,int,f,221,0,0,7,10,6
2024,4,10,int,f,196,0,2,7,8,3
2024,4,11,int,f,175,0,1,12,4,5
2024,4,12,int,f,192,0,3,10,7,6
2024,4,13,int,f,161,0,2,6,6,4
2024,4,14,int,f,223,0,2,6,12,3
2024,4,15,int,f,193,0,1,2,8,5
2024,4,16,int,f,182,0,2,3,10,6
2024,4,17,int,f,176,0,1,5,4,11
2024,4,18,int,f,164,0,0,2,11,8
2024,4,19,int,f,166,0,4,6,5,8
2024,4,20,int,f,162,0,5,11,11,10
2024,4,21,int,f,148,0,9,22,17,13
2024,4,22,int,f,163,0,8,23,25,20
2024,4,23,int,f,135,0,8,26,31,27
2024,4,24,int,f,182,0,12,22,34,18
2024,4,25,int,f,201,0,13,28,29,30
2024,4,26,int,f,204,0,16,32,22,25
2024,4,27,int,f,280,0,18,29,36,37
2024,4,28,int,f,290,0,20,30,31,31
2024,4,29,int,f,286,0,13,27,37,29
2024,4,30,int,f,303,0,18,25,26,34
2024,4,31,int,f,313,0,15,24,29,20
2024,4,32,int,f,328,0,18,21,29,22
2024,4,33,int,f,350,0,17,19,26,20
2024,4,34,int,f,374,0,9,20,20,22
2024,4,35,int,f,361,0,9,15,29,20
2024,4,36,int,f,362,0,18,19,23,19
2024,4,37,int,f,357,0,6,20,22,14
2024,4,38,int,f,366,0,9,16,18,11
2024,4,39,int,f,391,0,3,16,21,22
2024,4,40,int,f,370,0,11,14,17,18
2024,4,41,int,f,379,0,3,15,21,23
2024,4,42,int,f,376,0,2,12,12,12
2024,4,43,int,f,385,0,5,12,12,11
2024,4,44,int,f,376,0,6,12,17,19
2024,4,45,int,f,367,0,4,5,12,15
2024,4,46,int,f,322,0,2,6,15,12
2024,4,47,int,f,312,0,9,11,12,12
2024,4,48,int,f,287,0,4,6,16,7
2024,4,49,int,f,288,0,7,12,11,10
2024,4,50,int,f,278,0,7,11,10,11
2024,4,51,int,f,294,0,4,7,20,10
2024,4,52,int,f,305,0,3,16,12,7
2024,4,53,int,f,278,0,8,8,14,15
2024,4,54,int,f,227,0,9,2,12,14
2024,4,55,int,f,285,0,5,4,5,8
2024,4,56,int,f,231,0,3,3,13,5
2024,4,57,int,f,246,0,2,5,9,8
2024,4,58,int,f,228,0,1,5,8,7
2024,4,59,int,f,203,0,1,3,7,6
2024,4,60,int,f,193,0,5,3,4,8
2024,4,61,int,f,199,0,0,5,6,4
2024,4,62,int,f,154,0,3,4,5,2
2024,4,63,int,f,162,0,2,2,3,4
2024,4,64,int,f,141,0,2,2,2,3
2024,4,65,int,f,137,0,1,0,7,8
2024,4,66,int,f,118,0,1,1,2,3
2024,4,67,int,f,98,0,2,1,2,3
2024,4,68,int,f,84,0,1,1,5,0
2024,4,69,int,f,99,0,0,0,1,0
2024,4,70,int,f,93,0,0,1,0,0
2024,4,71,int,f,86,0,0,0,2,1
2024,4,72,int,f,63,0,0,0,2,0
2024,4,73,int,f,66,0,0,1,1,1
2024,4,74,int,f,45,0,0,1,1,0
2024,4,75,int,f,66,0,1,1,0,0
2024,4,76,int,f,70,0,0,0,1,0
2024,4,77,int,f,44,0,0,1,2,0
2024,4,78,int,f,51,0,0,0,0,0
2024,4,79,int,f,40,0,0,0,0,0
2024,4,80,int,f,42,0,0,0,0,0
2024,4,81,int,f,34,0,0,1,0,0
2024,4,82,int,f,48,0,0,0,0,0
2024,4,83,int,f,33,0,1,0,1,1
2024,4,84,int,f,29,0,0,0,0,0
2024,4,85,int,f,29,0,1,0,0,0
2024,4,86,int,f,19,0,0,0,0,0
2024,4,87,int,f,24,0,0,0,1,0
2024,4,88,int,f,15,0,0,0,1,0
2024,4,89,int,f,14,0,0,0,1,0
2024,4,90,int,f,4,0,0,1,0,0
2024,4,91,int,f,10,0,0,0,0,0
2024,4,92,int,f,7,0,0,0,0,0
2024,4,93,int,f,3,0,0,0,0,0
2024,4,94,int,f,4,0,0,0,0,0
2024,4,95,int,f,4,0,0,0,1,0
2024,4,96,int,f,2,0,0,0,0,0
2024,4,97,int,f,1,0,0,0,0,0
2024,4,98,int,f,1,0,0,0,0,0
2024,4,99,int,f,1,0,0,0,0,0
2024,4,100,int,f,0,0,0,0,0,0
2025,4,0,ch,m,0,476,8,1,17,12
2025,4,1,ch,m,505,0,16,2,27,40
2025,4,2,ch,m,487,0,10,3,36,24
2025,4,3,ch,m,536,0,11,0,24,27
2025,4,4,ch,m,614,0,12,3,27,20
2025,4,5,ch,m,552,0,11,0,14,16
2025,4,6,ch,m,554,0,5,0,8,12
2025,4,7,ch,m,563,0,4,0,8,12
2025,4,8,ch,m,565,0,7,0,12,6
2025,4,9,ch,m,591,0,6,1,9,11
2025,4,10,ch,m,572,0,2,2,8,5
2025,4,11,ch,m,602,0,4,0,11,5
2025,4,12,ch,m,559,0,0,0,14,5
2025,4,13,ch,m,576,0,4,1,9,11
2025,4,14,ch,m,543,0,3,0,3,7
2025,4,15,ch,m,582,0,2,0,6,7
2025,4,16,ch,m,521,0,2,0,7,11
2025,4,17,ch,m,607,0,1,2,9,12
2025,4,18,ch,m,547,0,6,2,13,15
2025,4,19,ch,m,552,0,3,0,14,10
2025,4,20,ch,m,551,0,12,0,25,20
2025,4,21,ch,m,593,0,9,3,23,33
2025,4,22,ch,m,571,0,10,1,30,37
2025,4,23,ch,m,575,0,17,1,47,49
2025,4,24,ch,m,535,0,18,0,37,47
2025,4,25,ch,m,589,0,27,1,50,76
2025,4,26,ch,m,541,0,15,4,59,65
2025,4,27,ch,m,549,0,19,1,71,74
2025,4,28,ch,m,618,0,23,4,53,57
2025,4,29,ch,m,551,0,18,1,61,76
2025,4,30,ch,m,522,0,25,0,64,68
2025,4,31,ch,m,547,0,25,3,53,47
2025,4,32,ch,m,561,0,23,2,47,50
2025,4,33,ch,m,585,0,11,3,53,42
2025,4,34,ch,m,615,0,21,1,49,58
2025,4,35,ch,m,644,0,18,0,40,35
2025,4,36,ch,m,587,0,19,0,46,34
2025,4,37,ch,m,624,0,21,1,40,30
2025,4,38,ch,m,612,0,4,2,19,23
2025,4,39,ch,m,610,0,16,4,35,33
2025,4,40,ch,m,624,0,9,2,29,22
2025,4,41,ch,m,635,0,10,2,26,31
2025,4,42,ch,m,666,0,5,1,9,18
2025,4,43,ch,m,632,0,10,1,27,20
2025,4,44,ch,m,607,0,15,0,21,14
2025,4,45,ch,m,624,0,15,1,19,17
2025,4,46,ch,m,569,0,6,2,18,9
2025,4,47,ch,m,663,0,8,3,13,17
2025,4,48,ch,m,622,0,9,1,19,17
2025,4,49,ch,m,613,0,4,1,14,15
2025,4,50,ch,m,586,0,4,2,11,10
2025,4,51,ch,m,641,0,5,0,9,14
2025,4,52,ch,m,623,0,6,0,17,19
2025,4,53,ch,m,654,0,5,1,13,9
2025,4,54,ch,m,731,0,10,1,13,9
2025,4,55,ch,m,734,0,5,2,15,18
2025,4,56,ch,m,769,0,7,2,17,20
2025,4,57,ch,m,866,0,2,1,16,19
2025,4,58,ch,m,856,0,8,1,14,23
2025,4,59,ch,m,793,0,3,2,17,18
2025,4,60,ch,m,864,0,6,1,19,12
2025,4,61,ch,m,914,0,10,1,16,12
2025,4,62,ch,m,813,0,4,0,16,15
2025,4,63,ch,m,831,0,6,1,14,6
2025,4,64,ch,m,803,0,7,1,8,15
2025,4,65,ch,m,733,0,7,1,13,12
2025,4,66,ch,m,718,0,9,1,11,18
2025,4,67,ch,m,658,0,2,0,7,12
2025,4,68,ch,m,664,0,2,2,9,11
2025,4,69,ch,m,604,0,3,0,7,7
2025,4,70,ch,m,593,0,6,1,11,11
2025,4,71,ch,m,577,0,3,0,5,7
2025,4,72,ch,m,591,0,4,0,13,8
2025,4,73,ch,m,583,0,0,2,3,7
2025,4,74,ch,m,509,0,3,0,5,8
2025,4,75,ch,m,544,0,0,1,4,4
2025,4,76,ch,m,462,0,0,0,10,7
2025,4,77,ch,m,511,0,0,0,8,5
2025,4,78,ch,m,474,0,0,0,6,6
2025,4,79,ch,m,423,0,2,1,2,3
2025,4,80,ch,m,431,0,0,0,7,3
2025,4,81,ch,m,378,0,1,0,5,4
2025,4,82,ch,m,359,0,0,1,4,1
2025,4,83,ch,m,297,0,0,2,4,1
2025,4,84,ch,m,262,0,0,0,1,1
2025,4,85,ch,m,248,0,0,0,5,1
2025,4,86,ch,m,195,0,1,1,1,3
2025,4,87,ch,m,197,0,0,0,3,4
2025,4,88,ch,m,164,0,0,0,2,3
2025,4,89,ch,m,116,0,0,0,0,0
2025,4,90,ch,m,106,0,0,0,0,0
2025,4,91,ch,m,91,0,0,0,1,1
2025,4,92,ch,m,60,0,0,0,2,1
2025,4,93,ch,m,51,0,1,0,0,0
2025,4,94,ch,m,41,0,0,0,0,1
2025,4,95,ch,m,32,0,0,0,3,1
2025,4,96,ch,m,18,0,0,0,0,0
2025,4,97,ch,m,19,0,0,0,0,0
2025,4,98,ch,m,11,0,0,0,0,0
2025,4,99,ch,m,0,0,0,0,0,0
2025,4,100,ch,m,3,0,0,0,1,0
2025,4,0,ch,f,0,401,7,1,12,14
2025,4,1,ch,f,425,0,14,1,42,38
2025,4,2,ch,f,419,0,19,0,29,27
2025,4,3,ch,f,495,0,16,1,24,30
2025,4,4,ch,f,517,0,11,5,23,17
2025,4,5,ch,f,482,0,9,2,16,11
2025,4,6,ch,f,539,0,5,0,9,11
2025,4,7,ch,f,514,0,3,1,12,4
2025,4,8,ch,f,585,0,4,0,7,9
2025,4,9,ch,f,555,0,4,2,8,10
2025,4,10,ch,f,532,0,6,0,10,5
2025,4,11,ch,f,545,0,10,0,6,10
2025,4,12,ch,f,525,0,1,1,7,8
2025,4,13,ch,f,560,0,1,0,11,8
2025,4,14,ch,f,534,0,1,0,6,8
2025,4,15,ch,f,560,0,1,1,10,13
2025,4,16,ch,f,522,0,1,0,19,8
2025,4,17,ch,f,562,0,1,0,12,9
2025,4,18,ch,f,516,0,2,1,11,15
2025,4,19,ch,f,539,0,3,0,11,15
2025,4,20,ch,f,466,0,7,1,30,19
2025,4,21,ch,f,549,0,11,2,36,45
2025,4,22,ch,f,512,0,21,1,48,42
2025,4,23,ch,f,503,0,19,2,46,57
2025,4,24,ch,f,499,0,30,1,51,60
2025,4,25,ch,f,508,0,34,0,65,67
2025,4,26,ch,f,536,0,30,4,69,82
2025,4,27,ch,f,499,0,30,1,60,71
2025,4,28,ch,f,552,0,31,1,60,80
2025,4,29,ch,f,549,0,28,0,55,54
2025,4,30,ch,f,533,0,35,0,53,49
2025,4,31,ch,f,564,0,24,1,50,48
2025,4,32,ch,f,546,0,23,1,48,55
2025,4,33,ch,f,600,0,18,3,55,46
2025,4,34,ch,f,632,0,20,1,44,42
2025,4,35,ch,f,671,0,20,0,33,41
2025,4,36,ch,f,597,0,13,2,31,31
2025,4,37,ch,f,621,0,12,1,36,39
2025,4,38,ch,f,607,0,23,0,18,15
2025,4,39,ch,f,615,0,13,1,16,14
2025,4,40,ch,f,651,0,8,1,26,17
2025,4,41,ch,f,645,0,7,0,30,24
2025,4,42,ch,f,627,0,9,0,20,21
2025,4,43,ch,f,673,0,7,1,16,18
2025,4,44,ch,f,702,0,4,1,11,12
2025,4,45,ch,f,650,0,9,1,15,11
2025,4,46,ch,f,630,0,6,1,19,14
2025,4,47,ch,f,607,0,3,2,17,14
2025,4,48,ch,f,642,0,5,0,11,15
2025,4,49,ch,f,633,0,4,3,10,12
2025,4,50,ch,f,673,0,7,1,20,22
2025,4,51,ch,f,660,0,4,2,15,13
2025,4,52,ch,f,621,0,4,2,15,16
2025,4,53,ch,f,705,0,3,3,14,15
2025,4,54,ch,f,765,0,6,0,12,21
2025,4,55,ch,f,799,0,12,2,15,23
2025,4,56,ch,f,777,0,6,2,13,19
2025,4,57,ch,f,844,0,9,1,13,19
2025,4,58,ch,f,919,0,2,1,23,22
2025,4,59,ch,f,861,0,9,0,15,20
2025,4,60,ch,f,871,0,7,3,18,16
2025,4,61,ch,f,836,0,6,0,25,14
2025,4,62,ch,f,835,0,6,1,16,15
2025,4,63,ch,f,833,0,3,1,15,15
2025,4,64,ch,f,795,0,8,0,22,18
2025,4,65,ch,f,773,0,7,1,12,25
2025,4,66,ch,f,732,0,7,0,11,18
2025,4,67,ch,f,704,0,3,1,14,10
2025,4,68,ch,f,728,0,4,1,13,6
2025,4,69,ch,f,645,0,5,0,11,12
2025,4,70,ch,f,709,0,2,0,9,15
2025,4,71,ch,f,613,0,5,0,7,7
2025,4,72,ch,f,601,0,1,0,3,7
2025,4,73,ch,f,623,0,1,0,9,7
2025,4,74,ch,f,568,0,0,0,15,10
2025,4,75,ch,f,583,0,0,0,3,5
2025,4,76,ch,f,528,0,2,0,6,4
2025,4,77,ch,f,491,0,1,1,5,8
2025,4,78,ch,f,477,0,2,0,8,5
2025,4,79,ch,f,474,0,2,0,6,6
2025,4,80,ch,f,462,0,0,0,5,5
2025,4,81,ch,f,463,0,1,1,5,6
2025,4,82,ch,f,407,0,0,0,3,1
2025,4,83,ch,f,334,0,1,0,3,3
2025,4,84,ch,f,332,0,1,0,6,4
2025,4,85,ch,f,296,0,1,0,5,6
2025,4,86,ch,f,265,0,0,0,1,0
2025,4,87,ch,f,251,0,0,0,5,1
2025,4,88,ch,f,216,0,1,0,2,1
2025,4,89,ch,f,226,0,0,0,4,7
2025,4,90,ch,f,184,0,0,0,3,0
2025,4,91,ch,f,159,0,0,0,3,3
2025,4,92,ch,f,125,0,0,0,1,3
2025,4,93,ch,f,106,0,0,0,3,3
2025,4,94,ch,f,74,0,0,0,2,0
2025,4,95,ch,f,67,0,0,0,1,0
2025,4,96,ch,f,46,0,1,0,0,0
2025,4,97,ch,f,32,0,0,0,0,0
2025,4,98,ch,f,17,0,0,0,1,2
2025,4,99,ch,f,15,0,0,0,0,0
2025,4,100,ch,f,19,0,0,0,0,0
2025,4,0,int,m,0,169,1,2,9,5
2025,4,1,int,m,181,0,10,9,14,13
2025,4,2,int,m,187,0,3,9,10,15
2025,4,3,int,m,232,0,4,11,11,7
2025,4,4,int,m,197,0,5,12,15,15
2025,4,5,int,m,232,0,1,9,12,10
2025,4,6,int,m,234,0,1,5,8,11
2025,4,7,int,m,242,0,6,8,5,6
2025,4,8,int,m,223,0,3,3,4,4
2025,4,9,int,m,246,0,0,9,4,11
2025,4,10,int,m,215,0,1,9,6,6
2025,4,11,int,m,215,0,4,9,6,11
2025,4,12,int,m,205,0,1,11,4,5
2025,4,13,int,m,227,0,2,4,12,11
2025,4,14,int,m,221,0,1,7,8,9
2025,4,15,int,m,194,0,1,3,7,6
2025,4,16,int,m,186,0,0,6,5,7
2025,4,17,int,m,204,0,1,5,10,5
2025,4,18,int,m,194,0,0,6,26,13
2025,4,19,int,m,198,0,2,8,32,15
2025,4,20,int,m,219,0,3,7,22,21
2025,4,21,int,m,190,0,6,15,24,24
2025,4,22,int,m,199,0,10,25,28,17
2025,4,23,int,m,207,0,14,32,29,26
2025,4,24,int,m,238,0,18,32,27,31
2025,4,25,int,m,250,0,25,38,42,37
2025,4,26,int,m,278,0,24,33,42,40
2025,4,27,int,m,294,0,14,38,55,53
2025,4,28,int,m,318,0,19,32,56,38
2025,4,29,int,m,351,0,20,39,53,50
2025,4,30,int,m,327,0,12,42,45,52
2025,4,31,int,m,377,0,24,33,41,38
2025,4,32,int,m,385,0,22,32,51,53
2025,4,33,int,m,422,0,17,38,25,32
2025,4,34,int,m,400,0,36,30,44,39
2025,4,35,int,m,432,0,26,23,46,48
2025,4,36,int,m,401,0,27,37,44,30
2025,4,37,int,m,436,0,21,28,39,45
2025,4,38,int,m,466,0,11,31,34,37
2025,4,39,int,m,442,0,23,22,38,40
2025,4,40,int,m,464,0,20,27,33,35
2025,4,41,int,m,431,0,16,32,21,28
2025,4,42,int,m,441,0,14,26,25,27
2025,4,43,int,m,435,0,16,16,25,22
2025,4,44,int,m,446,0,20,19,25,34
2025,4,45,int,m,429,0,6,20,23,32
2025,4,46,int,m,406,0,7,25,16,25
2025,4,47,int,m,401,0,6,20,16,26
2025,4,48,int,m,397,0,7,17,19,13
2025,4,49,int,m,344,0,7,21,24,16
2025,4,50,int,m,363,0,16,14,33,19
2025,4,51,int,m,345,0,7,12,13,16
2025,4,52,int,m,328,0,13,20,14,13
2025,4,53,int,m,298,0,11,9,19,12
2025,4,54,int,m,295,0,6,10,16,16
2025,4,55,int,m,300,0,6,5,12,13
2025,4,56,int,m,344,0,10,11,14,16
2025,4,57,int,m,275,0,6,6,14,14
2025,4,58,int,m,308,0,5,7,8,15
2025,4,59,int,m,290,0,3,6,13,9
2025,4,60,int,m,281,0,4,2,8,7
2025,4,61,int,m,295,0,4,2,11,10
2025,4,62,int,m,227,0,2,0,9,8
2025,4,63,int,m,220,0,4,3,5,9
2025,4,64,int,m,190,0,3,2,3,6
2025,4,65,int,m,179,0,5,0,10,5
2025,4,66,int,m,153,0,0,3,2,7
2025,4,67,int,m,119,0,2,1,2,6
2025,4,68,int,m,127,0,0,0,2,1
2025,4,69,int,m,107,0,3,2,1,1
2025,4,70,int,m,119,0,0,1,2,0
2025,4,71,int,m,95,0,1,0,2,1
2025,4,72,int,m,72,0,1,0,2,2
2025,4,73,int,m,71,0,1,0,1,0
2025,4,74,int,m,81,0,2,1,1,1
2025,4,75,int,m,81,0,0,0,1,0
2025,4,76,int,m,58,0,0,0,1,1
2025,4,77,int,m,56,0,1,0,1,0
2025,4,78,int,m,60,0,1,0,0,0
2025,4,79,int,m,51,0,0,0,0,0
2025,4,80,int,m,32,0,0,0,1,0
2025,4,81,int,m,43,0,0,0,1,1
2025,4,82,int,m,40,0,0,0,1,1
2025,4,83,int,m,54,0,0,0,1,0
2025,4,84,int,m,30,0,0,0,0,0
2025,4,85,int,m,30,0,0,0,0,0
2025,4,86,int,m,27,0,0,0,0,0
2025,4,87,int,m,25,0,0,0,1,1
2025,4,88,int,m,14,0,0,0,0,0
2025,4,89,int,m,20,0,0,0,0,1
2025,4,90,int,m,13,0,0,0,0,0
2025,4,91,int,m,6,0,1,0,0,0
2025,4,92,int,m,5,0,0,0,0,0
2025,4,93,int,m,4,0,0,0,0,0
2025,4,94,int,m,2,0,1,0,0,0
2025,4,95,int,m,4,0,0,0,0,0
2025,4,96,int,m,1,0,0,0,0,0
2025,4,97,int,m,1,0,0,0,0,0
2025,4,98,int,m,1,0,0,0,0,0
2025,4,99,int,m,0,0,0,0,0,0
2025,4,100,int,m,0,0,0,0,0,0
2025,4,0,int,f,0,178,1,1,6,5
2025,4,1,int,f,153,0,7,5,15,10
2025,4,2,int,f,194,0,3,10,17,19
2025,4,3,int,f,196,0,4,9,12,16
2025,4,4,int,f,230,0,4,7,9,7
2025,4,5,int,f,240,0,2,6,6,9
2025,4,6,int,f,195,0,5,8,9,8
2025,4,7,int,f,193,0,4,6,9,5
2025,4,8,int,f,201,0,2,5,11,7
2025,4,9,int,f,227,0,5,6,6,5
2025,4,10,int,f,222,0,1,7,10,11
2025,4,11,int,f,202,0,1,10,11,8
2025,4,12,int,f,177,0,2,9,5,4
2025,4,13,int,f,192,0,1,5,7,9
2025,4,14,int,f,160,0,0,4,10,6
2025,4,15,int,f,231,0,2,6,7,10
2025,4,16,int,f,182,0,3,3,11,11
2025,4,17,int,f,179,0,0,6,7,11
2025,4,18,int,f,159,0,2,4,10,7
2025,4,19,int,f,152,0,1,10,9,7
2025,4,20,int,f,160,0,5,16,11,12
2025,4,21,int,f,170,0,5,14,14,13
2025,4,22,int,f,172,0,7,22,12,14
2025,4,23,int,f,185,0,18,16,24,24
2025,4,24,int,f,160,0,6,25,22,23
2025,4,25,int,f,216,0,11,23,31,23
2025,4,26,int,f,217,0,7,37,31,32
2025,4,27,int,f,219,0,21,25,29,19
2025,4,28,int,f,302,0,14,26,34,27
2025,4,29,int,f,313,0,13,27,21,24
2025,4,30,int,f,308,0,13,24,39,32
2025,4,31,int,f,321,0,17,28,28,34
2025,4,32,int,f,338,0,14,13,39,33
2025,4,33,int,f,351,0,12,18,22,31
2025,4,34,int,f,372,0,7,25,24,33
2025,4,35,int,f,374,0,14,26,25,20
2025,4,36,int,f,370,0,11,23,27,20
2025,4,37,int,f,377,0,16,17,22,18
2025,4,38,int,f,370,0,6,12,20,12
2025,4,39,int,f,385,0,9,13,16,19
2025,4,40,int,f,388,0,3,16,19,19
2025,4,41,int,f,372,0,8,11,16,18
2025,4,42,int,f,386,0,5,15,17,18
2025,4,43,int,f,372,0,11,12,15,19
2025,4,44,int,f,392,0,6,19,12,16
2025,4,45,int,f,380,0,5,12,21,17
2025,4,46,int,f,348,0,6,4,10,10
2025,4,47,int,f,318,0,3,11,14,13
2025,4,48,int,f,322,0,4,11,10,13
2025,4,49,int,f,301,0,11,4,7,8
2025,4,50,int,f,296,0,3,9,19,10
2025,4,51,int,f,279,0,5,5,9,8
2025,4,52,int,f,298,0,3,13,10,12
2025,4,53,int,f,310,0,10,5,14,11
2025,4,54,int,f,280,0,4,10,6,8
2025,4,55,int,f,229,0,1,4,10,14
2025,4,56,int,f,275,0,4,5,8,13
2025,4,57,int,f,237,0,4,5,10,8
2025,4,58,int,f,246,0,7,3,7,2
2025,4,59,int,f,227,0,2,0,6,5
2025,4,60,int,f,198,0,2,0,5,9
2025,4,61,int,f,188,0,3,2,12,7
2025,4,62,int,f,198,0,2,3,10,12
2025,4,63,int,f,160,0,1,1,2,6
2025,4,64,int,f,160,0,0,3,7,5
2025,4,65,int,f,139,0,3,0,1,3
2025,4,66,int,f,124,0,2,3,3,2
2025,4,67,int,f,115,0,2,0,1,2
2025,4,68,int,f,98,0,0,2,5,1
2025,4,69,int,f,87,0,0,1,4,5
2025,4,70,int,f,97,0,1,2,5,1
2025,4,71,int,f,91,0,2,0,4,2
2025,4,72,int,f,82,0,0,0,0,3
2025,4,73,int,f,64,0,0,0,1,2
2025,4,74,int,f,65,0,0,1,1,0
2025,4,75,int,f,48,0,0,1,0,1
2025,4,76,int,f,67,0,0,1,2,2
2025,4,77,int,f,67,0,0,0,0,0
2025,4,78,int,f,45,0,0,0,2,1
2025,4,79,int,f,51,0,0,0,1,0
2025,4,80,int,f,39,0,0,0,0,0
2025,4,81,int,f,43,0,0,0,0,0
2025,4,82,int,f,34,0,0,1,0,0
2025,4,83,int,f,48,0,0,1,0,1
2025,4,84,int,f,31,0,0,1,1,1
2025,4,85,int,f,26,0,0,0,0,0
2025,4,86,int,f,26,0,0,0,4,0
2025,4,87,int,f,18,0,0,0,0,2
2025,4,88,int,f,22,0,0,0,0,0
2025,4,89,int,f,16,0,1,0,1,1
2025,4,90,int,f,13,0,0,0,0,0
2025,4,91,int,f,5,0,0,0,0,0
2025,4,92,int,f,8,0,0,0,0,0
2025,4,93,int,f,5,0,0,0,0,0
2025,4,94,int,f,3,0,0,0,1,0
2025,4,95,int,f,3,0,0,0,0,0
2025,4,96,int,f,5,0,0,0,0,0
2025,4,97,int,f,2,0,0,0,0,0
2025,4,98,int,f,1,0,0,0,0,0
2025,4,99,int,f,1,0,0,0,0,0
2025,4,100,int,f,1,0,0,0,0,0
2022,5,0,ch,m,0,557,12,0,28,18
2022,5,1,ch,m,611,0,29,1,64,42
2022,5,2,ch,m,656,0,22,1,51,32
2022,5,3,ch,m,688,0,17,2,59,36
2022,5,4,ch,m,664,0,18,3,35,16
2022,5,5,ch,m,690,0,8,2,35,14
2022,5,6,ch,m,682,0,6,6,12,12
2022,5,7,ch,m,721,0,13,5,19,11
2022,5,8,ch,m,692,0,8,3,12,10
2022,5,9,ch,m,700,0,10,0,8,7
2022,5,10,ch,m,695,0,9,1,7,9
2022,5,11,ch,m,704,0,9,1,14,14
2022,5,12,ch,m,727,0,2,1,11,5
2022,5,13,ch,m,693,0,1,1,9,13
2022,5,14,ch,m,641,0,7,1,11,15
2022,5,15,ch,m,644,0,3,1,11,12
2022,5,16,ch,m,644,0,1,1,10,14
2022,5,17,ch,m,711,0,3,0,15,16
2022,5,18,ch,m,641,0,5,0,11,19
2022,5,19,ch,m,678,0,7,1,17,21
2022,5,20,ch,m,728,0,10,1,30,37
2022,5,21,ch,m,681,0,16,1,37,56
2022,5,22,ch,m,725,0,11,4,48,61
2022,5,23,ch,m,684,0,21,3,35,53
2022,5,24,ch,m,664,0,14,1,62,79
2022,5,25,ch,m,665,0,21,0,82,96
2022,5,26,ch,m,661,0,25,3,75,118
2022,5,27,ch,m,619,0,24,2,75,91
2022,5,28,ch,m,567,0,30,3,74,58
2022,5,29,ch,m,611,0,31,0,69,64
2022,5,30,ch,m,629,0,43,1,71,56
2022,5,31,ch,m,623,0,42,2,78,69
2022,5,32,ch,m,630,0,30,4,72,60
2022,5,33,ch,m,650,0,30,1,65,59
2022,5,34,ch,m,645,0,32,1,73,46
2022,5,35,ch,m,711,0,26,1,73,52
2022,5,36,ch,m,721,0,23,1,60,44
2022,5,37,ch,m,726,0,26,1,52,42
2022,5,38,ch,m,740,0,26,1,41,28
2022,5,39,ch,m,759,0,20,2,38,32
2022,5,40,ch,m,767,0,28,3,40,24
2022,5,41,ch,m,776,0,27,0,46,37
2022,5,42,ch,m,814,0,25,5,39,29
2022,5,43,ch,m,771,0,20,3,34,26
2022,5,44,ch,m,775,0,15,3,28,32
2022,5,45,ch,m,788,0,9,3,29,20
2022,5,46,ch,m,723,0,12,2,19,9
2022,5,47,ch,m,762,0,10,2,22,20
2022,5,48,ch,m,808,0,15,0,27,23
2022,5,49,ch,m,833,0,12,1,17,14
2022,5,50,ch,m,931,0,8,2,20,12
2022,5,51,ch,m,916,0,19,0,19,18
2022,5,52,ch,m,1012,0,15,1,26,22
2022,5,53,ch,m,1031,0,17,1,18,21
2022,5,54,ch,m,1066,0,9,1,25,20
2022,5,55,ch,m,1117,0,11,5,24,25
2022,5,56,ch,m,1119,0,12,3,22,23
2022,5,57,ch,m,1175,0,11,2,28,26
2022,5,58,ch,m,1140,0,16,0,18,15
2022,5,59,ch,m,1126,0,14,3,19,22
2022,5,60,ch,m,1118,0,14,2,18,17
2022,5,61,ch,m,1070,0,6,1,19,14
2022,5,62,ch,m,1027,0,7,2,6,13
2022,5,63,ch,m,1049,0,7,2,20,23
2022,5,64,ch,m,994,0,10,0,22,20
2022,5,65,ch,m,979,0,6,3,17,13
2022,5,66,ch,m,918,0,5,1,18,17
2022,5,67,ch,m,887,0,11,1,15,12
2022,5,68,ch,m,854,0,5,0,8,13
2022,5,69,ch,m,818,0,5,2,16,12
2022,5,70,ch,m,802,0,3,0,5,12
2022,5,71,ch,m,723,0,4,0,7,14
2022,5,72,ch,m,739,0,1,3,12,7
2022,5,73,ch,m,669,0,2,1,13,9
2022,5,74,ch,m,710,0,2,0,3,5
2022,5,75,ch,m,663,0,1,0,7,8
2022,5,76,ch,m,628,0,2,0,1,4
2022,5,77,ch,m,548,0,5,0,3,4
2022,5,78,ch,m,555,0,3,2,2,6
2022,5,79,ch,m,504,0,2,0,5,6
2022,5,80,ch,m,417,0,2,1,6,8
2022,5,81,ch,m,399,0,0,0,2,2
2022,5,82,ch,m,299,0,1,0,4,5
2022,5,83,ch,m,276,0,1,0,3,7
2022,5,84,ch,m,264,0,0,0,1,2
2022,5,85,ch,m,237,0,1,0,2,2
2022,5,86,ch,m,199,0,0,1,2,4
2022,5,87,ch,m,203,0,1,1,3,3
2022,5,88,ch,m,170,0,0,0,1,1
2022,5,89,ch,m,115,0,0,0,1,2
2022,5,90,ch,m,103,0,0,0,2,2
2022,5,91,ch,m,81,0,1,0,0,0
2022,5,92,ch,m,74,0,0,0,0,1
2022,5,93,ch,m,54,0,0,0,0,0
2022,5,94,ch,m,31,0,0,0,0,2
2022,5,95,ch,m,23,0,0,0,0,0
2022,5,96,ch,m,23,0,0,0,0,1
2022,5,97,ch,m,19,0,0,0,1,0
2022,5,98,ch,m,5,0,0,0,0,0
2022,5,99,ch,m,3,0,0,0,0,0
2022,5,100,ch,m,6,0,0,0,0,0
2022,5,0,ch,f,0,548,9,1,16,12
2022,5,1,ch,f,618,0,22,2,71,47
2022,5,2,ch,f,597,0,21,1,45,29
2022,5,3,ch,f,622,0,18,4,35,22
2022,5,4,ch,f,695,0,12,1,33,27
2022,5,5,ch,f,633,0,10,3,18,24
2022,5,6,ch,f,693,0,14,3,17,16
2022,5,7,ch,f,677,0,9,1,18,9
2022,5,8,ch,f,673,0,6,2,14,16
2022,5,9,ch,f,678,0,8,0,9,9
2022,5,10,ch,f,650,0,8,2,13,14
2022,5,11,ch,f,656,0,7,1,8,5
2022,5,12,ch,f,664,0,3,1,6,7
2022,5,13,ch,f,617,0,8,0,11,7
2022,5,14,ch,f,643,0,4,1,6,9
2022,5,15,ch,f,649,0,7,2,12,10
2022,5,16,ch,f,638,0,1,1,17,23
2022,5,17,ch,f,610,0,4,2,11,18
2022,5,18,ch,f,635,0,6,2,17,28
2022,5,19,ch,f,647,0,10,1,21,30
2022,5,20,ch,f,662,0,18,0,43,57
2022,5,21,ch,f,631,0,12,0,51,54
2022,5,22,ch,f,583,0,37,1,62,65
2022,5,23,ch,f,617,0,33,1,83,80
2022,5,24,ch,f,594,0,31,5,79,78
2022,5,25,ch,f,639,0,31,2,101,129
2022,5,26,ch,f,569,0,36,2,90,104
2022,5,27,ch,f,552,0,38,2,82,71
2022,5,28,ch,f,565,0,31,2,91,72
2022,5,29,ch,f,566,0,32,4,73,55
2022,5,30,ch,f,635,0,24,2,87,64
2022,5,31,ch,f,634,0,42,6,79,63
2022,5,32,ch,f,619,0,30,6,70,57
2022,5,33,ch,f,666,0,37,0,72,46
2022,5,34,ch,f,716,0,37,1,58,47
2022,5,35,ch,f,715,0,36,0,61,41
2022,5,36,ch,f,747,0,28,1,66,43
2022,5,37,ch,f,739,0,36,7,38,31
2022,5,38,ch,f,812,0,27,2,33,21
2022,5,39,ch,f,850,0,13,3,46,31
2022,5,40,ch,f,809,0,13,4,38,25
2022,5,41,ch,f,855,0,16,0,42,30
2022,5,42,ch,f,842,0,15,2,20,30
2022,5,43,ch,f,802,0,13,2,26,16
2022,5,44,ch,f,768,0,10,1,15,17
2022,5,45,ch,f,749,0,6,2,21,22
2022,5,46,ch,f,809,0,12,0,21,18
2022,5,47,ch,f,759,0,13,0,22,17
2022,5,48,ch,f,819,0,6,1,19,18
2022,5,49,ch,f,857,0,11,1,29,26
2022,5,50,ch,f,888,0,13,1,21,28
2022,5,51,ch,f,949,0,17,0,27,27
2022,5,52,ch,f,1006,0,12,1,29,24
2022,5,53,ch,f,1064,0,20,1,32,35
2022,5,54,ch,f,1123,0,17,3,28,32
2022,5,55,ch,f,1132,0,12,1,25,16
2022,5,56,ch,f,1169,0,11,0,31,30
2022,5,57,ch,f,1213,0,19,1,30,26
2022,5,58,ch,f,1188,0,18,0,26,26
2022,5,59,ch,f,1125,0,12,2,20,22
2022,5,60,ch,f,1095,0,11,3,23,26
2022,5,61,ch,f,1090,0,16,2,21,14
2022,5,62,ch,f,1094,0,10,3,27,26
2022,5,63,ch,f,995,0,8,1,15,22
2022,5,64,ch,f,990,0,8,3,18,14
2022,5,65,ch,f,1022,0,14,2,22,21
2022,5,66,ch,f,965,0,7,0,16,21
2022,5,67,ch,f,865,0,4,1,11,19
2022,5,68,ch,f,861,0,5,1,14,20
2022,5,69,ch,f,819,0,4,0,12,17
2022,5,70,ch,f,794,0,3,2,9,9
2022,5,71,ch,f,759,0,4,0,11,12
2022,5,72,ch,f,693,0,2,0,5,10
2022,5,73,ch,f,680,0,1,1,7,5
2022,5,74,ch,f,701,0,1,0,11,11
2022,5,75,ch,f,618,0,1,0,4,8
2022,5,76,ch,f,595,0,4,0,4,2
2022,5,77,ch,f,579,0,1,1,4,6
2022,5,78,ch,f,536,0,1,0,3,7
2022,5,79,ch,f,502,0,1,0,4,7
2022,5,80,ch,f,443,0,2,1,3,2
2022,5,81,ch,f,409,0,1,1,2,8
2022,5,82,ch,f,369,0,0,1,1,0
2022,5,83,ch,f,353,0,5,1,3,3
2022,5,84,ch,f,315,0,3,0,3,4
2022,5,85,ch,f,288,0,1,0,2,3
2022,5,86,ch,f,264,0,1,0,3,5
2022,5,87,ch,f,253,0,1,0,3,6
2022,5,88,ch,f,232,0,1,1,2,2
2022,5,89,ch,f,213,0,0,0,0,3
2022,5,90,ch,f,175,0,0,0,0,1
2022,5,91,ch,f,146,0,0,0,3,3
2022,5,92,ch,f,123,0,0,0,1,2
2022,5,93,ch,f,89,0,0,0,0,2
2022,5,94,ch,f,71,0,0,0,0,1
2022,5,95,ch,f,73,0,0,0,0,1
2022,5,96,ch,f,49,0,0,0,0,0
2022,5,97,ch,f,35,0,0,0,0,0
2022,5,98,ch,f,28,0,1,0,0,0
2022,5,99,ch,f,20,0,0,0,0,0
2022,5,100,ch,f,26,0,0,0,0,0
2022,5,0,int,m,0,138,5,0,4,4
2022,5,1,int,m,130,0,8,5,10,13
2022,5,2,int,m,121,0,8,7,11,6
2022,5,3,int,m,139,0,6,9,12,7
2022,5,4,int,m,142,0,5,13,8,8
2022,5,5,int,m,135,0,2,9,11,5
2022,5,6,int,m,140,0,4,4,8,3
2022,5,7,int,m,140,0,3,9,3,2
2022,5,8,int,m,139,0,3,6,5,4
2022,5,9,int,m,128,0,0,10,6,5
2022,5,10,int,m,140,0,4,7,7,6
2022,5,11,int,m,147,0,3,10,8,4
2022,5,12,int,m,129,0,3,11,6,8
2022,5,13,int,m,129,0,5,9,10,6
2022,5,14,int,m,139,0,0,7,1,3
2022,5,15,int,m,114,0,3,6,5,5
2022,5,16,int,m,127,0,3,8,7,5
2022,5,17,int,m,116,0,2,3,5,4
2022,5,18,int,m,105,0,3,10,12,8
2022,5,19,int,m,122,0,3,10,10,8
2022,5,20,int,m,107,0,3,21,13,6
2022,5,21,int,m,97,0,1,17,15,12
2022,5,22,int,m,121,0,5,32,33,22
2022,5,23,int,m,116,0,5,36,30,23
2022,5,24,int,m,121,0,9,34,23,26
2022,5,25,int,m,153,0,8,49,40,42
2022,5,26,int,m,160,0,19,35,26,32
2022,5,27,int,m,161,0,15,40,28,25
2022,5,28,int,m,168,0,18,35,22,41
2022,5,29,int,m,206,0,28,41,48,50
2022,5,30,int,m,218,0,19,26,30,41
2022,5,31,int,m,228,0,29,33,30,38
2022,5,32,int,m,258,0,18,36,34,43
2022,5,33,int,m,257,0,14,31,33,31
2022,5,34,int,m,297,0,19,32,36,37
2022,5,35,int,m,281,0,22,28,31,40
2022,5,36,int,m,261,0,30,29,40,24
2022,5,37,int,m,293,0,31,31,33,34
2022,5,38,int,m,349,0,13,29,43,37
2022,5,39,int,m,300,0,17,33,31,26
2022,5,40,int,m,315,0,17,17,22,15
2022,5,41,int,m,324,0,21,23,27,27
2022,5,42,int,m,321,0,14,26,27,28
2022,5,43,int,m,304,0,20,28,33,23
2022,5,44,int,m,320,0,14,23,25,25
2022,5,45,int,m,270,0,13,30,13,21
2022,5,46,int,m,284,0,15,27,19,15
2022,5,47,int,m,258,0,9,30,17,15
2022,5,48,int,m,241,0,11,21,18,9
2022,5,49,int,m,264,0,6,15,12,10
2022,5,50,int,m,295,0,10,16,15,17
2022,5,51,int,m,240,0,7,17,15,20
2022,5,52,int,m,256,0,10,15,19,18
2022,5,53,int,m,255,0,8,13,7,9
2022,5,54,int,m,250,0,4,16,15,16
2022,5,55,int,m,268,0,8,10,11,14
2022,5,56,int,m,287,0,9,12,9,10
2022,5,57,int,m,263,0,6,4,7,10
2022,5,58,int,m,229,0,2,7,7,12
2022,5,59,int,m,217,0,1,3,8,8
2022,5,60,int,m,185,0,5,7,4,6
2022,5,61,int,m,170,0,4,6,6,5
2022,5,62,int,m,155,0,3,4,5,7
2022,5,63,int,m,127,0,3,3,3,2
2022,5,64,int,m,132,0,1,3,3,6
2022,5,65,int,m,107,0,1,0,4,4
2022,5,66,int,m,87,0,3,2,0,5
2022,5,67,int,m,63,0,0,0,2,1
2022,5,68,int,m,53,0,1,1,1,1
2022,5,69,int,m,45,0,1,0,0,2
2022,5,70,int,m,55,0,1,0,3,1
2022,5,71,int,m,40,0,1,0,0,0
2022,5,72,int,m,53,0,0,0,0,3
2022,5,73,int,m,41,0,0,0,0,0
2022,5,74,int,m,51,0,1,2,2,0
2022,5,75,int,m,42,0,0,0,1,1
2022,5,76,int,m,48,0,1,0,0,0
2022,5,77,int,m,28,0,0,0,0,0
2022,5,78,int,m,40,0,0,0,0,0
2022,5,79,int,m,43,0,0,0,1,0
2022,5,80,int,m,48,0,0,1,0,0
2022,5,81,int,m,29,0,0,0,0,0
2022,5,82,int,m,24,0,0,0,0,0
2022,5,83,int,m,33,0,1,0,0,0
2022,5,84,int,m,31,0,0,0,0,0
2022,5,85,int,m,19,0,0,0,0,0
2022,5,86,int,m,18,0,0,0,0,0
2022,5,87,int,m,10,0,0,2,0,1
2022,5,88,int,m,7,0,0,0,0,0
2022,5,89,int,m,7,0,0,0,0,0
2022,5,90,int,m,5,0,0,0,0,0
2022,5,91,int,m,5,0,0,0,0,0
2022,5,92,int,m,1,0,0,0,0,1
2022,5,93,int,m,0,0,0,0,0,0
2022,5,94,int,m,0,0,0,0,0,0
2022,5,95,int,m,2,0,0,0,0,0
2022,5,96,int,m,0,0,0,0,0,0
2022,5,97,int,m,0,0,0,0,0,0
2022,5,98,int,m,1,0,0,0,0,0
2022,5,99,int,m,0,0,0,0,0,0
2022,5,100,int,m,0,0,0,0,0,0
2022,5,0,int,f,0,110,3,4,3,4
2022,5,1,int,f,115,0,7,9,12,12
2022,5,2,int,f,141,0,5,9,13,13
2022,5,3,int,f,125,0,8,11,20,15
2022,5,4,int,f,141,0,8,8,7,11
2022,5,5,int,f,140,0,4,6,6,4
2022,5,6,int,f,124,0,5,13,10,6
2022,5,7,int,f,121,0,2,4,7,6
2022,5,8,int,f,137,0,4,4,6,4
2022,5,9,int,f,122,0,0,2,3,4
2022,5,10,int,f,116,0,4,3,6,2
2022,5,11,int,f,124,0,1,8,6,5
2022,5,12,int,f,127,0,4,7,4,8
2022,5,13,int,f,113,0,1,7,4,4
2022,5,14,int,f,111,0,2,5,5,7
2022,5,15,int,f,92,0,2,10,6,3
2022,5,16,int,f,111,0,0,11,10,12
2022,5,17,int,f,113,0,2,4,5,7
2022,5,18,int,f,88,0,1,9,5,5
2022,5,19,int,f,92,0,0,6,10,5
2022,5,20,int,f,80,0,6,11,8,10
2022,5,21,int,f,92,0,2,16,15,18
2022,5,22,int,f,77,0,6,17,16,14
2022,5,23,int,f,100,0,9,28,18,16
2022,5,24,int,f,103,0,7,22,17,22
2022,5,25,int,f,145,0,12,28,24,28
2022,5,26,int,f,148,0,15,29,15,23
2022,5,27,int,f,139,0,14,27,23,27
2022,5,28,int,f,162,0,12,31,27,24
2022,5,29,int,f,186,0,23,23,22,22
2022,5,30,int,f,191,0,14,16,21,22
2022,5,31,int,f,205,0,12,17,31,20
2022,5,32,int,f,248,0,13,21,21,32
2022,5,33,int,f,224,0,13,28,21,18
2022,5,34,int,f,232,0,16,17,29,18
2022,5,35,int,f,280,0,16,7,20,22
2022,5,36,int,f,282,0,16,16,19,21
2022,5,37,int,f,252,0,14,13,22,15
2022,5,38,int,f,254,0,14,13,21,11
2022,5,39,int,f,292,0,11,10,17,17
2022,5,40,int,f,260,0,15,20,19,15
2022,5,41,int,f,277,0,10,18,21,16
2022,5,42,int,f,263,0,8,19,16,17
2022,5,43,int,f,269,0,8,15,16,6
2022,5,44,int,f,280,0,4,19,13,14
2022,5,45,int,f,242,0,8,13,8,12
2022,5,46,int,f,226,0,5,7,13,11
2022,5,47,int,f,225,0,3,8,10,15
2022,5,48,int,f,233,0,4,9,12,11
2022,5,49,int,f,190,0,8,11,10,5
2022,5,50,int,f,234,0,2,4,10,9
2022,5,51,int,f,232,0,9,7,13,5
2022,5,52,int,f,181,0,5,15,11,11
2022,5,53,int,f,188,0,6,7,6,8
2022,5,54,int,f,180,0,3,2,7,7
2022,5,55,int,f,185,0,7,4,4,6
2022,5,56,int,f,212,0,3,8,12,7
2022,5,57,int,f,163,0,2,7,4,6
2022,5,58,int,f,170,0,1,1,8,8
2022,5,59,int,f,138,0,3,4,5,2
2022,5,60,int,f,131,0,4,2,2,2
2022,5,61,int,f,114,0,4,4,1,7
2022,5,62,int,f,97,0,3,0,3,3
2022,5,63,int,f,77,0,1,3,2,0
2022,5,64,int,f,81,0,0,3,2,6
2022,5,65,int,f,69,0,0,1,2,1
2022,5,66,int,f,62,0,3,3,0,2
2022,5,67,int,f,53,0,1,0,1,1
2022,5,68,int,f,51,0,0,0,3,4
2022,5,69,int,f,41,0,1,2,3,4
2022,5,70,int,f,35,0,1,5,1,1
2022,5,71,int,f,29,0,0,0,0,0
2022,5,72,int,f,30,0,0,2,1,0
2022,5,73,int,f,35,0,2,0,0,0
2022,5,74,int,f,38,0,0,0,1,3
2022,5,75,int,f,29,0,0,0,2,2
2022,5,76,int,f,35,0,0,0,0,0
2022,5,77,int,f,30,0,0,0,1,1
2022,5,78,int,f,34,0,0,0,0,0
2022,5,79,int,f,20,0,0,1,0,0
2022,5,80,int,f,16,0,0,0,0,0
2022,5,81,int,f,25,0,0,1,0,0
2022,5,82,int,f,33,0,0,1,0,0
2022,5,83,int,f,29,0,0,0,0,1
2022,5,84,int,f,18,0,0,0,0,0
2022,5,85,int,f,12,0,0,1,0,0
2022,5,86,int,f,15,0,0,0,0,0
2022,5,87,int,f,10,0,0,1,0,1
2022,5,88,int,f,7,0,0,0,0,1
2022,5,89,int,f,5,0,0,1,0,0
2022,5,90,int,f,7,0,0,0,1,1
2022,5,91,int,f,3,0,0,1,0,0
2022,5,92,int,f,3,0,0,0,0,0
2022,5,93,int,f,2,0,0,1,0,1
2022,5,94,int,f,2,0,0,0,1,1
2022,5,95,int,f,1,0,0,0,0,0
2022,5,96,int,f,0,0,0,0,0,0
2022,5,97,int,f,0,0,0,0,0,0
2022,5,98,int,f,1,0,0,0,0,0
2022,5,99,int,f,0,0,0,0,0,0
2022,5,100,int,f,0,0,0,0,0,0
2023,5,0,ch,m,0,532,18,1,17,10
2023,5,1,ch,m,574,0,25,1,43,45
2023,5,2,ch,m,657,0,29,1,48,43
2023,5,3,ch,m,679,0,18,2,37,27
2023,5,4,ch,m,720,0,16,0,28,29
2023,5,5,ch,m,690,0,14,2,24,20
2023,5,6,ch,m,714,0,15,1,28,12
2023,5,7,ch,m,687,0,12,1,16,19
2023,5,8,ch,m,744,0,12,2,13,8
2023,5,9,ch,m,704,0,7,1,16,9
2023,5,10,ch,m,703,0,8,0,14,9
2023,5,11,ch,m,700,0,5,2,8,10
2023,5,12,ch,m,710,0,9,1,11,8
2023,5,13,ch,m,729,0,2,0,13,9
2023,5,14,ch,m,689,0,4,1,12,12
2023,5,15,ch,m,648,0,6,2,10,11
2023,5,16,ch,m,650,0,8,0,11,9
2023,5,17,ch,m,642,0,3,0,18,12
2023,5,18,ch,m,713,0,6,2,15,12
2023,5,19,ch,m,639,0,6,4,13,18
2023,5,20,ch,m,679,0,13,1,23,34
2023,5,21,ch,m,724,0,18,0,29,40
2023,5,22,ch,m,658,0,13,3,41,38
2023,5,23,ch,m,701,0,14,2,61,63
2023,5,24,ch,m,660,0,27,1,58,77
2023,5,25,ch,m,634,0,30,1,62,86
2023,5,26,ch,m,638,0,29,1,70,91
2023,5,27,ch,m,615,0,33,1,77,88
2023,5,28,ch,m,596,0,32,2,55,59
2023,5,29,ch,m,578,0,27,2,69,85
2023,5,30,ch,m,615,0,25,3,74,56
2023,5,31,ch,m,659,0,27,0,72,73
2023,5,32,ch,m,653,0,44,0,69,58
2023,5,33,ch,m,656,0,40,1,67,55
2023,5,34,ch,m,664,0,39,3,70,39
2023,5,35,ch,m,686,0,34,3,73,51
2023,5,36,ch,m,742,0,36,0,58,47
2023,5,37,ch,m,750,0,24,2,40,40
2023,5,38,ch,m,740,0,32,1,46,30
2023,5,39,ch,m,772,0,13,3,44,38
2023,5,40,ch,m,776,0,16,2,40,20
2023,5,41,ch,m,801,0,17,0,32,28
2023,5,42,ch,m,803,0,18,1,38,27
2023,5,43,ch,m,849,0,11,1,40,27
2023,5,44,ch,m,792,0,10,1,28,24
2023,5,45,ch,m,785,0,18,2,21,27
2023,5,46,ch,m,804,0,17,2,27,22
2023,5,47,ch,m,736,0,8,0,16,17
2023,5,48,ch,m,774,0,10,3,18,20
2023,5,49,ch,m,822,0,4,0,10,7
2023,5,50,ch,m,838,0,10,2,23,21
2023,5,51,ch,m,943,0,9,0,18,21
2023,5,52,ch,m,926,0,10,1,28,16
2023,5,53,ch,m,1025,0,11,0,21,28
2023,5,54,ch,m,1034,0,12,2,29,20
2023,5,55,ch,m,1067,0,13,4,25,20
2023,5,56,ch,m,1116,0,9,1,22,16
2023,5,57,ch,m,1116,0,10,1,24,27
2023,5,58,ch,m,1175,0,9,1,26,31
2023,5,59,ch,m,1146,0,9,2,21,17
2023,5,60,ch,m,1130,0,5,1,15,12
2023,5,61,ch,m,1117,0,9,2,16,12
2023,5,62,ch,m,1054,0,5,0,16,17
2023,5,63,ch,m,1019,0,12,1,5,10
2023,5,64,ch,m,1044,0,6,4,22,16
2023,5,65,ch,m,980,0,11,1,18,19
2023,5,66,ch,m,972,0,8,1,16,13
2023,5,67,ch,m,910,0,5,2,13,13
2023,5,68,ch,m,885,0,5,2,10,16
2023,5,69,ch,m,838,0,1,1,9,5
2023,5,70,ch,m,811,0,1,2,10,10
2023,5,71,ch,m,781,0,0,0,9,8
2023,5,72,ch,m,708,0,4,0,7,7
2023,5,73,ch,m,726,0,3,1,4,9
2023,5,74,ch,m,666,0,2,0,4,8
2023,5,75,ch,m,696,0,2,0,2,6
2023,5,76,ch,m,642,0,0,0,3,6
2023,5,77,ch,m,608,0,0,0,3,5
2023,5,78,ch,m,533,0,0,0,2,5
2023,5,79,ch,m,541,0,3,0,7,7
2023,5,80,ch,m,486,0,1,1,3,6
2023,5,81,ch,m,389,0,1,0,2,4
2023,5,82,ch,m,384,0,1,1,3,2
2023,5,83,ch,m,286,0,1,0,3,3
2023,5,84,ch,m,248,0,0,0,2,5
2023,5,85,ch,m,250,0,0,0,1,5
2023,5,86,ch,m,221,0,0,1,0,2
2023,5,87,ch,m,172,0,1,0,1,4
2023,5,88,ch,m,182,0,0,0,0,4
2023,5,89,ch,m,148,0,0,0,1,3
2023,5,90,ch,m,100,0,0,0,2,1
2023,5,91,ch,m,82,0,0,0,1,1
2023,5,92,ch,m,68,0,0,0,1,1
2023,5,93,ch,m,60,0,0,0,0,2
2023,5,94,ch,m,39,0,0,0,0,0
2023,5,95,ch,m,18,0,0,0,0,2
2023,5,96,ch,m,18,0,0,0,0,2
2023,5,97,ch,m,15,0,0,0,0,0
2023,5,98,ch,m,15,0,0,0,0,0
2023,5,99,ch,m,3,0,0,0,0,0
2023,5,100,ch,m,6,0,0,0,0,0
2023,5,0,ch,f,0,509,14,2,26,13
2023,5,1,ch,f,550,0,22,2,40,23
2023,5,2,ch,f,656,0,20,0,53,35
2023,5,3,ch,f,628,0,24,0,46,31
2023,5,4,ch,f,647,0,16,1,29,19
2023,5,5,ch,f,708,0,15,0,18,14
2023,5,6,ch,f,633,0,14,0,17,11
2023,5,7,ch,f,696,0,11,1,7,12
2023,5,8,ch,f,692,0,6,0,13,6
2023,5,9,ch,f,675,0,8,0,14,7
2023,5,10,ch,f,681,0,9,3,11,7
2023,5,11,ch,f,654,0,7,2,17,8
2023,5,12,ch,f,664,0,9,0,15,12
2023,5,13,ch,f,665,0,2,3,16,19
2023,5,14,ch,f,630,0,6,0,11,9
2023,5,15,ch,f,642,0,9,0,17,17
2023,5,16,ch,f,657,0,4,1,14,15
2023,5,17,ch,f,635,0,5,0,13,8
2023,5,18,ch,f,608,0,12,0,11,6
2023,5,19,ch,f,631,0,17,1,18,23
2023,5,20,ch,f,641,0,12,0,31,40
2023,5,21,ch,f,645,0,19,1,57,56
2023,5,22,ch,f,615,0,22,2,56,72
2023,5,23,ch,f,581,0,30,4,50,64
2023,5,24,ch,f,626,0,36,0,64,101
2023,5,25,ch,f,581,0,26,1,65,94
2023,5,26,ch,f,594,0,29,5,72,88
2023,5,27,ch,f,551,0,32,0,91,78
2023,5,28,ch,f,554,0,40,3,72,74
2023,5,29,ch,f,574,0,47,3,69,67
2023,5,30,ch,f,591,0,34,1,68,48
2023,5,31,ch,f,652,0,40,1,91,66
2023,5,32,ch,f,663,0,34,2,62,56
2023,5,33,ch,f,650,0,46,1,71,51
2023,5,34,ch,f,713,0,38,0,74,58
2023,5,35,ch,f,745,0,22,0,52,46
2023,5,36,ch,f,753,0,25,2,55,46
2023,5,37,ch,f,787,0,22,4,45,36
2023,5,38,ch,f,780,0,15,3,48,38
2023,5,39,ch,f,845,0,19,1,37,36
2023,5,40,ch,f,875,0,24,2,29,39
2023,5,41,ch,f,824,0,14,1,27,20
2023,5,42,ch,f,879,0,16,1,31,26
2023,5,43,ch,f,840,0,12,2,21,20
2023,5,44,ch,f,822,0,12,2,27,21
2023,5,45,ch,f,768,0,11,1,17,18
2023,5,46,ch,f,754,0,9,4,20,17
2023,5,47,ch,f,820,0,10,1,14,16
2023,5,48,ch,f,770,0,7,2,17,14
2023,5,49,ch,f,816,0,9,1,20,16
2023,5,50,ch,f,868,0,8,2,17,17
2023,5,51,ch,f,886,0,10,1,25,23
2023,5,52,ch,f,960,0,13,0,17,18
2023,5,53,ch,f,1013,0,9,0,21,25
2023,5,54,ch,f,1070,0,8,2,28,31
2023,5,55,ch,f,1128,0,14,0,28,29
2023,5,56,ch,f,1136,0,7,0,20,17
2023,5,57,ch,f,1167,0,10,2,40,38
2023,5,58,ch,f,1214,0,7,1,21,19
2023,5,59,ch,f,1187,0,14,1,19,19
2023,5,60,ch,f,1116,0,12,2,23,22
2023,5,61,ch,f,1103,0,11,0,16,19
2023,5,62,ch,f,1105,0,9,0,19,25
2023,5,63,ch,f,1094,0,7,0,14,18
2023,5,64,ch,f,986,0,10,0,36,26
2023,5,65,ch,f,986,0,7,0,19,16
2023,5,66,ch,f,1022,0,6,1,10,18
2023,5,67,ch,f,950,0,4,2,17,10
2023,5,68,ch,f,856,0,2,2,11,8
2023,5,69,ch,f,853,0,2,0,10,17
2023,5,70,ch,f,808,0,4,0,9,8
2023,5,71,ch,f,792,0,4,1,7,9
2023,5,72,ch,f,756,0,5,0,1,8
2023,5,73,ch,f,683,0,3,1,8,9
2023,5,74,ch,f,676,0,2,0,7,7
2023,5,75,ch,f,691,0,1,0,3,11
2023,5,76,ch,f,604,0,2,4,8,8
2023,5,77,ch,f,589,0,1,0,4,7
2023,5,78,ch,f,572,0,0,0,2,1
2023,5,79,ch,f,525,0,2,0,3,4
2023,5,80,ch,f,485,0,1,0,3,5
2023,5,81,ch,f,438,0,0,1,3,5
2023,5,82,ch,f,393,0,0,0,7,10
2023,5,83,ch,f,352,0,1,1,1,5
2023,5,84,ch,f,340,0,0,0,1,8
2023,5,85,ch,f,298,0,2,0,2,4
2023,5,86,ch,f,265,0,0,0,2,5
2023,5,87,ch,f,245,0,1,0,1,6
2023,5,88,ch,f,233,0,0,0,3,10
2023,5,89,ch,f,209,0,0,0,0,3
2023,5,90,ch,f,188,0,1,0,2,4
2023,5,91,ch,f,152,0,0,0,1,2
2023,5,92,ch,f,116,0,0,0,2,2
2023,5,93,ch,f,96,0,0,0,0,2
2023,5,94,ch,f,73,0,0,0,2,1
2023,5,95,ch,f,54,0,0,0,0,1
2023,5,96,ch,f,52,0,0,0,0,0
2023,5,97,ch,f,37,0,0,0,1,0
2023,5,98,ch,f,25,0,0,0,0,0
2023,5,99,ch,f,20,0,0,0,0,0
2023,5,100,ch,f,25,0,1,0,1,0
2023,5,0,int,m,0,134,2,1,3,8
2023,5,1,int,m,139,0,10,8,10,10
2023,5,2,int,m,140,0,8,8,15,8
2023,5,3,int,m,130,0,8,6,13,10
2023,5,4,int,m,149,0,7,7,14,16
2023,5,5,int,m,153,0,4,10,11,14
2023,5,6,int,m,140,0,1,6,9,12
2023,5,7,int,m,150,0,5,4,6,4
2023,5,8,int,m,144,0,2,6,10,6
2023,5,9,int,m,143,0,1,11,8,9
2023,5,10,int,m,134,0,3,8,7,6
2023,5,11,int,m,149,0,3,9,8,4
2023,5,12,int,m,153,0,3,7,9,8
2023,5,13,int,m,133,0,3,13,5,8
2023,5,14,int,m,143,0,0,9,15,3
2023,5,15,int,m,139,0,0,7,12,10
2023,5,16,int,m,113,0,0,7,4,6
2023,5,17,int,m,131,0,8,5,13,9
2023,5,18,int,m,116,0,2,5,22,7
2023,5,19,int,m,108,0,3,13,16,12
2023,5,20,int,m,127,0,4,23,11,14
2023,5,21,int,m,124,0,7,23,18,8
2023,5,22,int,m,113,0,10,20,21,16
2023,5,23,int,m,141,0,12,35,29,31
2023,5,24,int,m,145,0,12,34,39,33
2023,5,25,int,m,140,0,15,34,33,30
2023,5,26,int,m,182,0,16,41,34,39
2023,5,27,int,m,183,0,17,45,35,35
2023,5,28,int,m,184,0,18,43,30,31
2023,5,29,int,m,173,0,23,39,38,43
2023,5,30,int,m,252,0,18,33,37,44
2023,5,31,int,m,226,0,15,33,33,44
2023,5,32,int,m,259,0,25,36,35,36
2023,5,33,int,m,273,0,20,36,37,37
2023,5,34,int,m,282,0,27,38,37,33
2023,5,35,int,m,313,0,20,24,41,41
2023,5,36,int,m,301,0,27,29,36,35
2023,5,37,int,m,312,0,21,39,32,31
2023,5,38,int,m,317,0,21,24,28,37
2023,5,39,int,m,366,0,29,28,27,37
2023,5,40,int,m,325,0,22,20,29,25
2023,5,41,int,m,335,0,12,31,27,21
2023,5,42,int,m,338,0,19,22,37,24
2023,5,43,int,m,326,0,15,28,29,29
2023,5,44,int,m,342,0,21,24,25,34
2023,5,45,int,m,330,0,13,26,10,14
2023,5,46,int,m,278,0,12,14,24,22
2023,5,47,int,m,307,0,14,18,13,15
2023,5,48,int,m,274,0,9,18,21,22
2023,5,49,int,m,262,0,12,22,17,19
2023,5,50,int,m,265,0,9,19,17,11
2023,5,51,int,m,295,0,5,12,15,17
2023,5,52,int,m,238,0,10,16,20,10
2023,5,53,int,m,257,0,3,14,13,11
2023,5,54,int,m,256,0,8,9,16,11
2023,5,55,int,m,255,0,7,8,15,12
2023,5,56,int,m,267,0,6,6,12,15
2023,5,57,int,m,288,0,7,11,18,10
2023,5,58,int,m,244,0,3,7,5,6
2023,5,59,int,m,215,0,6,6,10,8
2023,5,60,int,m,207,0,6,8,6,6
2023,5,61,int,m,186,0,3,3,6,8
2023,5,62,int,m,165,0,2,3,7,8
2023,5,63,int,m,151,0,5,8,9,8
2023,5,64,int,m,130,0,1,1,4,8
2023,5,65,int,m,123,0,1,4,4,3
2023,5,66,int,m,96,0,2,1,4,5
2023,5,67,int,m,76,0,0,0,4,1
2023,5,68,int,m,59,0,2,0,3,2
2023,5,69,int,m,54,0,0,0,5,3
2023,5,70,int,m,43,0,0,3,3,0
2023,5,71,int,m,55,0,1,1,2,4
2023,5,72,int,m,41,0,0,0,4,1
2023,5,73,int,m,49,0,0,0,0,2
2023,5,74,int,m,41,0,0,1,0,0
2023,5,75,int,m,51,0,0,1,1,2
2023,5,76,int,m,41,0,0,0,1,0
2023,5,77,int,m,46,0,0,1,0,2
2023,5,78,int,m,25,0,0,0,2,0
2023,5,79,int,m,36,0,0,0,0,0
2023,5,80,int,m,42,0,0,0,0,1
2023,5,81,int,m,45,0,0,0,1,0
2023,5,82,int,m,27,0,0,0,0,1
2023,5,83,int,m,23,0,0,1,1,1
2023,5,84,int,m,32,0,0,0,2,0
2023,5,85,int,m,27,0,0,1,0,0
2023,5,86,int,m,16,0,0,0,0,1
2023,5,87,int,m,18,0,0,0,0,0
2023,5,88,int,m,11,0,0,0,0,0
2023,5,89,int,m,6,0,0,0,1,0
2023,5,90,int,m,6,0,0,0,0,1
2023,5,91,int,m,4,0,0,0,0,0
2023,5,92,int,m,4,0,0,0,0,0
2023,5,93,int,m,0,0,0,0,0,0
2023,5,94,int,m,0,0,0,0,0,0
2023,5,95,int,m,0,0,0,0,0,0
2023,5,96,int,m,1,0,0,0,0,0
2023,5,97,int,m,0,0,0,0,0,0
2023,5,98,int,m,0,0,0,0,0,0
2023,5,99,int,m,1,0,0,0,0,0
2023,5,100,int,m,0,0,0,0,0,0
2023,5,0,int,f,0,126,3,2,5,3
2023,5,1,int,f,113,0,8,11,11,7
2023,5,2,int,f,128,0,8,6,12,18
2023,5,3,int,f,145,0,7,11,10,11
2023,5,4,int,f,143,0,2,8,9,10
2023,5,5,int,f,142,0,6,9,7,4
2023,5,6,int,f,143,0,3,8,5,4
2023,5,7,int,f,135,0,2,9,7,10
2023,5,8,int,f,120,0,3,9,6,6
2023,5,9,int,f,144,0,7,11,7,8
2023,5,10,int,f,114,0,2,7,6,8
2023,5,11,int,f,120,0,0,12,8,7
2023,5,12,int,f,126,0,0,9,6,6
2023,5,13,int,f,129,0,1,15,6,3
2023,5,14,int,f,112,0,0,3,4,4
2023,5,15,int,f,111,0,4,7,12,7
2023,5,16,int,f,103,0,0,8,7,2
2023,5,17,int,f,107,0,2,8,8,9
2023,5,18,int,f,113,0,3,5,9,17
2023,5,19,int,f,89,0,5,8,9,9
2023,5,20,int,f,97,0,5,13,13,5
2023,5,21,int,f,80,0,5,17,13,11
2023,5,22,int,f,99,0,8,33,19,29
2023,5,23,int,f,91,0,8,27,17,11
2023,5,24,int,f,111,0,15,22,28,19
2023,5,25,int,f,114,0,17,31,25,25
2023,5,26,int,f,161,0,16,25,26,20
2023,5,27,int,f,169,0,9,29,21,28
2023,5,28,int,f,160,0,19,22,24,25
2023,5,29,int,f,185,0,11,25,28,26
2023,5,30,int,f,222,0,12,21,29,27
2023,5,31,int,f,207,0,16,26,21,24
2023,5,32,int,f,221,0,15,25,25,21
2023,5,33,int,f,253,0,15,16,25,23
2023,5,34,int,f,257,0,20,16,20,27
2023,5,35,int,f,262,0,20,18,31,28
2023,5,36,int,f,283,0,16,16,22,12
2023,5,37,int,f,294,0,15,17,27,20
2023,5,38,int,f,269,0,9,10,15,14
2023,5,39,int,f,271,0,20,11,25,22
2023,5,40,int,f,298,0,12,19,21,16
2023,5,41,int,f,279,0,12,14,18,15
2023,5,42,int,f,291,0,8,14,14,15
2023,5,43,int,f,273,0,12,14,18,17
2023,5,44,int,f,279,0,6,13,16,12
2023,5,45,int,f,273,0,6,18,13,17
2023,5,46,int,f,247,0,6,13,11,12
2023,5,47,int,f,222,0,5,12,18,17
2023,5,48,int,f,213,0,15,12,16,10
2023,5,49,int,f,235,0,1,7,10,11
2023,5,50,int,f,201,0,4,10,8,6
2023,5,51,int,f,232,0,2,10,10,9
2023,5,52,int,f,239,0,5,7,14,9
2023,5,53,int,f,184,0,6,10,11,8
2023,5,54,int,f,190,0,2,3,7,9
2023,5,55,int,f,174,0,4,9,9,13
2023,5,56,int,f,179,0,6,7,5,9
2023,5,57,int,f,218,0,3,7,8,13
2023,5,58,int,f,161,0,1,1,5,6
2023,5,59,int,f,164,0,1,8,5,5
2023,5,60,int,f,136,0,7,3,6,1
2023,5,61,int,f,132,0,2,2,6,2
2023,5,62,int,f,109,0,3,4,4,4
2023,5,63,int,f,95,0,0,3,11,8
2023,5,64,int,f,78,0,2,2,5,3
2023,5,65,int,f,76,0,0,2,3,4
2023,5,66,int,f,69,0,1,3,3,3
2023,5,67,int,f,62,0,1,0,3,1
2023,5,68,int,f,53,0,0,1,1,1
2023,5,69,int,f,47,0,1,2,1,0
2023,5,70,int,f,42,0,0,1,2,2
2023,5,71,int,f,42,0,2,0,1,2
2023,5,72,int,f,28,0,0,0,0,1
2023,5,73,int,f,29,0,0,3,1,2
2023,5,74,int,f,34,0,0,1,0,1
2023,5,75,int,f,36,0,0,0,0,2
2023,5,76,int,f,29,0,0,1,1,2
2023,5,77,int,f,34,0,0,1,0,0
2023,5,78,int,f,30,0,1,1,1,0
2023,5,79,int,f,33,0,0,2,0,1
2023,5,80,int,f,19,0,0,0,0,1
2023,5,81,int,f,15,0,0,2,2,0
2023,5,82,int,f,25,0,0,0,1,1
2023,5,83,int,f,33,0,0,0,0,1
2023,5,84,int,f,28,0,0,0,0,0
2023,5,85,int,f,18,0,0,0,0,0
2023,5,86,int,f,12,0,1,0,0,1
2023,5,87,int,f,13,0,0,2,0,1
2023,5,88,int,f,10,0,0,1,0,0
2023,5,89,int,f,3,0,0,0,0,0
2023,5,90,int,f,5,0,0,0,0,1
2023,5,91,int,f,7,0,0,0,0,1
2023,5,92,int,f,3,0,0,0,0,0
2023,5,93,int,f,3,0,0,0,0,0
2023,5,94,int,f,1,0,0,0,0,0
2023,5,95,int,f,2,0,0,0,0,0
2023,5,96,int,f,0,0,0,0,0,0
2023,5,97,int,f,0,0,0,0,0,0
2023,5,98,int,f,0,0,0,0,0,0
2023,5,99,int,f,1,0,0,0,0,0
2023,5,100,int,f,0,0,0,0,0,0
2024,5,0,ch,m,0,510,11,0,24,24
2024,5,1,ch,m,549,0,19,2,45,33
2024,5,2,ch,m,602,0,17,2,35,34
2024,5,3,ch,m,681,0,13,0,33,28
2024,5,4,ch,m,704,0,11,0,28,24
2024,5,5,ch,m,725,0,11,2,27,16
2024,5,6,ch,m,708,0,7,0,14,13
2024,5,7,ch,m,741,0,9,0,14,17
2024,5,8,ch,m,693,0,10,1,9,9
2024,5,9,ch,m,759,0,10,1,9,12
2024,5,10,ch,m,714,0,9,1,10,7
2024,5,11,ch,m,714,0,4,0,6,10
2024,5,12,ch,m,704,0,3,0,10,15
2024,5,13,ch,m,723,0,5,0,5,6
2024,5,14,ch,m,738,0,1,2,18,15
2024,5,15,ch,m,699,0,4,0,11,9
2024,5,16,ch,m,658,0,8,1,12,11
2024,5,17,ch,m,659,0,7,5,11,13
2024,5,18,ch,m,652,0,5,2,20,17
2024,5,19,ch,m,727,0,11,0,14,12
2024,5,20,ch,m,643,0,9,0,30,22
2024,5,21,ch,m,670,0,8,3,17,34
2024,5,22,ch,m,711,0,22,2,36,54
2024,5,23,ch,m,654,0,19,0,51,58
2024,5,24,ch,m,694,0,15,3,71,71
2024,5,25,ch,m,639,0,34,1,64,67
2024,5,26,ch,m,607,0,36,1,63,85
2024,5,27,ch,m,620,0,30,3,62,74
2024,5,28,ch,m,602,0,29,2,75,80
2024,5,29,ch,m,584,0,32,0,66,65
2024,5,30,ch,m,543,0,29,3,74,59
2024,5,31,ch,m,633,0,22,1,68,65
2024,5,32,ch,m,657,0,26,4,73,62
2024,5,33,ch,m,692,0,33,3,66,43
2024,5,34,ch,m,691,0,22,1,62,53
2024,5,35,ch,m,711,0,28,3,61,50
2024,5,36,ch,m,726,0,24,2,57,41
2024,5,37,ch,m,769,0,27,1,50,39
2024,5,38,ch,m,756,0,29,1,49,37
2024,5,39,ch,m,779,0,17,3,33,36
2024,5,40,ch,m,785,0,12,1,38,30
2024,5,41,ch,m,806,0,16,2,24,20
2024,5,42,ch,m,816,0,19,1,33,21
2024,5,43,ch,m,821,0,14,1,26,19
2024,5,44,ch,m,868,0,10,1,21,27
2024,5,45,ch,m,802,0,12,1,27,31
2024,5,46,ch,m,796,0,14,0,23,29
2024,5,47,ch,m,814,0,6,2,17,26
2024,5,48,ch,m,746,0,10,1,11,8
2024,5,49,ch,m,778,0,9,0,21,18
2024,5,50,ch,m,819,0,15,1,31,20
2024,5,51,ch,m,849,0,11,1,23,15
2024,5,52,ch,m,944,0,9,2,23,18
2024,5,53,ch,m,947,0,12,3,24,25
2024,5,54,ch,m,1024,0,9,2,27,22
2024,5,55,ch,m,1045,0,8,1,23,24
2024,5,56,ch,m,1081,0,9,1,27,15
2024,5,57,ch,m,1121,0,7,1,16,26
2024,5,58,ch,m,1111,0,11,1,25,28
2024,5,59,ch,m,1164,0,8,1,23,29
2024,5,60,ch,m,1153,0,17,1,22,21
2024,5,61,ch,m,1117,0,8,1,14,15
2024,5,62,ch,m,1112,0,10,0,14,13
2024,5,63,ch,m,1046,0,12,1,15,12
2024,5,64,ch,m,1011,0,14,0,14,20
2024,5,65,ch,m,1045,0,7,2,15,16
2024,5,66,ch,m,968,0,8,1,20,18
2024,5,67,ch,m,964,0,5,1,9,11
2024,5,68,ch,m,895,0,6,2,11,8
2024,5,69,ch,m,867,0,7,0,7,9
2024,5,70,ch,m,830,0,6,0,5,9
2024,5,71,ch,m,796,0,0,2,10,8
2024,5,72,ch,m,773,0,2,1,8,11
2024,5,73,ch,m,699,0,10,1,5,4
2024,5,74,ch,m,707,0,2,0,9,11
2024,5,75,ch,m,646,0,2,1,6,4
2024,5,76,ch,m,678,0,0,1,3,9
2024,5,77,ch,m,630,0,3,0,1,13
2024,5,78,ch,m,593,0,2,1,6,6
2024,5,79,ch,m,507,0,2,1,3,5
2024,5,80,ch,m,520,0,1,0,3,8
2024,5,81,ch,m,474,0,1,0,3,8
2024,5,82,ch,m,370,0,1,0,2,5
2024,5,83,ch,m,372,0,0,0,1,4
2024,5,84,ch,m,270,0,2,0,2,6
2024,5,85,ch,m,231,0,1,0,1,2
2024,5,86,ch,m,224,0,2,0,2,4
2024,5,87,ch,m,200,0,1,0,0,3
2024,5,88,ch,m,152,0,0,0,0,2
2024,5,89,ch,m,149,0,0,0,1,5
2024,5,90,ch,m,132,0,0,0,0,3
2024,5,91,ch,m,86,0,1,0,1,1
2024,5,92,ch,m,76,0,0,0,2,1
2024,5,93,ch,m,59,0,0,0,0,1
2024,5,94,ch,m,46,0,0,0,1,2
2024,5,95,ch,m,27,0,0,0,0,1
2024,5,96,ch,m,14,0,0,0,0,0
2024,5,97,ch,m,13,0,1,0,0,0
2024,5,98,ch,m,9,0,0,0,0,1
2024,5,99,ch,m,11,0,0,0,0,1
2024,5,100,ch,m,8,0,0,0,0,0
2024,5,0,ch,f,0,494,16,0,13,8
2024,5,1,ch,f,531,0,15,1,44,29
2024,5,2,ch,f,595,0,23,2,40,22
2024,5,3,ch,f,682,0,19,1,37,25
2024,5,4,ch,f,657,0,5,3,24,21
2024,5,5,ch,f,665,0,6,2,19,18
2024,5,6,ch,f,717,0,5,0,15,12
2024,5,7,ch,f,647,0,3,0,12,13
2024,5,8,ch,f,700,0,4,0,16,14
2024,5,9,ch,f,706,0,7,0,8,9
2024,5,10,ch,f,690,0,6,1,9,15
2024,5,11,ch,f,694,0,8,0,4,10
2024,5,12,ch,f,668,0,2,0,12,6
2024,5,13,ch,f,679,0,3,1,10,18
2024,5,14,ch,f,672,0,6,0,17,13
2024,5,15,ch,f,641,0,3,1,9,9
2024,5,16,ch,f,648,0,2,2,14,17
2024,5,17,ch,f,659,0,4,0,10,13
2024,5,18,ch,f,648,0,10,0,12,18
2024,5,19,ch,f,616,0,12,1,20,23
2024,5,20,ch,f,632,0,13,0,26,40
2024,5,21,ch,f,630,0,16,2,48,59
2024,5,22,ch,f,642,0,19,3,50,59
2024,5,23,ch,f,591,0,31,1,57,62
2024,5,24,ch,f,568,0,38,2,79,68
2024,5,25,ch,f,584,0,28,2,77,84
2024,5,26,ch,f,527,0,46,1,67,85
2024,5,27,ch,f,571,0,36,1,81,77
2024,5,28,ch,f,556,0,29,1,88,93
2024,5,29,ch,f,545,0,50,1,80,51
2024,5,30,ch,f,584,0,47,4,79,60
2024,5,31,ch,f,609,0,42,3,75,61
2024,5,32,ch,f,692,0,40,1,76,58
2024,5,33,ch,f,678,0,38,0,53,51
2024,5,34,ch,f,699,0,29,1,64,49
2024,5,35,ch,f,742,0,26,1,51,45
2024,5,36,ch,f,758,0,22,1,35,36
2024,5,37,ch,f,775,0,14,3,46,36
2024,5,38,ch,f,816,0,13,1,42,36
2024,5,39,ch,f,798,0,20,1,28,33
2024,5,40,ch,f,858,0,9,0,29,35
2024,5,41,ch,f,884,0,20,1,35,19
2024,5,42,ch,f,834,0,13,1,19,17
2024,5,43,ch,f,895,0,12,0,18,24
2024,5,44,ch,f,852,0,10,2,23,25
2024,5,45,ch,f,840,0,14,1,23,29
2024,5,46,ch,f,777,0,11,0,11,15
2024,5,47,ch,f,766,0,9,1,14,8
2024,5,48,ch,f,824,0,9,1,21,20
2024,5,49,ch,f,782,0,8,1,27,27
2024,5,50,ch,f,829,0,9,1,16,14
2024,5,51,ch,f,871,0,6,0,19,17
2024,5,52,ch,f,894,0,11,1,17,21
2024,5,53,ch,f,970,0,10,0,36,26
2024,5,54,ch,f,1000,0,10,1,20,19
2024,5,55,ch,f,1062,0,17,1,22,31
2024,5,56,ch,f,1137,0,11,0,28,33
2024,5,57,ch,f,1137,0,13,1,17,14
2024,5,58,ch,f,1168,0,18,1,19,21
2024,5,59,ch,f,1208,0,8,3,21,22
2024,5,60,ch,f,1182,0,7,2,34,30
2024,5,61,ch,f,1123,0,13,2,28,23
2024,5,62,ch,f,1104,0,9,0,17,19
2024,5,63,ch,f,1089,0,9,0,13,16
2024,5,64,ch,f,1080,0,11,1,14,22
2024,5,65,ch,f,993,0,8,0,12,13
2024,5,66,ch,f,982,0,11,0,13,9
2024,5,67,ch,f,1002,0,7,1,14,10
2024,5,68,ch,f,943,0,4,0,12,14
2024,5,69,ch,f,848,0,7,0,14,8
2024,5,70,ch,f,835,0,3,0,14,14
2024,5,71,ch,f,801,0,5,0,10,10
2024,5,72,ch,f,787,0,4,0,9,17
2024,5,73,ch,f,744,0,3,0,6,6
2024,5,74,ch,f,679,0,3,0,5,5
2024,5,75,ch,f,673,0,3,0,4,10
2024,5,76,ch,f,667,0,4,2,3,11
2024,5,77,ch,f,596,0,2,0,3,16
2024,5,78,ch,f,575,0,2,0,4,8
2024,5,79,ch,f,562,0,2,0,2,10
2024,5,80,ch,f,499,0,0,1,3,7
2024,5,81,ch,f,476,0,0,1,3,5
2024,5,82,ch,f,430,0,0,1,2,1
2024,5,83,ch,f,371,0,0,0,3,5
2024,5,84,ch,f,339,0,2,0,5,4
2024,5,85,ch,f,317,0,2,0,3,8
2024,5,86,ch,f,277,0,1,0,0,5
2024,5,87,ch,f,242,0,0,0,0,2
2024,5,88,ch,f,223,0,0,1,0,5
2024,5,89,ch,f,204,0,1,0,5,4
2024,5,90,ch,f,192,0,0,0,1,2
2024,5,91,ch,f,154,0,1,0,0,0
2024,5,92,ch,f,117,0,1,0,1,5
2024,5,93,ch,f,92,0,0,0,0,1
2024,5,94,ch,f,71,0,0,1,2,1
2024,5,95,ch,f,63,0,0,0,1,2
2024,5,96,ch,f,39,0,0,0,0,0
2024,5,97,ch,f,39,0,0,0,0,0
2024,5,98,ch,f,29,0,0,0,0,0
2024,5,99,ch,f,19,0,0,0,1,1
2024,5,100,ch,f,29,0,0,0,0,0
2024,5,0,int,m,0,101,6,2,4,3
2024,5,1,int,m,130,0,8,7,9,14
2024,5,2,int,m,158,0,13,4,14,11
2024,5,3,int,m,159,0,4,7,15,14
2024,5,4,int,m,143,0,7,11,9,11
2024,5,5,int,m,155,0,2,9,10,9
2024,5,6,int,m,155,0,1,12,8,11
2024,5,7,int,m,141,0,3,10,6,2
2024,5,8,int,m,155,0,6,6,5,7
2024,5,9,int,m,154,0,3,12,7,5
2024,5,10,int,m,158,0,1,3,4,3
2024,5,11,int,m,151,0,4,11,6,10
2024,5,12,int,m,159,0,7,7,11,9
2024,5,13,int,m,164,0,2,4,7,5
2024,5,14,int,m,138,0,2,8,10,7
2024,5,15,int,m,156,0,1,10,6,6
2024,5,16,int,m,148,0,0,6,10,5
2024,5,17,int,m,116,0,1,5,11,6
2024,5,18,int,m,149,0,4,8,37,9
2024,5,19,int,m,137,0,4,12,22,11
2024,5,20,int,m,122,0,5,22,15,8
2024,5,21,int,m,142,0,9,18,15,11
2024,5,22,int,m,150,0,14,24,15,21
2024,5,23,int,m,133,0,13,32,33,20
2024,5,24,int,m,163,0,15,34,29,26
2024,5,25,int,m,181,0,15,32,32,38
2024,5,26,int,m,162,0,16,29,31,31
2024,5,27,int,m,206,0,21,26,34,37
2024,5,28,int,m,218,0,28,33,46,46
2024,5,29,int,m,222,0,26,33,46,46
2024,5,30,int,m,211,0,13,28,42,33
2024,5,31,int,m,254,0,23,23,52,39
2024,5,32,int,m,241,0,24,34,40,38
2024,5,33,int,m,290,0,24,34,32,31
2024,5,34,int,m,294,0,19,41,24,31
2024,5,35,int,m,316,0,19,34,34,29
2024,5,36,int,m,321,0,16,23,29,33
2024,5,37,int,m,343,0,23,26,38,30
2024,5,38,int,m,341,0,26,22,33,32
2024,5,39,int,m,335,0,15,23,28,25
2024,5,40,int,m,383,0,17,17,30,26
2024,5,41,int,m,337,0,16,21,28,30
2024,5,42,int,m,339,0,17,20,26,28
2024,5,43,int,m,369,0,21,24,24,23
2024,5,44,int,m,340,0,17,24,33,17
2024,5,45,int,m,351,0,12,14,28,26
2024,5,46,int,m,340,0,7,20,20,22
2024,5,47,int,m,287,0,10,16,19,24
2024,5,48,int,m,307,0,10,15,13,16
2024,5,49,int,m,274,0,15,19,27,11
2024,5,50,int,m,270,0,10,13,21,22
2024,5,51,int,m,280,0,12,19,19,13
2024,5,52,int,m,297,0,8,17,20,12
2024,5,53,int,m,254,0,9,9,10,9
2024,5,54,int,m,250,0,8,11,12,11
2024,5,55,int,m,259,0,9,5,15,8
2024,5,56,int,m,258,0,8,9,8,8
2024,5,57,int,m,262,0,2,7,11,7
2024,5,58,int,m,296,0,9,7,10,10
2024,5,59,int,m,246,0,7,3,8,10
2024,5,60,int,m,214,0,5,2,7,2
2024,5,61,int,m,208,0,2,1,9,8
2024,5,62,int,m,182,0,0,2,16,6
2024,5,63,int,m,157,0,2,7,3,5
2024,5,64,int,m,152,0,4,1,6,6
2024,5,65,int,m,117,0,3,2,4,7
2024,5,66,int,m,115,0,1,0,1,0
2024,5,67,int,m,94,0,2,1,1,4
2024,5,68,int,m,75,0,2,0,1,2
2024,5,69,int,m,62,0,3,0,3,4
2024,5,70,int,m,56,0,0,0,3,2
2024,5,71,int,m,48,0,0,0,2,1
2024,5,72,int,m,49,0,0,0,0,2
2024,5,73,int,m,41,0,0,0,0,1
2024,5,74,int,m,46,0,0,0,1,1
2024,5,75,int,m,42,0,0,1,0,1
2024,5,76,int,m,48,0,0,0,0,3
2024,5,77,int,m,40,0,0,1,1,0
2024,5,78,int,m,41,0,0,0,1,1
2024,5,79,int,m,27,0,0,0,0,0
2024,5,80,int,m,35,0,0,0,1,1
2024,5,81,int,m,39,0,0,0,0,1
2024,5,82,int,m,43,0,1,0,0,0
2024,5,83,int,m,24,0,0,1,0,0
2024,5,84,int,m,21,0,0,0,2,1
2024,5,85,int,m,33,0,0,0,0,0
2024,5,86,int,m,25,0,0,0,1,1
2024,5,87,int,m,12,0,0,0,0,0
2024,5,88,int,m,18,0,0,0,0,0
2024,5,89,int,m,10,0,0,0,0,0
2024,5,90,int,m,6,0,0,0,0,0
2024,5,91,int,m,4,0,0,0,0,1
2024,5,92,int,m,3,0,0,0,0,0
2024,5,93,int,m,4,0,0,0,0,0
2024,5,94,int,m,0,0,0,0,0,0
2024,5,95,int,m,0,0,0,0,0,0
2024,5,96,int,m,0,0,0,0,0,0
2024,5,97,int,m,1,0,0,0,0,1
2024,5,98,int,m,0,0,0,0,0,0
2024,5,99,int,m,0,0,0,0,0,0
2024,5,100,int,m,0,0,0,0,0,0
2024,5,0,int,f,0,118,4,0,4,3
2024,5,1,int,f,129,0,5,6,14,13
2024,5,2,int,f,135,0,4,15,14,12
2024,5,3,int,f,129,0,4,4,12,11
2024,5,4,int,f,159,0,5,10,11,9
2024,5,5,int,f,150,0,3,11,8,6
2024,5,6,int,f,157,0,8,9,5,8
2024,5,7,int,f,155,0,4,9,13,6
2024,5,8,int,f,149,0,5,9,8,8
2024,5,9,int,f,139,0,3,7,4,7
2024,5,10,int,f,160,0,2,6,3,6
2024,5,11,int,f,118,0,3,7,6,6
2024,5,12,int,f,147,0,0,5,10,7
2024,5,13,int,f,135,0,0,3,8,6
2024,5,14,int,f,142,0,1,7,9,9
2024,5,15,int,f,111,0,1,3,3,3
2024,5,16,int,f,134,0,1,4,6,8
2024,5,17,int,f,111,0,1,5,9,3
2024,5,18,int,f,113,0,6,5,9,7
2024,5,19,int,f,107,0,1,9,8,7
2024,5,20,int,f,96,0,7,10,15,6
2024,5,21,int,f,116,0,4,19,13,11
2024,5,22,int,f,100,0,10,22,14,15
2024,5,23,int,f,118,0,13,35,23,26
2024,5,24,int,f,119,0,9,26,30,23
2024,5,25,int,f,138,0,16,25,23,18
2024,5,26,int,f,149,0,17,32,27,25
2024,5,27,int,f,185,0,8,33,24,30
2024,5,28,int,f,176,0,18,31,24,25
2024,5,29,int,f,194,0,11,30,26,36
2024,5,30,int,f,208,0,18,21,29,24
2024,5,31,int,f,245,0,16,16,33,25
2024,5,32,int,f,230,0,6,29,16,23
2024,5,33,int,f,256,0,14,9,30,27
2024,5,34,int,f,266,0,8,8,15,16
2024,5,35,int,f,275,0,17,27,25,16
2024,5,36,int,f,298,0,13,24,26,21
2024,5,37,int,f,325,0,14,23,21,22
2024,5,38,int,f,323,0,15,21,18,19
2024,5,39,int,f,284,0,13,9,21,13
2024,5,40,int,f,304,0,9,7,10,11
2024,5,41,int,f,327,0,8,8,12,11
2024,5,42,int,f,302,0,6,22,17,18
2024,5,43,int,f,301,0,15,19,14,14
2024,5,44,int,f,296,0,7,10,22,21
2024,5,45,int,f,287,0,6,11,14,9
2024,5,46,int,f,283,0,6,9,20,13
2024,5,47,int,f,252,0,9,7,15,13
2024,5,48,int,f,236,0,6,10,10,18
2024,5,49,int,f,234,0,3,12,16,17
2024,5,50,int,f,235,0,9,10,13,9
2024,5,51,int,f,207,0,7,10,8,11
2024,5,52,int,f,236,0,4,7,12,12
2024,5,53,int,f,245,0,4,7,6,9
2024,5,54,int,f,198,0,5,4,17,7
2024,5,55,int,f,183,0,3,2,12,7
2024,5,56,int,f,179,0,6,10,11,7
2024,5,57,int,f,183,0,4,1,8,6
2024,5,58,int,f,210,0,4,5,9,7
2024,5,59,int,f,158,0,2,5,2,4
2024,5,60,int,f,171,0,2,1,9,9
2024,5,61,int,f,143,0,2,2,5,5
2024,5,62,int,f,133,0,2,1,10,3
2024,5,63,int,f,112,0,2,1,7,1
2024,5,64,int,f,107,0,0,4,7,8
2024,5,65,int,f,82,0,1,2,6,4
2024,5,66,int,f,76,0,2,1,5,6
2024,5,67,int,f,72,0,0,2,4,3
2024,5,68,int,f,63,0,1,2,3,3
2024,5,69,int,f,58,0,2,2,1,4
2024,5,70,int,f,54,0,0,4,1,1
2024,5,71,int,f,43,0,0,1,1,2
2024,5,72,int,f,41,0,0,0,0,0
2024,5,73,int,f,27,0,1,0,0,1
2024,5,74,int,f,35,0,0,2,1,0
2024,5,75,int,f,33,0,0,1,1,1
2024,5,76,int,f,38,0,0,0,0,1
2024,5,77,int,f,30,0,0,1,0,0
2024,5,78,int,f,34,0,0,0,0,0
2024,5,79,int,f,31,0,0,1,1,1
2024,5,80,int,f,32,0,0,0,1,1
2024,5,81,int,f,18,0,0,0,0,1
2024,5,82,int,f,19,0,1,1,1,0
2024,5,83,int,f,23,0,0,0,0,1
2024,5,84,int,f,29,0,0,0,0,0
2024,5,85,int,f,26,0,0,1,0,0
2024,5,86,int,f,20,0,0,0,0,0
2024,5,87,int,f,13,0,0,1,0,0
2024,5,88,int,f,14,0,0,0,1,0
2024,5,89,int,f,11,0,0,2,0,1
2024,5,90,int,f,3,0,0,0,0,0
2024,5,91,int,f,4,0,0,0,0,0
2024,5,92,int,f,5,0,0,0,0,0
2024,5,93,int,f,3,0,0,0,0,1
2024,5,94,int,f,3,0,0,0,0,0
2024,5,95,int,f,1,0,0,0,0,1
2024,5,96,int,f,1,0,0,0,0,0
2024,5,97,int,f,1,0,0,0,0,0
2024,5,98,int,f,0,0,0,0,0,0
2024,5,99,int,f,0,0,0,0,0,0
2024,5,100,int,f,1,0,0,0,0,0
2025,5,0,ch,m,0,472,9,0,26,20
2025,5,1,ch,m,515,0,23,2,47,27
2025,5,2,ch,m,566,0,15,1,34,27
2025,5,3,ch,m,613,0,8,0,31,26
2025,5,4,ch,m,684,0,18,1,17,16
2025,5,5,ch,m,702,0,16,0,34,24
2025,5,6,ch,m,736,0,14,0,17,17
2025,5,7,ch,m,710,0,9,1,18,14
2025,5,8,ch,m,735,0,5,2,15,16
2025,5,9,ch,m,704,0,3,1,12,12
2025,5,10,ch,m,762,0,5,1,11,10
2025,5,11,ch,m,724,0,3,3,10,19
2025,5,12,ch,m,710,0,2,1,11,11
2025,5,13,ch,m,704,0,3,3,12,5
2025,5,14,ch,m,726,0,2,1,13,12
2025,5,15,ch,m,748,0,1,1,8,12
2025,5,16,ch,m,710,0,5,1,12,14
2025,5,17,ch,m,664,0,5,0,16,12
2025,5,18,ch,m,670,0,5,2,11,11
2025,5,19,ch,m,660,0,5,3,13,17
2025,5,20,ch,m,731,0,9,0,17,18
2025,5,21,ch,m,647,0,13,1,24,20
2025,5,22,ch,m,660,0,12,2,34,41
2025,5,23,ch,m,687,0,20,1,49,52
2025,5,24,ch,m,649,0,20,5,66,74
2025,5,25,ch,m,688,0,27,3,73,77
2025,5,26,ch,m,631,0,13,0,78,75
2025,5,27,ch,m,583,0,30,0,76,91
2025,5,28,ch,m,606,0,24,0,64,76
2025,5,29,ch,m,586,0,27,0,81,57
2025,5,30,ch,m,579,0,28,3,70,71
2025,5,31,ch,m,567,0,29,2,66,56
2025,5,32,ch,m,632,0,28,4,79,64
2025,5,33,ch,m,674,0,24,2,68,61
2025,5,34,ch,m,712,0,38,4,86,68
2025,5,35,ch,m,704,0,27,4,69,44
2025,5,36,ch,m,734,0,16,0,47,42
2025,5,37,ch,m,749,0,19,1,42,36
2025,5,38,ch,m,795,0,26,1,35,29
2025,5,39,ch,m,787,0,14,0,36,35
2025,5,40,ch,m,784,0,18,3,43,24
2025,5,41,ch,m,798,0,9,0,46,34
2025,5,42,ch,m,815,0,8,2,43,26
2025,5,43,ch,m,838,0,17,0,39,35
2025,5,44,ch,m,842,0,10,3,19,24
2025,5,45,ch,m,858,0,9,4,19,19
2025,5,46,ch,m,804,0,12,1,25,22
2025,5,47,ch,m,800,0,10,1,28,28
2025,5,48,ch,m,799,0,9,1,27,23
2025,5,49,ch,m,746,0,9,1,21,12
2025,5,50,ch,m,792,0,6,1,16,20
2025,5,51,ch,m,837,0,9,0,14,18
2025,5,52,ch,m,860,0,11,4,23,20
2025,5,53,ch,m,948,0,8,2,15,13
2025,5,54,ch,m,943,0,11,2,19,17
2025,5,55,ch,m,1038,0,15,0,15,20
2025,5,56,ch,m,1044,0,10,0,22,28
2025,5,57,ch,m,1098,0,14,0,25,21
2025,5,58,ch,m,1099,0,14,0,30,20
2025,5,59,ch,m,1107,0,3,0,22,16
2025,5,60,ch,m,1153,0,9,0,19,19
2025,5,61,ch,m,1159,0,9,2,27,18
2025,5,62,ch,m,1106,0,8,2,13,14
2025,5,63,ch,m,1104,0,7,1,6,12
2025,5,64,ch,m,1048,0,5,1,17,8
2025,5,65,ch,m,1001,0,8,1,16,8
2025,5,66,ch,m,1025,0,9,1,15,12
2025,5,67,ch,m,961,0,4,1,14,15
2025,5,68,ch,m,950,0,6,0,13,17
2025,5,69,ch,m,882,0,4,1,9,14
2025,5,70,ch,m,851,0,3,0,10,14
2025,5,71,ch,m,817,0,8,1,6,8
2025,5,72,ch,m,779,0,6,3,5,11
2025,5,73,ch,m,760,0,4,0,9,11
2025,5,74,ch,m,701,0,0,0,10,6
2025,5,75,ch,m,693,0,5,0,8,9
2025,5,76,ch,m,631,0,1,0,4,9
2025,5,77,ch,m,652,0,1,1,4,10
2025,5,78,ch,m,603,0,1,1,1,5
2025,5,79,ch,m,574,0,1,1,2,6
2025,5,80,ch,m,489,0,6,0,2,5
2025,5,81,ch,m,487,0,1,0,3,10
2025,5,82,ch,m,446,0,1,1,3,3
2025,5,83,ch,m,350,0,0,0,2,2
2025,5,84,ch,m,359,0,1,0,3,7
2025,5,85,ch,m,248,0,0,0,2,6
2025,5,86,ch,m,217,0,1,0,4,2
2025,5,87,ch,m,206,0,1,0,1,1
2025,5,88,ch,m,177,0,0,0,0,1
2025,5,89,ch,m,130,0,0,0,0,1
2025,5,90,ch,m,120,0,2,0,1,0
2025,5,91,ch,m,108,0,0,0,0,1
2025,5,92,ch,m,73,0,0,0,0,2
2025,5,93,ch,m,64,0,0,0,0,2
2025,5,94,ch,m,45,0,0,0,0,0
2025,5,95,ch,m,40,0,0,0,0,1
2025,5,96,ch,m,20,0,1,0,0,0
2025,5,97,ch,m,8,0,0,0,0,0
2025,5,98,ch,m,10,0,0,0,0,0
2025,5,99,ch,m,7,0,0,0,0,0
2025,5,100,ch,m,11,0,0,0,0,1
2025,5,0,ch,f,0,503,10,0,22,8
2025,5,1,ch,f,506,0,11,0,48,34
2025,5,2,ch,f,552,0,20,3,31,24
2025,5,3,ch,f,623,0,19,0,40,35
2025,5,4,ch,f,704,0,14,4,27,27
2025,5,5,ch,f,658,0,15,2,25,19
2025,5,6,ch,f,670,0,8,0,14,15
2025,5,7,ch,f,722,0,9,1,7,14
2025,5,8,ch,f,644,0,7,1,12,6
2025,5,9,ch,f,707,0,10,1,13,9
2025,5,10,ch,f,711,0,3,0,7,14
2025,5,11,ch,f,697,0,6,1,13,10
2025,5,12,ch,f,686,0,1,1,12,12
2025,5,13,ch,f,679,0,4,2,16,17
2025,5,14,ch,f,675,0,6,2,10,10
2025,5,15,ch,f,682,0,4,1,13,12
2025,5,16,ch,f,641,0,4,2,11,13
2025,5,17,ch,f,645,0,2,0,12,16
2025,5,18,ch,f,659,0,9,1,10,15
2025,5,19,ch,f,646,0,7,3,22,22
2025,5,20,ch,f,617,0,5,2,28,31
2025,5,21,ch,f,610,0,23,0,46,48
2025,5,22,ch,f,608,0,24,1,50,52
2025,5,23,ch,f,626,0,20,4,67,64
2025,5,24,ch,f,595,0,34,1,65,62
2025,5,25,ch,f,580,0,35,2,68,86
2025,5,26,ch,f,550,0,28,3,74,81
2025,5,27,ch,f,509,0,26,4,87,67
2025,5,28,ch,f,580,0,32,3,87,83
2025,5,29,ch,f,550,0,44,2,69,51
2025,5,30,ch,f,586,0,27,5,79,67
2025,5,31,ch,f,618,0,19,0,81,69
2025,5,32,ch,f,640,0,33,2,61,59
2025,5,33,ch,f,721,0,37,2,61,48
2025,5,34,ch,f,701,0,24,0,50,40
2025,5,35,ch,f,720,0,22,1,59,45
2025,5,36,ch,f,757,0,24,3,59,41
2025,5,37,ch,f,771,0,28,0,41,26
2025,5,38,ch,f,790,0,21,4,38,32
2025,5,39,ch,f,831,0,16,1,34,32
2025,5,40,ch,f,801,0,14,2,34,40
2025,5,41,ch,f,853,0,9,2,25,23
2025,5,42,ch,f,913,0,11,1,30,22
2025,5,43,ch,f,845,0,12,5,22,16
2025,5,44,ch,f,898,0,15,0,29,23
2025,5,45,ch,f,854,0,14,0,21,27
2025,5,46,ch,f,840,0,6,0,19,25
2025,5,47,ch,f,778,0,6,1,25,17
2025,5,48,ch,f,780,0,9,2,14,14
2025,5,49,ch,f,824,0,12,1,27,17
2025,5,50,ch,f,785,0,6,2,17,15
2025,5,51,ch,f,842,0,8,1,14,18
2025,5,52,ch,f,875,0,7,1,21,17
2025,5,53,ch,f,895,0,9,0,24,21
2025,5,54,ch,f,980,0,10,0,19,16
2025,5,55,ch,f,1002,0,11,1,29,28
2025,5,56,ch,f,1060,0,5,0,29,25
2025,5,57,ch,f,1124,0,13,1,20,18
2025,5,58,ch,f,1133,0,12,1,34,32
2025,5,59,ch,f,1172,0,14,1,25,20
2025,5,60,ch,f,1199,0,11,0,20,21
2025,5,61,ch,f,1175,0,11,0,27,34
2025,5,62,ch,f,1128,0,10,0,11,21
2025,5,63,ch,f,1093,0,6,2,16,17
2025,5,64,ch,f,1077,0,10,0,10,16
2025,5,65,ch,f,1067,0,6,2,22,14
2025,5,66,ch,f,985,0,11,0,19,14
2025,5,67,ch,f,982,0,4,1,8,11
2025,5,68,ch,f,997,0,4,2,14,12
2025,5,69,ch,f,928,0,5,0,17,17
2025,5,70,ch,f,853,0,2,1,10,9
2025,5,71,ch,f,818,0,1,1,7,11
2025,5,72,ch,f,793,0,3,1,10,9
2025,5,73,ch,f,769,0,3,1,2,7
2025,5,74,ch,f,735,0,2,0,7,8
2025,5,75,ch,f,673,0,7,1,3,7
2025,5,76,ch,f,661,0,1,0,4,10
2025,5,77,ch,f,653,0,5,1,1,9
2025,5,78,ch,f,571,0,3,0,5,6
2025,5,79,ch,f,567,0,1,0,5,8
2025,5,80,ch,f,537,0,1,0,4,3
2025,5,81,ch,f,485,0,1,1,3,7
2025,5,82,ch,f,460,0,2,1,1,3
2025,5,83,ch,f,415,0,0,1,6,6
2025,5,84,ch,f,349,0,0,0,3,3
2025,5,85,ch,f,320,0,1,0,3,13
2025,5,86,ch,f,301,0,0,0,1,4
2025,5,87,ch,f,248,0,0,0,1,2
2025,5,88,ch,f,222,0,1,0,0,1
2025,5,89,ch,f,197,0,0,0,6,3
2025,5,90,ch,f,189,0,1,0,1,3
2025,5,91,ch,f,170,0,0,0,1,2
2025,5,92,ch,f,142,0,1,0,1,4
2025,5,93,ch,f,91,0,2,0,1,2
2025,5,94,ch,f,74,0,0,0,1,0
2025,5,95,ch,f,59,0,0,0,0,0
2025,5,96,ch,f,48,0,0,0,1,0
2025,5,97,ch,f,32,0,0,0,0,0
2025,5,98,ch,f,29,0,0,0,0,2
2025,5,99,ch,f,24,0,0,0,0,0
2025,5,100,ch,f,26,0,0,0,0,0
2025,5,0,int,m,0,106,2,4,6,4
2025,5,1,int,m,104,0,7,8,12,12
2025,5,2,int,m,148,0,2,9,19,14
2025,5,3,int,m,161,0,6,6,11,6
2025,5,4,int,m,160,0,2,8,7,12
2025,5,5,int,m,146,0,3,4,10,11
2025,5,6,int,m,157,0,0,10,11,14
2025,5,7,int,m,152,0,3,13,6,4
2025,5,8,int,m,151,0,0,9,5,6
2025,5,9,int,m,153,0,3,4,14,9
2025,5,10,int,m,166,0,2,7,7,7
2025,5,11,int,m,158,0,3,4,8,3
2025,5,12,int,m,155,0,2,7,6,4
2025,5,13,int,m,166,0,3,6,10,11
2025,5,14,int,m,159,0,3,7,5,7
2025,5,15,int,m,136,0,1,4,4,11
2025,5,16,int,m,156,0,1,8,6,4
2025,5,17,int,m,150,0,1,4,8,7
2025,5,18,int,m,116,0,2,6,7,7
2025,5,19,int,m,180,0,1,15,17,13
2025,5,20,int,m,156,0,6,9,12,17
2025,5,21,int,m,139,0,7,13,30,18
2025,5,22,int,m,145,0,9,20,17,13
2025,5,23,int,m,164,0,13,35,26,28
2025,5,24,int,m,158,0,14,35,29,32
2025,5,25,int,m,188,0,12,40,40,31
2025,5,26,int,m,194,0,27,31,40,40
2025,5,27,int,m,176,0,19,33,44,29
2025,5,28,int,m,229,0,19,37,47,46
2025,5,29,int,m,252,0,21,36,44,46
2025,5,30,int,m,259,0,23,27,38,43
2025,5,31,int,m,222,0,18,35,28,26
2025,5,32,int,m,277,0,27,31,38,42
2025,5,33,int,m,256,0,24,24,38,26
2025,5,34,int,m,312,0,21,29,38,39
2025,5,35,int,m,320,0,25,27,30,40
2025,5,36,int,m,335,0,29,34,34,33
2025,5,37,int,m,324,0,23,28,45,33
2025,5,38,int,m,361,0,17,23,31,31
2025,5,39,int,m,359,0,12,26,38,25
2025,5,40,int,m,342,0,8,17,28,17
2025,5,41,int,m,382,0,13,24,32,17
2025,5,42,int,m,331,0,25,19,29,28
2025,5,43,int,m,350,0,19,19,26,30
2025,5,44,int,m,375,0,11,17,22,25
2025,5,45,int,m,359,0,20,24,28,24
2025,5,46,int,m,354,0,12,21,17,12
2025,5,47,int,m,337,0,13,16,25,22
2025,5,48,int,m,282,0,14,10,16,19
2025,5,49,int,m,303,0,7,14,19,17
2025,5,50,int,m,295,0,10,23,16,17
2025,5,51,int,m,270,0,8,8,16,10
2025,5,52,int,m,294,0,7,8,21,19
2025,5,53,int,m,316,0,5,11,20,24
2025,5,54,int,m,260,0,8,10,13,14
2025,5,55,int,m,247,0,9,11,11,4
2025,5,56,int,m,270,0,7,11,14,11
2025,5,57,int,m,262,0,7,10,18,14
2025,5,58,int,m,261,0,6,2,8,8
2025,5,59,int,m,293,0,4,7,13,5
2025,5,60,int,m,236,0,5,5,13,4
2025,5,61,int,m,210,0,3,3,10,6
2025,5,62,int,m,199,0,3,7,9,4
2025,5,63,int,m,183,0,1,2,3,4
2025,5,64,int,m,147,0,3,3,11,2
2025,5,65,int,m,143,0,2,1,7,6
2025,5,66,int,m,103,0,4,1,4,3
2025,5,67,int,m,104,0,2,1,3,4
2025,5,68,int,m,89,0,1,1,2,3
2025,5,69,int,m,75,0,1,2,1,2
2025,5,70,int,m,63,0,0,1,1,2
2025,5,71,int,m,53,0,1,0,2,1
2025,5,72,int,m,47,0,1,1,0,0
2025,5,73,int,m,46,0,1,1,0,0
2025,5,74,int,m,39,0,0,0,1,0
2025,5,75,int,m,45,0,0,0,0,3
2025,5,76,int,m,37,0,1,0,1,2
2025,5,77,int,m,44,0,1,1,1,0
2025,5,78,int,m,40,0,0,0,1,1
2025,5,79,int,m,41,0,0,1,1,0
2025,5,80,int,m,26,0,0,0,2,3
2025,5,81,int,m,31,0,0,0,0,1
2025,5,82,int,m,36,0,0,0,0,1
2025,5,83,int,m,39,0,0,1,0,0
2025,5,84,int,m,22,0,0,0,0,0
2025,5,85,int,m,20,0,0,0,1,0
2025,5,86,int,m,30,0,0,0,0,1
2025,5,87,int,m,24,0,0,0,1,1
2025,5,88,int,m,10,0,0,0,1,0
2025,5,89,int,m,18,0,0,0,0,0
2025,5,90,int,m,10,0,0,0,0,0
2025,5,91,int,m,6,0,0,0,0,0
2025,5,92,int,m,3,0,0,0,0,0
2025,5,93,int,m,2,0,0,0,0,0
2025,5,94,int,m,2,0,0,0,0,0
2025,5,95,int,m,0,0,0,0,0,0
2025,5,96,int,m,0,0,0,0,0,0
2025,5,97,int,m,0,0,0,0,0,0
2025,5,98,int,m,0,0,0,0,0,0
2025,5,99,int,m,0,0,0,0,0,0
2025,5,100,int,m,0,0,0,0,0,0
2025,5,0,int,f,0,84,1,2,8,3
2025,5,1,int,f,121,0,8,6,13,13
2025,5,2,int,f,138,0,5,7,14,18
2025,5,3,int,f,146,0,6,12,15,8
2025,5,4,int,f,137,0,4,8,12,9
2025,5,5,int,f,167,0,5,9,10,8
2025,5,6,int,f,154,0,7,7,12,8
2025,5,7,int,f,164,0,2,6,6,10
2025,5,8,int,f,169,0,2,8,2,7
2025,5,9,int,f,149,0,3,5,9,4
2025,5,10,int,f,142,0,2,9,5,9
2025,5,11,int,f,157,0,1,10,6,11
2025,5,12,int,f,125,0,1,9,7,8
2025,5,13,int,f,149,0,1,2,11,9
2025,5,14,int,f,132,0,1,9,9,7
2025,5,15,int,f,145,0,1,4,7,3
2025,5,16,int,f,112,0,3,3,11,2
2025,5,17,int,f,128,0,2,5,6,4
2025,5,18,int,f,122,0,1,7,9,10
2025,5,19,int,f,115,0,3,8,12,10
2025,5,20,int,f,110,0,2,17,4,6
2025,5,21,int,f,117,0,7,18,10,13
2025,5,22,int,f,128,0,7,17,11,17
2025,5,23,int,f,118,0,7,21,12,20
2025,5,24,int,f,145,0,5,21,27,30
2025,5,25,int,f,142,0,11,30,24,32
2025,5,26,int,f,156,0,13,27,24,23
2025,5,27,int,f,181,0,10,22,23,26
2025,5,28,int,f,206,0,16,24,25,30
2025,5,29,int,f,210,0,19,22,30,29
2025,5,30,int,f,208,0,17,20,25,17
2025,5,31,int,f,225,0,15,14,25,27
2025,5,32,int,f,268,0,20,14,28,27
2025,5,33,int,f,240,0,11,8,32,21
2025,5,34,int,f,257,0,16,17,32,23
2025,5,35,int,f,266,0,17,13,18,16
2025,5,36,int,f,298,0,11,14,22,18
2025,5,37,int,f,312,0,16,18,26,18
2025,5,38,int,f,338,0,17,14,20,20
2025,5,39,int,f,335,0,9,11,21,21
2025,5,40,int,f,303,0,7,10,20,9
2025,5,41,int,f,303,0,9,14,11,6
2025,5,42,int,f,327,0,7,13,11,12
2025,5,43,int,f,312,0,12,10,14,17
2025,5,44,int,f,319,0,7,9,18,13
2025,5,45,int,f,294,0,4,18,14,14
2025,5,46,int,f,292,0,10,6,11,12
2025,5,47,int,f,284,0,8,8,18,15
2025,5,48,int,f,255,0,5,16,14,14
2025,5,49,int,f,234,0,3,8,9,7
2025,5,50,int,f,236,0,4,7,12,5
2025,5,51,int,f,246,0,3,7,10,14
2025,5,52,int,f,207,0,6,5,15,11
2025,5,53,int,f,235,0,3,4,8,10
2025,5,54,int,f,243,0,10,6,9,8
2025,5,55,int,f,207,0,2,9,13,7
2025,5,56,int,f,185,0,4,4,13,8
2025,5,57,int,f,193,0,0,7,9,9
2025,5,58,int,f,176,0,2,9,12,7
2025,5,59,int,f,201,0,1,3,5,8
2025,5,60,int,f,148,0,5,3,14,7
2025,5,61,int,f,167,0,1,3,5,6
2025,5,62,int,f,137,0,1,2,9,7
2025,5,63,int,f,129,0,3,4,3,4
2025,5,64,int,f,113,0,1,2,5,3
2025,5,65,int,f,104,0,3,0,3,4
2025,5,66,int,f,80,0,1,2,3,4
2025,5,67,int,f,76,0,2,2,3,5
2025,5,68,int,f,67,0,0,1,2,2
2025,5,69,int,f,63,0,0,1,1,1
2025,5,70,int,f,56,0,2,2,0,1
2025,5,71,int,f,51,0,0,4,2,2
2025,5,72,int,f,42,0,1,1,2,1
2025,5,73,int,f,38,0,0,1,3,1
2025,5,74,int,f,27,0,0,0,0,0
2025,5,75,int,f,38,0,1,0,2,3
2025,5,76,int,f,33,0,2,0,1,3
2025,5,77,int,f,37,0,0,0,1,1
2025,5,78,int,f,30,0,0,1,0,1
2025,5,79,int,f,33,0,0,0,1,1
2025,5,80,int,f,31,0,0,0,0,0
2025,5,81,int,f,29,0,0,0,1,0
2025,5,82,int,f,16,0,0,0,0,0
2025,5,83,int,f,21,0,0,0,0,0
2025,5,84,int,f,22,0,0,0,1,0
2025,5,85,int,f,25,0,0,0,2,0
2025,5,86,int,f,26,0,0,1,0,1
2025,5,87,int,f,19,0,0,0,1,0
2025,5,88,int,f,12,0,0,0,0,0
2025,5,89,int,f,14,0,0,1,0,0
2025,5,90,int,f,10,0,0,1,0,0
2025,5,91,int,f,1,0,0,0,0,0
2025,5,92,int,f,4,0,0,0,0,0
2025,5,93,int,f,3,0,0,0,0,0
2025,5,94,int,f,1,0,0,0,1,0
2025,5,95,int,f,3,0,0,0,0,0
2025,5,96,int,f,0,0,0,0,0,0
2025,5,97,int,f,1,0,0,0,0,0
2025,5,98,int,f,1,0,0,0,0,0
2025,5,99,int,f,0,0,0,0,0,0
2025,5,100,int,f,0,0,0,0,0,0
